{
    "parent": "time:a/b_rank",
    "display": {
        "title": {
            "text": "A rank",
            "color": "red",
            "bold": true
        },
        "description": {
            "text": "Executing flawless moves, making the parkour seem like a dance!",
            "color": "white",
            "bold": false
        },
        "icon": {
            "id": "minecraft:diamond"
        },
        "frame": "goal",
        "show_toast": true,
        "announce_to_chat": false,
        "hidden": true
    },
    "criteria": {
        "main": {
            "trigger": "minecraft:impossible"
        }
    }
}