{
    "parent": "main:easter_eggs/hidden_treasure",
    "display": {
        "title": {
            "text": "Larry",
            "color": "light_purple",
            "bold": true
        },
        "description": {
            "text": "Find Larry",
            "color": "white",
            "bold": false
        },
        "icon": {
            "item": "minecraft:player_head",
            "nbt":"{SkullOwner:{Id:[I;-1767051932,1535462297,-1205513267,2057279270],Properties:{textures:[{Value:\"eyJ0ZXh0dXJlcyI6eyJTS0lOIjp7InVybCI6Imh0dHA6Ly90ZXh0dXJlcy5taW5lY3JhZnQubmV0L3RleHR1cmUvMzg5NTdkNTAyM2M5MzdjNGM0MWFhMjQxMmQ0MzQxMGJkYTIzY2Y3OWE5ZjZhYjM2Yjc2ZmVmMmQ3YzQyOSJ9fX0=\"}]}}}"
        },
        "frame": "challenge",
        "show_toast": true,
        "announce_to_chat": false,
        "hidden": true
    },
    "criteria": {
        "0": {
            "trigger": "minecraft:impossible"
        }
    }
}