{
    "parent": "main:easter_eggs/shortcut",
    "display": {
        "title": {
            "text": "Miniature End Ship",
            "color": "light_purple",
            "bold": true
        },
        "description": {
            "text": "Ready to conquer the End!",
            "color": "white",
            "bold": false
        },
        "icon": {
            "id": "minecraft:dragon_head"
       },
        "frame": "challenge",
        "show_toast": true,
        "announce_to_chat": false,
        "hidden": true
    },
    "criteria": {
        "0": {
            "trigger": "minecraft:impossible"
        }
    }
}