{
    "parent": "main:easter_eggs/end_house",
    "display": {
        "title": {
            "text": "Sneak Peek",
            "color": "light_purple",
            "bold": true
        },
        "description": {
            "text": "Get a taste of what's to come",
            "color": "white",
            "bold": false
        },
        "icon": {
            "id": "minecraft:spyglass"
       },
        "frame": "challenge",
        "show_toast": true,
        "announce_to_chat": false,
        "hidden": true
    },
    "criteria": {
        "0": {
            "trigger": "minecraft:impossible"
        }
    }
}