{
    "display": {
      "icon": {
        "id": "minecraft:green_banner",
        "nbt": "{BlockEntityTag:{Patterns:[{Color:15,Pattern:\"cre\"},{Color:13,Pattern:\"gru\"},{Color:15,Pattern:\"cre\"}]}}"
      },
      "title": {
        "text": "Creeper Village",
        "color": "light_purple",
        "bold": true
      },
      "description": {
        "text": "But where did all the creepers go?",
        "color": "white"
      },
      "frame": "goal",
      "show_toast": true,
      "announce_to_chat": false,
      "hidden": true
    },
    "parent": "main:easter_eggs/temple",
    "criteria": {
      "requirement": {
        "trigger": "minecraft:impossible"
      }
    }
  }
  