{
    "display": {
      "icon": {
        "id": "minecraft:blaze_powder"
      },
      "title": {
        "text": "Heart of the Volcano",
        "color": "light_purple",
        "bold": true
      },
      "description": {
        "text": "Find the heart of the Volcano. Literally.",
        "color": "white"
      },
      "frame": "goal",
      "show_toast": true,
      "announce_to_chat": false,
      "hidden": true
    },
    "parent": "main:easter_eggs/lavafall",
    "criteria": {
      "requirement": {
        "trigger": "minecraft:impossible"
      }
    }
  }
  