{
    "display": {
      "icon": {
        "id": "minecraft:netherite_boots"
      },
      "title": {
        "text": "Lava Shortcut",
        "color": "light_purple",
        "bold": true
      },
      "description": {
        "text": "Discover the secret lava path",
        "color": "white"
      },
      "frame": "goal",
      "show_toast": true,
      "announce_to_chat": false,
      "hidden": true
    },
    "parent": "main:easter_eggs/creeper_village",
    "criteria": {
      "requirement": {
        "trigger": "minecraft:impossible"
      }
    }
  }
  