{
    "display": {
      "icon": {
        "id": "minecraft:gold_block"
      },
      "title": {
        "text": "Lavafall Treasure",
        "color": "light_purple",
        "bold": true
      },
      "description": {
        "text": "Discover the hidden treasure behind the lavafall",
        "color": "white"
      },
      "frame": "goal",
      "show_toast": true,
      "announce_to_chat": false,
      "hidden": true
    },
    "parent": "main:easter_eggs/root",
    "criteria": {
      "requirement": {
        "trigger": "minecraft:impossible"
      }
    }
  }
  