{
    "display": {
      "icon": {
        "id": "minecraft:book"
      },
      "title": {
        "text": "Lava Library",
        "color": "light_purple",
        "bold": true
      },
      "description": {
        "text": "Unlock the path to the Lava Library by solving the note block riddle",
        "color": "white"
      },
      "frame": "goal",
      "show_toast": true,
      "announce_to_chat": false,
      "hidden": true
    },
    "parent": "main:easter_eggs/volcano_house",
    "criteria": {
      "requirement": {
        "trigger": "minecraft:impossible"
      }
    }
  }
  