{
    "display": {
      "icon": {
        "id": "minecraft:elytra"  
      },
      "title": {
        "text": "Flying First Class",
        "color": "light_purple",
        "bold": true
      },
      "description": {
        "text": "Fly a Phantom out of the volcano",
        "color": "white"
      },
      "frame": "goal",
      "show_toast": true,
      "announce_to_chat": false,
      "hidden": true
    },
    "parent": "main:easter_eggs/lava_library",
    "criteria": {
      "requirement": {
        "trigger": "minecraft:impossible"
      }
    }
  }
  