{
    "display": {
      "icon": {
        "id": "minecraft:scaffolding"
      },
      "title": {
        "text": "Scaffold Supply",
        "color": "light_purple",
        "bold": true
      },
      "description": {
        "text": "Find the volcano's scaffold supply. I wonder where you can use this...",
        "color": "white"
      },
      "frame": "goal",
      "show_toast": true,
      "announce_to_chat": false,
      "hidden": true
    },
    "parent": "main:easter_eggs/larry",
    "criteria": {
      "requirement": {
        "trigger": "minecraft:impossible"
      }
    }
  }
  