{
    "display": {
      "icon": {
        "id": "minecraft:creeper_head"    
      },
      "title": {
        "text": "Temple of Creep",
        "color": "light_purple",
        "bold": true
      },
      "description": {
        "text": "Find the Temple of Creep. How will you be judged?",
        "color": "white"
      },
      "frame": "goal",
      "show_toast": true,
      "announce_to_chat": false,
      "hidden": true
    },
    "parent": "main:easter_eggs/root",
    "criteria": {
      "requirement": {
        "trigger": "minecraft:impossible"
      }
    }
  }
  