{"stats":{"minecraft:picked_up":{"minecraft:sandstone_slab":1,"minecraft:birch_planks":1,"minecraft:fire_coral_block":1},"minecraft:used":{"minecraft:oak_fence":3,"minecraft:moss_block":2,"minecraft:water_bucket":28,"minecraft:iron_bars":10,"minecraft:cobblestone_stairs":4,"minecraft:torchflower":3,"minecraft:acacia_log":66,"minecraft:stripped_acacia_log":3,"minecraft:snow_block":463,"minecraft:birch_planks":108,"minecraft:carved_pumpkin":4,"minecraft:spruce_slab":2,"minecraft:dark_oak_sign":1,"minecraft:jungle_fence":8,"minecraft:oak_planks":97,"minecraft:oak_sign":4,"minecraft:mycelium":1,"minecraft:white_concrete_powder":10,"minecraft:decorated_pot":4,"minecraft:spruce_planks":20,"minecraft:sandstone":6,"minecraft:stone":16,"minecraft:structure_void":26,"minecraft:spruce_sign":6,"minecraft:white_dye":2,"minecraft:stripped_birch_wood":2,"minecraft:glow_ink_sac":2,"minecraft:polished_blackstone_bricks":1,"minecraft:debug_stick":58,"minecraft:spruce_leaves":39,"minecraft:bee_spawn_egg":1,"minecraft:anvil":4,"minecraft:sand":3,"minecraft:dirt":2,"minecraft:lime_terracotta":2,"minecraft:lily_of_the_valley":2,"minecraft:yellow_terracotta":35,"minecraft:crafting_table":3,"minecraft:spruce_stairs":1,"minecraft:yellow_stained_glass_pane":19,"minecraft:yellow_concrete":35,"minecraft:sponge":16,"minecraft:bee_nest":18,"minecraft:ochre_froglight":3,"minecraft:glow_lichen":32,"minecraft:spruce_fence":5,"minecraft:spruce_log":3,"minecraft:birch_fence":32,"minecraft:shroomlight":2,"minecraft:oak_log":65,"minecraft:glass":3,"minecraft:sea_lantern":2,"minecraft:honey_block":165,"minecraft:flower_pot":5,"minecraft:light":1,"minecraft:acacia_stairs":4,"minecraft:cornflower":3,"minecraft:lava_bucket":516,"minecraft:birch_fence_gate":2,"minecraft:villager_spawn_egg":1,"minecraft:birch_slab":12,"minecraft:lantern":5,"minecraft:slime_block":16,"minecraft:acacia_slab":1,"minecraft:verdant_froglight":9,"minecraft:polished_blackstone_brick_wall":1,"minecraft:cherry_sign":2,"minecraft:prismarine_wall":14,"minecraft:fire_coral_block":1,"minecraft:brown_stained_glass_pane":2,"minecraft:honeycomb_block":104,"minecraft:snow":86,"minecraft:potion":1,"minecraft:hay_block":235,"minecraft:furnace":3,"minecraft:white_banner":12,"minecraft:dark_oak_fence":4,"minecraft:podzol":1,"minecraft:sandstone_slab":3,"minecraft:acacia_fence":32,"minecraft:chain":1,"minecraft:glass_pane":7,"minecraft:pearlescent_froglight":7,"minecraft:acacia_planks":57,"minecraft:cobbled_deepslate":2,"minecraft:oak_hanging_sign":1,"minecraft:powder_snow_bucket":6,"minecraft:pumpkin":7,"minecraft:pointed_dripstone":12},"minecraft:dropped":{"minecraft:birch_planks":1,"minecraft:sandstone_slab":1,"minecraft:fire_coral_block":1},"minecraft:custom":{"minecraft:interact_with_anvil":2,"minecraft:open_shulker_box":1,"minecraft:pot_flower":2,"minecraft:leave_game":18,"minecraft:time_since_death":311051,"minecraft:sleep_in_bed":2,"minecraft:climb_one_cm":1379,"minecraft:time_since_rest":86475,"minecraft:sprint_one_cm":558635,"minecraft:walk_one_cm":306120,"minecraft:drop":3,"minecraft:damage_dealt":40,"minecraft:swim_one_cm":4009,"minecraft:fly_one_cm":2761258,"minecraft:open_chest":1,"minecraft:crouch_one_cm":757,"minecraft:play_time":311051,"minecraft:sneak_time":1483,"minecraft:walk_under_water_one_cm":8142,"minecraft:interact_with_lectern":5,"minecraft:jump":3544,"minecraft:walk_on_water_one_cm":7749,"minecraft:total_world_time":311051,"minecraft:fall_one_cm":209}},"DataVersion":3465}