{"stats":{"minecraft:picked_up":{"minecraft:book":8,"minecraft:sugar":1},"minecraft:used":{"minecraft:calcite":2,"minecraft:moss_block":9,"minecraft:oak_fence":2,"minecraft:mud":7,"minecraft:nether_brick_fence":14,"minecraft:lava_bucket":18,"minecraft:amethyst_block":24,"minecraft:dirt_path":10,"minecraft:coal_ore":9,"minecraft:bookshelf":12,"minecraft:birch_slab":24,"minecraft:warped_hyphae":85,"minecraft:redstone_ore":14,"minecraft:spruce_slab":2,"minecraft:warped_slab":48,"minecraft:mangrove_planks":2,"minecraft:slime_block":38,"minecraft:acacia_slab":2,"minecraft:red_nether_bricks":109,"minecraft:oak_sign":1,"minecraft:warped_nylium":1,"minecraft:white_concrete_powder":2,"minecraft:dark_oak_slab":7,"minecraft:stone":53,"minecraft:structure_void":36,"minecraft:cherry_leaves":40,"minecraft:smooth_quartz":32,"minecraft:spruce_sign":1,"minecraft:red_nether_brick_stairs":14,"minecraft:crimson_nylium":308,"minecraft:netherrack":332,"minecraft:orange_stained_glass":250,"minecraft:soul_campfire":1,"minecraft:warped_wart_block":65,"minecraft:nether_wart_block":203,"minecraft:redstone_lamp":4,"minecraft:dirt":1,"minecraft:red_nether_brick_slab":21,"minecraft:hay_block":11,"minecraft:oak_slab":2,"minecraft:nether_bricks":212,"minecraft:mangrove_slab":4,"minecraft:podzol":5,"minecraft:white_stained_glass":45,"minecraft:crimson_hyphae":31,"minecraft:acacia_wood":1,"minecraft:brush":7,"minecraft:tuff":1,"minecraft:ochre_froglight":4,"minecraft:pearlescent_froglight":58,"minecraft:warped_pressure_plate":1,"minecraft:nether_brick_stairs":44,"minecraft:bone_meal":19,"minecraft:sculk_vein":14,"minecraft:warped_planks":49,"minecraft:smooth_stone":6,"minecraft:mushroom_stem":2,"minecraft:stripped_spruce_wood":4,"minecraft:birch_fence":7},"minecraft:killed_by":{"minecraft:player":15},"minecraft:custom":{"minecraft:time_since_rest":615607,"minecraft:sprint_one_cm":2655279,"minecraft:damage_taken":7070,"minecraft:walk_one_cm":422572,"minecraft:swim_one_cm":83796,"minecraft:fly_one_cm":8538502,"minecraft:crouch_one_cm":44428,"minecraft:play_time":888407,"minecraft:deaths":19,"minecraft:sneak_time":24416,"minecraft:walk_under_water_one_cm":71054,"minecraft:interact_with_lectern":1,"minecraft:jump":16729,"minecraft:leave_game":53,"minecraft:time_since_death":615605,"minecraft:walk_on_water_one_cm":40339,"minecraft:total_world_time":888407,"minecraft:climb_one_cm":10302,"minecraft:damage_resisted":309297,"minecraft:fall_one_cm":65416}},"DataVersion":3465}