{"stats":{"minecraft:picked_up":{"minecraft:gilded_blackstone":2,"minecraft:elytra":1,"minecraft:cobbled_deepslate":1,"minecraft:stone":1,"minecraft:acacia_fence":1,"minecraft:oak_fence":1,"minecraft:acacia_wood":1,"minecraft:dirt":1,"minecraft:book":27,"minecraft:soul_lantern":1,"minecraft:warped_nylium":1,"minecraft:dark_oak_fence":1},"minecraft:used":{"minecraft:azalea":4,"minecraft:moss_block":232,"minecraft:oak_fence":119,"minecraft:stripped_acacia_wood":44,"minecraft:nether_brick_fence":6,"minecraft:orange_concrete_powder":20,"minecraft:moss_carpet":9,"minecraft:jack_o_lantern":14,"minecraft:enchanting_table":1,"minecraft:red_sand":69,"minecraft:chiseled_deepslate":70,"minecraft:polished_deepslate":11,"minecraft:dead_bush":18,"minecraft:flint_and_steel":5,"minecraft:smooth_quartz_slab":9,"minecraft:carved_pumpkin":23,"minecraft:redstone_ore":5,"minecraft:red_concrete":168,"minecraft:spruce_slab":101,"minecraft:elytra":3,"minecraft:bamboo_sign":1,"minecraft:oak_sign":9,"minecraft:light_blue_terracotta":8,"minecraft:mycelium":3,"minecraft:polished_basalt":13,"minecraft:white_concrete_powder":29,"minecraft:spruce_planks":81,"minecraft:white_terracotta":19,"minecraft:stone":2604,"minecraft:nether_wart":15,"minecraft:grass":11,"minecraft:polished_blackstone_wall":31,"minecraft:player_head":230,"minecraft:smooth_sandstone_stairs":17,"minecraft:farmland":2,"minecraft:green_terracotta":5,"minecraft:netherrack":13,"minecraft:debug_stick":42,"minecraft:oak_door":11,"minecraft:spruce_leaves":104,"minecraft:orange_stained_glass":20,"minecraft:torch":4,"minecraft:dirt":164,"minecraft:soul_sand":20,"minecraft:warped_wart_block":3,"minecraft:anvil":1,"minecraft:brick_slab":73,"minecraft:spruce_stairs":112,"minecraft:nether_bricks":1,"minecraft:cobblestone_wall":109,"minecraft:nether_brick_slab":228,"minecraft:deepslate_tile_slab":38,"minecraft:oak_wood":3,"minecraft:raw_iron_block":40,"minecraft:golden_shovel":28,"minecraft:acacia_button":1,"minecraft:tuff":796,"minecraft:spruce_fence":28,"minecraft:nether_brick_stairs":19,"minecraft:stripped_spruce_log":36,"minecraft:obsidian":28,"minecraft:fern":8,"minecraft:orange_candle":6,"minecraft:big_dripleaf":58,"minecraft:shroomlight":48,"minecraft:polished_blackstone_slab":20,"minecraft:mossy_cobblestone_stairs":17,"minecraft:iron_hoe":16,"minecraft:brown_terracotta":1,"minecraft:dark_oak_planks":185,"minecraft:packed_ice":13,"minecraft:sea_lantern":5,"minecraft:lava_bucket":189,"minecraft:stripped_dark_oak_wood":5,"minecraft:bricks":73,"minecraft:coal_ore":93,"minecraft:bookshelf":57,"minecraft:grass_block":49,"minecraft:mangrove_stairs":2,"minecraft:red_wool":29,"minecraft:light_weighted_pressure_plate":2,"minecraft:spruce_wood":32,"minecraft:lantern":43,"minecraft:muddy_mangrove_roots":7,"minecraft:oak_stairs":75,"minecraft:brick_stairs":34,"minecraft:slime_block":117,"minecraft:acacia_slab":55,"minecraft:packed_mud":32,"minecraft:birch_hanging_sign":164,"minecraft:warped_nylium":2,"minecraft:red_candle":8,"minecraft:dark_oak_slab":204,"minecraft:light_blue_bed":1,"minecraft:mossy_cobblestone_slab":15,"minecraft:gray_concrete_powder":56,"minecraft:smooth_quartz":16,"minecraft:crimson_planks":11,"minecraft:stone_bricks":1,"minecraft:smooth_basalt":10,"minecraft:bamboo":29,"minecraft:yellow_concrete_powder":6,"minecraft:spruce_hanging_sign":2,"minecraft:stripped_mangrove_log":46,"minecraft:basalt":18,"minecraft:red_stained_glass_pane":6,"minecraft:reinforced_deepslate":9,"minecraft:glowstone":14,"minecraft:warped_stairs":1,"minecraft:redstone_lamp":20,"minecraft:magma_block":25,"minecraft:snow":14,"minecraft:beef":5,"minecraft:soul_soil":24,"minecraft:hay_block":40,"minecraft:sweet_berries":6,"minecraft:jungle_button":1,"minecraft:furnace":5,"minecraft:deepslate_tile_stairs":8,"minecraft:mangrove_slab":77,"minecraft:podzol":261,"minecraft:gray_bed":2,"minecraft:beetroot_seeds":18,"minecraft:acacia_fence":103,"minecraft:acacia_wood":635,"minecraft:gold_block":4,"minecraft:skeleton_skull":5,"minecraft:pearlescent_froglight":8,"minecraft:cobbled_deepslate":116,"minecraft:acacia_planks":2,"minecraft:seagrass":11,"minecraft:orange_terracotta":165,"minecraft:orange_stained_glass_pane":26,"minecraft:pumpkin":105,"minecraft:light_gray_bed":4,"minecraft:bamboo_planks":6,"minecraft:stripped_spruce_wood":11,"minecraft:pointed_dripstone":146,"minecraft:mangrove_leaves":36,"minecraft:deepslate_brick_wall":14,"minecraft:calcite":76,"minecraft:wheat_seeds":4,"minecraft:quartz_bricks":103,"minecraft:dark_oak_stairs":9,"minecraft:chiseled_bookshelf":14,"minecraft:water_bucket":195,"minecraft:diorite":1,"minecraft:nether_brick_wall":27,"minecraft:amethyst_block":32,"minecraft:iron_ore":105,"minecraft:cobblestone_stairs":37,"minecraft:dirt_path":27,"minecraft:brick_wall":2,"minecraft:spruce_door":2,"minecraft:snow_block":24,"minecraft:stripped_acacia_log":12,"minecraft:birch_planks":139,"minecraft:stripped_birch_log":104,"minecraft:red_stained_glass":2,"minecraft:acacia_trapdoor":11,"minecraft:powered_rail":2,"minecraft:polished_andesite":165,"minecraft:oak_planks":291,"minecraft:blackstone":171,"minecraft:cactus":3,"minecraft:lime_concrete_powder":6,"minecraft:spruce_sign":18,"minecraft:sandstone":243,"minecraft:cherry_planks":3,"minecraft:redstone_block":16,"minecraft:cut_sandstone":71,"minecraft:black_glazed_terracotta":12,"minecraft:blue_concrete_powder":5,"minecraft:structure_void":29,"minecraft:cauldron":3,"minecraft:glow_ink_sac":14,"minecraft:clay":226,"minecraft:sugar_cane":2,"minecraft:cobblestone_slab":47,"minecraft:gold_ore":25,"minecraft:deepslate_bricks":4,"minecraft:large_amethyst_bud":5,"minecraft:oak_leaves":1,"minecraft:polished_blackstone_bricks":5,"minecraft:gilded_blackstone":273,"minecraft:glow_item_frame":17,"minecraft:jungle_wood":14,"minecraft:polished_deepslate_slab":1,"minecraft:glow_berries":42,"minecraft:mossy_cobblestone":16,"minecraft:diamond_block":45,"minecraft:sand":131,"minecraft:lime_terracotta":18,"minecraft:vine":149,"minecraft:rail":4,"minecraft:terracotta":11,"minecraft:yellow_terracotta":14,"minecraft:oak_slab":110,"minecraft:crafting_table":43,"minecraft:red_bed":2,"minecraft:blast_furnace":5,"minecraft:birch_sign":59,"minecraft:smooth_red_sandstone":7,"minecraft:bamboo_block":13,"minecraft:acacia_leaves":20,"minecraft:campfire":3,"minecraft:note_block":40,"minecraft:ochre_froglight":70,"minecraft:dripstone_block":1028,"minecraft:painting":16,"minecraft:cobbled_deepslate_stairs":10,"minecraft:spruce_log":123,"minecraft:warped_planks":91,"minecraft:red_sandstone_wall":98,"minecraft:book":52,"minecraft:purple_concrete_powder":1,"minecraft:deepslate_tile_wall":9,"minecraft:birch_fence":101,"minecraft:deepslate_tiles":58,"minecraft:sticky_piston":22,"minecraft:mud":259,"minecraft:red_sandstone":33,"minecraft:light":1,"minecraft:acacia_stairs":13,"minecraft:black_concrete":47,"minecraft:crying_obsidian":8,"minecraft:cherry_hanging_sign":1,"minecraft:firework_rocket":102,"minecraft:daylight_detector":2,"minecraft:diamond_shovel":7,"minecraft:chiseled_sandstone":46,"minecraft:acacia_sign":29,"minecraft:stripped_jungle_log":25,"minecraft:command_block":7,"minecraft:birch_slab":120,"minecraft:heavy_weighted_pressure_plate":2,"minecraft:barrier":41,"minecraft:oak_button":2,"minecraft:verdant_froglight":3,"minecraft:spruce_pressure_plate":3,"minecraft:jungle_stairs":9,"minecraft:stone_slab":34,"minecraft:spruce_trapdoor":17,"minecraft:magenta_concrete_powder":15,"minecraft:cherry_sign":3,"minecraft:oak_pressure_plate":3,"minecraft:diamond_ore":91,"minecraft:iron_door":14,"minecraft:deepslate":36,"minecraft:cut_red_sandstone":38,"minecraft:gravel":24,"minecraft:polished_andesite_slab":53,"minecraft:soul_lantern":15,"minecraft:acacia_fence_gate":1,"minecraft:blackstone_slab":56,"minecraft:stripped_warped_hyphae":27,"minecraft:green_carpet":1,"minecraft:enchanted_book":22,"minecraft:fire_coral_block":12,"minecraft:coal_block":61,"minecraft:light_blue_concrete_powder":6,"minecraft:cobblestone":318,"minecraft:orange_banner":4,"minecraft:red_concrete_powder":26,"minecraft:stripped_oak_wood":75,"minecraft:dark_oak_fence":121,"minecraft:smithing_table":4,"minecraft:jungle_door":1,"minecraft:green_concrete_powder":10,"minecraft:sandstone_slab":18,"minecraft:chain":8,"minecraft:glass_pane":11,"minecraft:repeating_command_block":6,"minecraft:mossy_cobblestone_wall":15,"minecraft:sea_pickle":7,"minecraft:stripped_oak_log":34,"minecraft:coarse_dirt":33,"minecraft:bone_meal":66,"minecraft:birch_stairs":46,"minecraft:cobweb":17},"minecraft:dropped":{"minecraft:oak_slab":1,"minecraft:acacia_wood":1,"minecraft:oak_fence":1,"minecraft:book":2,"minecraft:grass_block":1,"minecraft:dirt":1,"minecraft:dark_oak_fence":1,"minecraft:gilded_blackstone":2,"minecraft:warped_nylium":2,"minecraft:cobbled_deepslate":1,"minecraft:soul_lantern":1,"minecraft:acacia_fence":1},"minecraft:custom":{"minecraft:interact_with_smithing_table":1,"minecraft:interact_with_anvil":1,"minecraft:interact_with_crafting_table":8,"minecraft:fill_cauldron":3,"minecraft:open_shulker_box":28,"minecraft:leave_game":244,"minecraft:time_since_death":20440,"minecraft:climb_one_cm":39924,"minecraft:sprint_one_cm":5674570,"minecraft:walk_one_cm":1088575,"minecraft:drop":15,"minecraft:play_time":2909039,"minecraft:deaths":131,"minecraft:sneak_time":87166,"minecraft:walk_under_water_one_cm":177236,"minecraft:boat_one_cm":8100,"minecraft:interact_with_lectern":8,"minecraft:jump":44662,"minecraft:walk_on_water_one_cm":139744,"minecraft:total_world_time":2909039,"minecraft:tune_noteblock":4,"minecraft:sleep_in_bed":1,"minecraft:time_since_rest":20442,"minecraft:damage_taken":53265,"minecraft:damage_dealt":666,"minecraft:swim_one_cm":219608,"minecraft:fly_one_cm":29003973,"minecraft:crouch_one_cm":69768,"minecraft:aviate_one_cm":1904113,"minecraft:fall_one_cm":1153474,"minecraft:inspect_dispenser":1}},"DataVersion":3465}