{"stats":{"minecraft:picked_up":{"minecraft:light_gray_shulker_box":5,"minecraft:purple_shulker_box":5,"minecraft:brewing_stand":5,"minecraft:pink_shulker_box":5,"minecraft:black_shulker_box":5,"minecraft:oak_boat":5,"minecraft:blue_shulker_box":5,"minecraft:chest":5,"minecraft:furnace":4,"minecraft:lime_shulker_box":4,"minecraft:orange_shulker_box":5,"minecraft:magenta_shulker_box":5,"minecraft:cyan_shulker_box":5,"minecraft:gray_shulker_box":5,"minecraft:red_shulker_box":5,"minecraft:brown_shulker_box":5,"minecraft:white_shulker_box":5,"minecraft:suspicious_sand":1,"minecraft:yellow_shulker_box":5,"minecraft:smoker":5,"minecraft:green_shulker_box":4,"minecraft:book":13,"minecraft:brush":1,"minecraft:dropper":5,"minecraft:light_blue_shulker_box":5,"minecraft:blast_furnace":3,"minecraft:trapped_chest":5,"minecraft:barrel":5,"minecraft:shulker_box":5,"minecraft:dispenser":5,"minecraft:sugar":58},"minecraft:used":{"minecraft:oak_trapdoor":3,"minecraft:oak_fence":5,"minecraft:moss_block":21,"minecraft:writable_book":6,"minecraft:moss_carpet":1,"minecraft:orange_concrete_powder":8,"minecraft:jack_o_lantern":27,"minecraft:netherite_sword":2,"minecraft:polished_blackstone_brick_slab":8,"minecraft:red_sand":36,"minecraft:enchanting_table":1,"minecraft:chiseled_deepslate":6,"minecraft:polished_deepslate":36,"minecraft:dead_bush":8,"minecraft:flint_and_steel":30,"minecraft:carved_pumpkin":1,"minecraft:dispenser":5,"minecraft:spruce_slab":4,"minecraft:bamboo_sign":1,"minecraft:suspicious_sand":49,"minecraft:oak_sign":26,"minecraft:white_concrete_powder":2,"minecraft:chest":8,"minecraft:spruce_planks":5,"minecraft:tinted_glass":67,"minecraft:stone":1313,"minecraft:warped_sign":1,"minecraft:stripped_birch_wood":2,"minecraft:grass":5,"minecraft:mangrove_hanging_sign":1,"minecraft:netherrack":1,"minecraft:green_terracotta":46,"minecraft:sculk_sensor":7,"minecraft:debug_stick":375,"minecraft:oak_door":2,"minecraft:spruce_leaves":384,"minecraft:orange_bed":9,"minecraft:torch":5,"minecraft:dirt":162,"minecraft:soul_sand":5,"minecraft:hopper":4,"minecraft:brick_slab":6,"minecraft:spruce_stairs":20,"minecraft:stone_stairs":48,"minecraft:oak_wood":84,"minecraft:acacia_button":1,"minecraft:tuff":23,"minecraft:spruce_fence":17,"minecraft:oak_fence_gate":2,"minecraft:stripped_spruce_log":15,"minecraft:polished_deepslate_stairs":13,"minecraft:fern":3,"minecraft:big_dripleaf":10,"minecraft:shroomlight":1,"minecraft:dark_oak_planks":6,"minecraft:stone_brick_slab":1,"minecraft:packed_ice":7,"minecraft:sea_lantern":8,"minecraft:honeycomb":22,"minecraft:lava_bucket":68,"minecraft:coal_ore":8,"minecraft:bookshelf":42,"minecraft:grass_block":205,"minecraft:mangrove_stairs":19,"minecraft:jungle_fence_gate":1,"minecraft:black_stained_glass_pane":1,"minecraft:spruce_wood":147,"minecraft:lantern":6,"minecraft:light_weighted_pressure_plate":2,"minecraft:cherry_slab":10,"minecraft:brick_stairs":15,"minecraft:slime_block":6,"minecraft:bamboo_hanging_sign":4,"minecraft:acacia_slab":1,"minecraft:polished_deepslate_wall":4,"minecraft:polished_blackstone_brick_wall":36,"minecraft:cherry_trapdoor":5,"minecraft:polished_blackstone_brick_stairs":16,"minecraft:dark_oak_slab":18,"minecraft:cherry_leaves":61,"minecraft:stone_brick_stairs":2,"minecraft:barrel":27,"minecraft:stone_bricks":17,"minecraft:item_frame":5,"minecraft:bamboo":9,"minecraft:redstone_lamp":2,"minecraft:snow":16,"minecraft:sweet_berries":7,"minecraft:written_book":1,"minecraft:soul_soil":5,"minecraft:furnace":3,"minecraft:deepslate_tile_stairs":64,"minecraft:mangrove_slab":1,"minecraft:podzol":153,"minecraft:acacia_fence":6,"minecraft:gold_block":394,"minecraft:dragon_head":1,"minecraft:orange_terracotta":599,"minecraft:stone_pressure_plate":1,"minecraft:pink_concrete_powder":1,"minecraft:pearlescent_froglight":4,"minecraft:cobbled_deepslate":17,"minecraft:cherry_log":3,"minecraft:powder_snow_bucket":2,"minecraft:pumpkin":17,"minecraft:brown_concrete_powder":14,"minecraft:pointed_dripstone":4,"minecraft:crimson_hanging_sign":22,"minecraft:quartz_bricks":5,"minecraft:water_bucket":24,"minecraft:chiseled_bookshelf":24,"minecraft:iron_ore":10,"minecraft:amethyst_block":3,"minecraft:dirt_path":27,"minecraft:dropper":4,"minecraft:snow_block":2,"minecraft:stripped_birch_log":11,"minecraft:prismarine":11,"minecraft:mangrove_planks":15,"minecraft:oak_planks":21,"minecraft:pink_banner":2,"minecraft:blackstone":1,"minecraft:lime_concrete_powder":6,"minecraft:end_stone_brick_slab":2,"minecraft:structure_void":5,"minecraft:spruce_sign":1,"minecraft:glow_ink_sac":3,"minecraft:blue_bed":4,"minecraft:cobblestone_slab":3,"minecraft:spruce_fence_gate":7,"minecraft:deepslate_bricks":52,"minecraft:polished_blackstone_bricks":226,"minecraft:glow_item_frame":113,"minecraft:jungle_wood":3,"minecraft:lime_terracotta":56,"minecraft:rail":32,"minecraft:yellow_terracotta":117,"minecraft:oak_slab":18,"minecraft:crafting_table":1,"minecraft:loom":1,"minecraft:red_bed":7,"minecraft:blast_furnace":3,"minecraft:bamboo_block":4,"minecraft:white_bed":1,"minecraft:note_block":1,"minecraft:ochre_froglight":1,"minecraft:blackstone_wall":5,"minecraft:dripstone_block":34,"minecraft:lime_shulker_box":1,"minecraft:painting":1,"minecraft:cake":1,"minecraft:deepslate_brick_stairs":19,"minecraft:book":21,"minecraft:mushroom_stem":4,"minecraft:purple_concrete_powder":35,"minecraft:deepslate_tile_wall":34,"minecraft:birch_fence":2,"minecraft:deepslate_tiles":201,"minecraft:oak_log":26,"minecraft:sticky_piston":4,"minecraft:mud":72,"minecraft:gray_terracotta":35,"minecraft:green_concrete":3,"minecraft:black_concrete":3,"minecraft:cherry_hanging_sign":5,"minecraft:mangrove_door":2,"minecraft:birch_fence_gate":1,"minecraft:daylight_detector":1,"minecraft:acacia_sign":1,"minecraft:command_block":4,"minecraft:birch_slab":3,"minecraft:oak_button":1,"minecraft:barrier":1,"minecraft:lectern":1,"minecraft:stone_slab":1,"minecraft:spruce_trapdoor":62,"minecraft:oak_pressure_plate":1,"minecraft:bamboo_slab":2,"minecraft:polished_andesite_slab":7,"minecraft:crimson_sign":17,"minecraft:green_carpet":1,"minecraft:green_shulker_box":1,"minecraft:orange_banner":1,"minecraft:white_banner":11,"minecraft:dark_oak_fence":15,"minecraft:red_banner":18,"minecraft:bucket":7,"minecraft:repeating_command_block":5,"minecraft:ice":1,"minecraft:brush":3,"minecraft:stripped_cherry_log":6,"minecraft:purple_carpet":9,"minecraft:coarse_dirt":31,"minecraft:gray_wool":15,"minecraft:dandelion":1,"minecraft:sculk_vein":1,"minecraft:candle":59,"minecraft:purple_wool":63,"minecraft:soul_torch":1},"minecraft:killed":{"minecraft:zombie":1},"minecraft:dropped":{"minecraft:item_frame":1,"minecraft:brush":2,"minecraft:carved_pumpkin":2},"minecraft:custom":{"minecraft:interact_with_anvil":1,"minecraft:mob_kills":1,"minecraft:inspect_hopper":6,"minecraft:interact_with_crafting_table":2,"minecraft:open_barrel":15,"minecraft:open_shulker_box":40,"minecraft:eat_cake_slice":7,"minecraft:leave_game":74,"minecraft:time_since_death":260593,"minecraft:climb_one_cm":15627,"minecraft:sprint_one_cm":2381815,"minecraft:walk_one_cm":683616,"minecraft:drop":5,"minecraft:talked_to_villager":9,"minecraft:play_time":1031283,"minecraft:deaths":9,"minecraft:sneak_time":74647,"minecraft:walk_under_water_one_cm":57040,"minecraft:boat_one_cm":94500,"minecraft:interact_with_lectern":13,"minecraft:jump":17246,"minecraft:interact_with_blast_furnace":15,"minecraft:walk_on_water_one_cm":85318,"minecraft:total_world_time":1031283,"minecraft:interact_with_furnace":10,"minecraft:tune_noteblock":7,"minecraft:interact_with_loom":2,"minecraft:sleep_in_bed":11,"minecraft:time_since_rest":260594,"minecraft:damage_taken":4680,"minecraft:damage_dealt":260,"minecraft:swim_one_cm":89387,"minecraft:fly_one_cm":12964241,"minecraft:open_chest":14,"minecraft:crouch_one_cm":121938,"minecraft:aviate_one_cm":3645,"minecraft:interact_with_smoker":3,"minecraft:fall_one_cm":122629,"minecraft:inspect_dispenser":9}},"DataVersion":3465}