{"stats":{"minecraft:picked_up":{"minecraft:item_frame":1,"minecraft:book":4,"minecraft:debug_stick":1,"minecraft:stone":1,"minecraft:deepslate_brick_wall":1,"minecraft:structure_void":1,"minecraft:music_disc_pigstep":1,"minecraft:sugar":4,"minecraft:grass":1,"minecraft:carved_pumpkin":2},"minecraft:used":{"minecraft:calcite":39,"minecraft:deepslate_brick_wall":17,"minecraft:moss_block":381,"minecraft:oak_fence":46,"minecraft:water_bucket":185,"minecraft:chiseled_bookshelf":29,"minecraft:end_rod":2,"minecraft:diorite":352,"minecraft:writable_book":4,"minecraft:enchanting_table":1,"minecraft:end_stone_bricks":1,"minecraft:amethyst_block":86,"minecraft:tube_coral_block":1,"minecraft:prismarine_brick_slab":5,"minecraft:chiseled_deepslate":92,"minecraft:polished_deepslate":91,"minecraft:snow_block":20,"minecraft:flint_and_steel":53,"minecraft:dispenser":11,"minecraft:carved_pumpkin":2,"minecraft:red_nether_bricks":1,"minecraft:bamboo_sign":1,"minecraft:gray_carpet":7,"minecraft:ladder":6,"minecraft:polished_andesite":638,"minecraft:prismarine":109,"minecraft:lime_wool":27,"minecraft:oak_planks":595,"minecraft:prismarine_stairs":4,"minecraft:oak_sign":5,"minecraft:lime_concrete_powder":92,"minecraft:spruce_planks":35,"minecraft:sandstone":1,"minecraft:stone":1519,"minecraft:cut_sandstone":14,"minecraft:sculk":120,"minecraft:structure_void":18,"minecraft:spruce_sign":1,"minecraft:farmland":58,"minecraft:deepslate_bricks":568,"minecraft:debug_stick":40,"minecraft:polished_blackstone_bricks":49,"minecraft:large_amethyst_bud":4,"minecraft:torch":13,"minecraft:spruce_leaves":98,"minecraft:glow_item_frame":358,"minecraft:glow_berries":81,"minecraft:diamond_block":1754,"minecraft:dirt":4,"minecraft:soul_sand":17,"minecraft:warped_wart_block":49,"minecraft:mangrove_trapdoor":2,"minecraft:yellow_terracotta":4,"minecraft:tnt":40,"minecraft:oak_slab":10,"minecraft:prismarine_bricks":19,"minecraft:prismarine_brick_stairs":5,"minecraft:deepslate_tile_slab":12,"minecraft:deepslate_brick_slab":26,"minecraft:yellow_carpet":1,"minecraft:dripstone_block":80,"minecraft:tuff":164,"minecraft:glow_lichen":4,"minecraft:spruce_fence":9,"minecraft:music_disc_relic":1,"minecraft:warped_planks":17,"minecraft:spruce_log":7,"minecraft:polished_deepslate_stairs":57,"minecraft:deepslate_brick_stairs":6,"minecraft:book":94,"minecraft:milk_bucket":2,"minecraft:small_amethyst_bud":3,"minecraft:deepslate_tiles":181,"minecraft:shroomlight":57,"minecraft:redstone_torch":1,"minecraft:oak_log":16,"minecraft:amethyst_cluster":2,"minecraft:glass":326,"minecraft:dark_prismarine":34,"minecraft:dark_oak_planks":688,"minecraft:lever":6,"minecraft:sea_lantern":10,"minecraft:lava_bucket":1084,"minecraft:warped_trapdoor":4,"minecraft:bookshelf":505,"minecraft:mangrove_door":3,"minecraft:mangrove_stairs":2,"minecraft:warped_hyphae":55,"minecraft:bread":8,"minecraft:verdant_froglight":12,"minecraft:rooted_dirt":44,"minecraft:slime_block":10,"minecraft:warped_fence":4,"minecraft:stone_button":2,"minecraft:map":1,"minecraft:warped_nylium":41,"minecraft:spore_blossom":2,"minecraft:lectern":12,"minecraft:dark_oak_slab":6,"minecraft:cherry_sign":1,"minecraft:deepslate":1525,"minecraft:budding_amethyst":9,"minecraft:flowering_azalea_leaves":16,"minecraft:stone_brick_stairs":3,"minecraft:stone_bricks":55,"minecraft:smooth_basalt":111,"minecraft:item_frame":1,"minecraft:medium_amethyst_bud":4,"minecraft:lime_concrete":92,"minecraft:reinforced_deepslate":52,"minecraft:coal_block":8,"minecraft:redstone_lamp":7,"minecraft:warped_stairs":1,"minecraft:snow":15,"minecraft:azalea_leaves":17,"minecraft:iron_trapdoor":18,"minecraft:mangrove_slab":5,"minecraft:dark_oak_fence":5,"minecraft:red_banner":6,"minecraft:lime_stained_glass":89,"minecraft:white_banner":221,"minecraft:deepslate_tile_stairs":45,"minecraft:podzol":1,"minecraft:white_stained_glass":3,"minecraft:andesite":37,"minecraft:deepslate_coal_ore":1,"minecraft:chain":53,"minecraft:brush":4,"minecraft:kelp":16,"minecraft:cobbled_deepslate":215,"minecraft:gray_wool":100,"minecraft:sculk_vein":262,"minecraft:jukebox":1,"minecraft:splash_potion":697,"minecraft:green_stained_glass":1},"minecraft:dropped":{"minecraft:deepslate_brick_wall":1,"minecraft:lava_bucket":1,"minecraft:polished_deepslate":1},"minecraft:killed_by":{"minecraft:player":2},"minecraft:custom":{"minecraft:play_record":1,"minecraft:interact_with_loom":3,"minecraft:open_shulker_box":150,"minecraft:leave_game":106,"minecraft:time_since_death":18952,"minecraft:climb_one_cm":12999,"minecraft:time_since_rest":18953,"minecraft:sprint_one_cm":2759524,"minecraft:damage_taken":7905,"minecraft:walk_one_cm":850466,"minecraft:drop":3,"minecraft:damage_dealt":217,"minecraft:swim_one_cm":126491,"minecraft:fly_one_cm":19575018,"minecraft:player_kills":3,"minecraft:open_chest":3,"minecraft:crouch_one_cm":88780,"minecraft:play_time":2247024,"minecraft:deaths":5,"minecraft:sneak_time":56096,"minecraft:walk_under_water_one_cm":81993,"minecraft:interact_with_lectern":5,"minecraft:aviate_one_cm":10802,"minecraft:jump":23150,"minecraft:walk_on_water_one_cm":71611,"minecraft:total_world_time":2247024,"minecraft:fall_one_cm":121428,"minecraft:inspect_dispenser":4}},"DataVersion":3465}