{"stats":{"minecraft:picked_up":{"minecraft:dirt":1},"minecraft:used":{"minecraft:oak_log":13,"minecraft:purpur_block":1,"minecraft:water_bucket":11,"minecraft:moss_carpet":3,"minecraft:jack_o_lantern":3,"minecraft:sea_lantern":3,"minecraft:writable_book":5,"minecraft:acacia_log":10,"minecraft:acacia_sign":3,"minecraft:snow_block":102,"minecraft:flint_and_steel":1,"minecraft:lantern":4,"minecraft:grass_block":46,"minecraft:spruce_slab":20,"minecraft:acacia_slab":5,"minecraft:oak_sign":7,"minecraft:stone":13,"minecraft:spruce_sign":22,"minecraft:cobblestone_slab":10,"minecraft:oak_leaves":125,"minecraft:spruce_leaves":71,"minecraft:brewing_stand":1,"minecraft:dirt":17,"minecraft:oak_slab":12,"minecraft:oak_sapling":2,"minecraft:podzol":46,"minecraft:acacia_fence":1,"minecraft:acacia_sapling":1,"minecraft:stripped_oak_log":10,"minecraft:spruce_fence":14,"minecraft:orange_terracotta":1,"minecraft:spruce_log":11,"minecraft:bone_meal":13,"minecraft:stripped_spruce_log":8,"minecraft:stripped_spruce_wood":3},"minecraft:mined":{"minecraft:grass_block":1},"minecraft:dropped":{"minecraft:flint_and_steel":1},"minecraft:custom":{"minecraft:time_since_rest":123766,"minecraft:sprint_one_cm":334809,"minecraft:damage_taken":30,"minecraft:walk_one_cm":55137,"minecraft:drop":1,"minecraft:damage_dealt":15,"minecraft:swim_one_cm":12735,"minecraft:tune_noteblock":17,"minecraft:fly_one_cm":1258885,"minecraft:open_chest":20,"minecraft:crouch_one_cm":5176,"minecraft:play_time":123766,"minecraft:sneak_time":3649,"minecraft:walk_under_water_one_cm":12323,"minecraft:interact_with_lectern":6,"minecraft:jump":2242,"minecraft:interact_with_brewingstand":4,"minecraft:leave_game":3,"minecraft:time_since_death":123766,"minecraft:walk_on_water_one_cm":11104,"minecraft:total_world_time":123766,"minecraft:climb_one_cm":2786}},"DataVersion":3465}