{"stats":{"minecraft:used":{"minecraft:oak_fence":2,"minecraft:iron_ore":2,"minecraft:oak_sign":1,"minecraft:blackstone":1,"minecraft:stone":1,"minecraft:cherry_sign":1},"minecraft:killed_by":{"minecraft:player":9},"minecraft:custom":{"minecraft:time_since_rest":22118,"minecraft:crouch_one_cm":1591,"minecraft:play_time":41755,"minecraft:sprint_one_cm":152218,"minecraft:deaths":20,"minecraft:damage_taken":2170,"minecraft:walk_one_cm":19671,"minecraft:sneak_time":1034,"minecraft:walk_under_water_one_cm":683,"minecraft:jump":980,"minecraft:leave_game":6,"minecraft:walk_on_water_one_cm":585,"minecraft:time_since_death":22117,"minecraft:climb_one_cm":148,"minecraft:total_world_time":41755,"minecraft:swim_one_cm":376,"minecraft:fall_one_cm":7293,"minecraft:fly_one_cm":553313}},"DataVersion":3465}