{"stats":{"minecraft:used":{"minecraft:oak_hanging_sign":2,"minecraft:stripped_oak_wood":7},"minecraft:custom":{"minecraft:jump":2316,"minecraft:time_since_rest":97220,"minecraft:damage_taken":740,"minecraft:walk_one_cm":40728,"minecraft:crouch_one_cm":4386,"minecraft:leave_game":8,"minecraft:sprint_one_cm":338309,"minecraft:play_time":200069,"minecraft:time_since_death":97219,"minecraft:walk_on_water_one_cm":9626,"minecraft:deaths":1,"minecraft:sneak_time":2004,"minecraft:total_world_time":200069,"minecraft:climb_one_cm":569,"minecraft:walk_under_water_one_cm":10380,"minecraft:swim_one_cm":2161,"minecraft:fall_one_cm":8341,"minecraft:fly_one_cm":1214651}},"DataVersion":3465}