{"stats":{"minecraft:picked_up":{"minecraft:brush":2,"minecraft:lava_bucket":1,"minecraft:sea_lantern":1,"minecraft:oak_sign":1,"minecraft:sugar":20,"minecraft:spruce_planks":1},"minecraft:used":{"minecraft:oak_fence":6,"minecraft:dark_prismarine":858,"minecraft:chiseled_bookshelf":2,"minecraft:water_bucket":4,"minecraft:jungle_leaves":7,"minecraft:sea_lantern":1,"minecraft:lava_bucket":35,"minecraft:bookshelf":54,"minecraft:spruce_slab":17,"minecraft:command_block":2,"minecraft:warped_hyphae":795,"minecraft:suspicious_sand":1,"minecraft:verdant_froglight":2,"minecraft:grass_block":9,"minecraft:oak_planks":20,"minecraft:prismarine":1049,"minecraft:slime_block":12,"minecraft:warped_slab":1,"minecraft:quartz_block":29,"minecraft:oak_sign":6,"minecraft:warped_nylium":3,"minecraft:ender_pearl":288,"minecraft:spruce_planks":9,"minecraft:stone":9,"minecraft:redstone_block":3,"minecraft:gray_concrete_powder":1,"minecraft:deepslate":1,"minecraft:item_frame":1,"minecraft:debug_stick":6,"minecraft:glow_item_frame":30,"minecraft:warped_wart_block":10,"minecraft:dirt":6,"minecraft:redstone_lamp":22,"minecraft:dark_prismarine_slab":86,"minecraft:prismarine_bricks":526,"minecraft:podzol":21,"minecraft:sponge":3,"minecraft:wither_rose":6,"minecraft:lingering_potion":55,"minecraft:spruce_fence":18,"minecraft:dark_prismarine_stairs":431,"minecraft:sculk_vein":932,"minecraft:oak_fence_gate":5,"minecraft:stripped_spruce_log":3,"minecraft:splash_potion":1310},"minecraft:dropped":{"minecraft:lava_bucket":1,"minecraft:sea_lantern":1,"minecraft:stone":4,"minecraft:spruce_planks":1,"minecraft:brush":1,"minecraft:suspicious_sand":1,"minecraft:jungle_leaves":1,"minecraft:sugar":10,"minecraft:debug_stick":1,"minecraft:oak_sign":1},"minecraft:custom":{"minecraft:time_since_rest":100048,"minecraft:interact_with_smithing_table":1,"minecraft:sprint_one_cm":974417,"minecraft:damage_taken":5170,"minecraft:walk_one_cm":280753,"minecraft:drop":13,"minecraft:damage_dealt":420,"minecraft:tune_noteblock":1,"minecraft:swim_one_cm":27886,"minecraft:fly_one_cm":8173757,"minecraft:player_kills":7,"minecraft:crouch_one_cm":44501,"minecraft:play_time":743049,"minecraft:open_shulker_box":4,"minecraft:deaths":6,"minecraft:sneak_time":29766,"minecraft:walk_under_water_one_cm":17538,"minecraft:interact_with_lectern":2,"minecraft:jump":8585,"minecraft:interact_with_blast_furnace":1,"minecraft:time_since_death":100047,"minecraft:leave_game":168,"minecraft:walk_on_water_one_cm":28331,"minecraft:total_world_time":743049,"minecraft:climb_one_cm":7468,"minecraft:fall_one_cm":83251,"minecraft:inspect_dispenser":6}},"DataVersion":3465}