{"stats":{"minecraft:used":{"minecraft:crimson_sign":1,"minecraft:dark_prismarine":14,"minecraft:sea_lantern":1,"minecraft:dirt":1,"minecraft:soul_sand":2,"minecraft:dead_bush":7,"minecraft:soul_soil":18,"minecraft:grass_block":18,"minecraft:prismarine_bricks":9,"minecraft:prismarine_brick_stairs":5,"minecraft:prismarine":22,"minecraft:white_stained_glass":3,"minecraft:warped_fence":12,"minecraft:bamboo_hanging_sign":1,"minecraft:warped_nylium":1,"minecraft:coarse_dirt":1,"minecraft:iron_door":2,"minecraft:mud_bricks":3},"minecraft:dropped":{"minecraft:dead_bush":1,"minecraft:bamboo_hanging_sign":1},"minecraft:custom":{"minecraft:time_since_rest":31553,"minecraft:open_shulker_box":5,"minecraft:crouch_one_cm":1609,"minecraft:play_time":35787,"minecraft:sprint_one_cm":75169,"minecraft:deaths":2,"minecraft:damage_taken":510,"minecraft:walk_one_cm":43030,"minecraft:sneak_time":605,"minecraft:walk_under_water_one_cm":5510,"minecraft:drop":2,"minecraft:jump":336,"minecraft:leave_game":3,"minecraft:walk_on_water_one_cm":2909,"minecraft:time_since_death":31550,"minecraft:climb_one_cm":1005,"minecraft:total_world_time":35787,"minecraft:swim_one_cm":8760,"minecraft:fall_one_cm":2882,"minecraft:fly_one_cm":340324}},"DataVersion":3465}