{"stats":{"minecraft:custom":{"minecraft:jump":1179,"minecraft:time_since_rest":39120,"minecraft:damage_taken":130,"minecraft:crouch_one_cm":3501,"minecraft:play_time":39120,"minecraft:leave_game":6,"minecraft:sprint_one_cm":162111,"minecraft:walk_on_water_one_cm":1528,"minecraft:time_since_death":39120,"minecraft:walk_one_cm":25161,"minecraft:sneak_time":1418,"minecraft:climb_one_cm":156,"minecraft:total_world_time":39120,"minecraft:walk_under_water_one_cm":2532,"minecraft:swim_one_cm":11834,"minecraft:fall_one_cm":604,"minecraft:fly_one_cm":664253}},"DataVersion":3465}