{"stats":{"minecraft:picked_up":{"minecraft:coarse_dirt":1,"minecraft:glass_pane":1,"minecraft:oak_sign":1,"minecraft:tube_coral_block":1,"minecraft:white_wool":1,"minecraft:lava_bucket":1,"minecraft:jungle_planks":1,"minecraft:sea_lantern":1,"minecraft:deepslate":1},"minecraft:used":{"minecraft:oak_trapdoor":1,"minecraft:azalea":1,"minecraft:moss_block":193,"minecraft:oak_fence":24,"minecraft:purpur_block":17,"minecraft:orange_concrete_powder":94,"minecraft:moss_carpet":14,"minecraft:light_blue_stained_glass_pane":2,"minecraft:cherry_wood":1,"minecraft:jack_o_lantern":38,"minecraft:iron_bars":1,"minecraft:writable_book":6,"minecraft:red_sand":76,"minecraft:light_gray_dye":1,"minecraft:purple_candle":101,"minecraft:flint_and_steel":41,"minecraft:crimson_fence":21,"minecraft:polished_deepslate":1,"minecraft:orange_concrete":10,"minecraft:dead_bush":15,"minecraft:carved_pumpkin":1,"minecraft:bone_block":6,"minecraft:spruce_slab":15,"minecraft:redstone":53,"minecraft:ladder":10,"minecraft:suspicious_sand":7,"minecraft:bamboo_sign":3,"minecraft:mangrove_fence_gate":2,"minecraft:oak_sign":21,"minecraft:light_blue_terracotta":184,"minecraft:stripped_warped_stem":23,"minecraft:white_concrete_powder":135,"minecraft:spruce_planks":120,"minecraft:chest":9,"minecraft:tinted_glass":10,"minecraft:stone":1959,"minecraft:wooden_shovel":4,"minecraft:stripped_birch_wood":59,"minecraft:mangrove_fence":17,"minecraft:farmland":19,"minecraft:smooth_sandstone_stairs":3,"minecraft:bamboo_door":1,"minecraft:netherrack":7,"minecraft:debug_stick":295,"minecraft:oak_door":2,"minecraft:spruce_leaves":10,"minecraft:soul_campfire":1,"minecraft:torch":3,"minecraft:end_stone_brick_wall":23,"minecraft:dirt":220,"minecraft:soul_sand":85,"minecraft:warped_wart_block":21,"minecraft:ancient_debris":1,"minecraft:white_carpet":1,"minecraft:chorus_flower":7,"minecraft:blue_stained_glass":314,"minecraft:prismarine_bricks":136,"minecraft:spruce_stairs":6,"minecraft:nether_bricks":8,"minecraft:prismarine_brick_stairs":10,"minecraft:cobblestone_wall":2,"minecraft:crimson_hyphae":17,"minecraft:jungle_slab":4,"minecraft:oak_wood":14,"minecraft:acacia_sapling":1,"minecraft:warped_pressure_plate":1,"minecraft:spruce_fence":92,"minecraft:azure_bluet":1,"minecraft:stripped_spruce_log":24,"minecraft:obsidian":19,"minecraft:fern":4,"minecraft:big_dripleaf":2,"minecraft:shroomlight":29,"minecraft:purple_stained_glass_pane":2,"minecraft:glass":27,"minecraft:stone_brick_slab":5,"minecraft:dark_oak_planks":13,"minecraft:packed_ice":263,"minecraft:lava_bucket":26,"minecraft:flowering_azalea":2,"minecraft:sea_lantern":23,"minecraft:cyan_terracotta":230,"minecraft:netherite_shovel":62,"minecraft:bamboo_fence":48,"minecraft:bricks":7,"minecraft:coal_ore":6,"minecraft:bookshelf":22,"minecraft:muddy_mangrove_roots":12,"minecraft:grass_block":296,"minecraft:mangrove_stairs":8,"minecraft:red_wool":419,"minecraft:spruce_wood":10,"minecraft:black_stained_glass_pane":2,"minecraft:lantern":10,"minecraft:light_weighted_pressure_plate":46,"minecraft:oak_stairs":1,"minecraft:warped_fence":24,"minecraft:slime_block":89,"minecraft:acacia_slab":15,"minecraft:bamboo_hanging_sign":4,"minecraft:polished_andesite_stairs":318,"minecraft:jungle_log":40,"minecraft:warped_nylium":6,"minecraft:dark_oak_wood":1,"minecraft:dark_oak_slab":1,"minecraft:polished_blackstone_brick_stairs":1,"minecraft:smooth_quartz":88,"minecraft:stone_bricks":10,"minecraft:bamboo":11,"minecraft:yellow_concrete_powder":70,"minecraft:repeater":32,"minecraft:magma_block":4,"minecraft:purple_concrete":38,"minecraft:glowstone":6,"minecraft:redstone_lamp":19,"minecraft:warped_stairs":77,"minecraft:golden_carrot":26,"minecraft:snow":37,"minecraft:black_stained_glass":210,"minecraft:soul_soil":96,"minecraft:hay_block":34,"minecraft:sweet_berries":1,"minecraft:iron_trapdoor":8,"minecraft:furnace":2,"minecraft:white_stained_glass_pane":6,"minecraft:mangrove_slab":35,"minecraft:podzol":296,"minecraft:acacia_fence":30,"minecraft:acacia_wood":22,"minecraft:horn_coral_block":74,"minecraft:cyan_concrete_powder":132,"minecraft:pink_concrete_powder":13,"minecraft:stone_pressure_plate":2,"minecraft:cooked_beef":11,"minecraft:pearlescent_froglight":47,"minecraft:acacia_planks":111,"minecraft:cherry_fence":8,"minecraft:powder_snow_bucket":11,"minecraft:orange_terracotta":280,"minecraft:pumpkin":144,"minecraft:brown_concrete_powder":30,"minecraft:bamboo_planks":676,"minecraft:stripped_spruce_wood":128,"minecraft:brain_coral_block":126,"minecraft:crimson_stem":41,"minecraft:calcite":1,"minecraft:wheat_seeds":19,"minecraft:bamboo_trapdoor":3,"minecraft:chiseled_bookshelf":3,"minecraft:water_bucket":98,"minecraft:warped_stem":57,"minecraft:bamboo_mosaic":31,"minecraft:end_stone_bricks":78,"minecraft:pink_tulip":1,"minecraft:torchflower":2,"minecraft:tube_coral_block":115,"minecraft:dirt_path":7,"minecraft:snow_block":729,"minecraft:prismarine_brick_slab":47,"minecraft:birch_planks":55,"minecraft:stripped_birch_log":5,"minecraft:birch_leaves":23,"minecraft:polished_andesite":48,"minecraft:prismarine":145,"minecraft:mangrove_planks":6,"minecraft:oak_planks":6,"minecraft:blackstone":430,"minecraft:blue_wool":100,"minecraft:smooth_sandstone_slab":44,"minecraft:cactus":24,"minecraft:lime_concrete_powder":61,"minecraft:sandstone":304,"minecraft:redstone_block":46,"minecraft:cut_sandstone":479,"minecraft:end_stone_brick_slab":71,"minecraft:blue_concrete_powder":108,"minecraft:structure_void":107,"minecraft:spruce_sign":2,"minecraft:white_dye":1,"minecraft:glow_ink_sac":1,"minecraft:clay":91,"minecraft:sugar_cane":3,"minecraft:purpur_pillar":29,"minecraft:bamboo_mosaic_stairs":5,"minecraft:white_wool":55,"minecraft:waxed_exposed_copper":5,"minecraft:stripped_mangrove_wood":12,"minecraft:polished_blackstone_pressure_plate":4,"minecraft:glow_berries":63,"minecraft:mossy_cobblestone":1,"minecraft:diamond_block":2,"minecraft:sand":313,"minecraft:rabbit_spawn_egg":1,"minecraft:lime_terracotta":182,"minecraft:dark_prismarine_slab":2,"minecraft:yellow_terracotta":2,"minecraft:tnt":2,"minecraft:light_blue_concrete":3,"minecraft:cut_sandstone_slab":12,"minecraft:oak_slab":19,"minecraft:crafting_table":2,"minecraft:crimson_trapdoor":8,"minecraft:red_bed":2,"minecraft:bamboo_block":127,"minecraft:blue_ice":17,"minecraft:acacia_leaves":2,"minecraft:dripstone_block":2,"minecraft:ochre_froglight":45,"minecraft:stone_brick_wall":13,"minecraft:mangrove_sign":1,"minecraft:black_concrete_powder":21,"minecraft:end_stone":116,"minecraft:spruce_log":40,"minecraft:warped_planks":67,"minecraft:red_sandstone_wall":2,"minecraft:deepslate_brick_stairs":3,"minecraft:mushroom_stem":37,"minecraft:lightning_rod":1,"minecraft:purple_concrete_powder":91,"minecraft:oak_log":163,"minecraft:deepslate_tiles":40,"minecraft:birch_fence":86,"minecraft:redstone_torch":5,"minecraft:purple_stained_glass":78,"minecraft:sticky_piston":117,"minecraft:black_terracotta":6,"minecraft:blue_stained_glass_pane":11,"minecraft:mud":19,"minecraft:red_sandstone":72,"minecraft:dark_prismarine":380,"minecraft:lever":3,"minecraft:ender_eye":2,"minecraft:light":3,"minecraft:acacia_stairs":5,"minecraft:black_concrete":892,"minecraft:cherry_hanging_sign":2,"minecraft:dark_oak_log":10,"minecraft:diamond_shovel":12,"minecraft:birch_fence_gate":2,"minecraft:chiseled_sandstone":34,"minecraft:crying_obsidian":14,"minecraft:light_gray_concrete":1,"minecraft:stripped_bamboo_block":80,"minecraft:command_block":27,"minecraft:zombie_head":2,"minecraft:birch_slab":16,"minecraft:heavy_weighted_pressure_plate":3,"minecraft:barrier":9,"minecraft:warped_slab":31,"minecraft:verdant_froglight":13,"minecraft:stone_button":4,"minecraft:netherite_axe":25,"minecraft:spore_blossom":4,"minecraft:lectern":1,"minecraft:jungle_stairs":2,"minecraft:stone_slab":25,"minecraft:red_terracotta":152,"minecraft:purpur_slab":9,"minecraft:magenta_concrete_powder":46,"minecraft:cherry_sign":2,"minecraft:oak_pressure_plate":1,"minecraft:bamboo_slab":99,"minecraft:iron_door":2,"minecraft:deepslate":107,"minecraft:gravel":9,"minecraft:flowering_azalea_leaves":8,"minecraft:crimson_nylium":3,"minecraft:soul_lantern":5,"minecraft:magenta_stained_glass_pane":2,"minecraft:pink_petals":36,"minecraft:stripped_warped_hyphae":1,"minecraft:green_carpet":1,"minecraft:fire_coral_block":73,"minecraft:coal_block":18,"minecraft:crimson_fungus":3,"minecraft:light_blue_concrete_powder":54,"minecraft:azalea_leaves":20,"minecraft:stripped_crimson_hyphae":3,"minecraft:red_concrete_powder":78,"minecraft:dark_oak_fence":12,"minecraft:white_stained_glass":177,"minecraft:white_banner":1,"minecraft:stripped_oak_wood":48,"minecraft:sandstone_slab":52,"minecraft:ice":159,"minecraft:bubble_coral_block":121,"minecraft:warped_fence_gate":1,"minecraft:green_concrete_powder":123,"minecraft:andesite":20,"minecraft:lapis_block":66,"minecraft:smooth_stone_slab":188,"minecraft:glass_pane":100,"minecraft:magenta_glazed_terracotta":44,"minecraft:mossy_cobblestone_wall":2,"minecraft:polished_blackstone_button":7,"minecraft:end_portal_frame":2,"minecraft:sea_pickle":4,"minecraft:stripped_cherry_log":4,"minecraft:chorus_plant":35,"minecraft:warped_button":1,"minecraft:coarse_dirt":59,"minecraft:purple_carpet":13,"minecraft:dandelion":3,"minecraft:bamboo_mosaic_slab":2,"minecraft:brown_mushroom_block":3,"minecraft:birch_stairs":18,"minecraft:bone_meal":95,"minecraft:purple_wool":19,"minecraft:cobweb":8},"minecraft:dropped":{"minecraft:glow_ink_sac":1,"minecraft:lime_concrete_powder":1,"minecraft:tube_coral_block":1,"minecraft:jungle_planks":1,"minecraft:spruce_stairs":1,"minecraft:structure_void":1,"minecraft:light_weighted_pressure_plate":1,"minecraft:lava_bucket":1,"minecraft:dirt":1,"minecraft:mud":1,"minecraft:white_wool":1,"minecraft:bamboo_planks":1,"minecraft:coarse_dirt":1,"minecraft:deepslate":1,"minecraft:stone_slab":1,"minecraft:debug_stick":1,"minecraft:oak_sign":2,"minecraft:glass_pane":1,"minecraft:snow":1,"minecraft:light":2,"minecraft:sea_lantern":1,"minecraft:coal_ore":1},"minecraft:killed_by":{"minecraft:player":4},"minecraft:custom":{"minecraft:open_shulker_box":20,"minecraft:leave_game":70,"minecraft:time_since_death":37917,"minecraft:climb_one_cm":44964,"minecraft:sprint_one_cm":5856027,"minecraft:walk_one_cm":1399963,"minecraft:drop":24,"minecraft:talked_to_villager":1,"minecraft:play_time":2421490,"minecraft:deaths":14,"minecraft:sneak_time":254341,"minecraft:walk_under_water_one_cm":544645,"minecraft:boat_one_cm":12690,"minecraft:interact_with_lectern":8,"minecraft:jump":32115,"minecraft:walk_on_water_one_cm":198895,"minecraft:total_world_time":2421490,"minecraft:interact_with_furnace":2,"minecraft:sleep_in_bed":2,"minecraft:time_since_rest":37921,"minecraft:damage_taken":8386,"minecraft:swim_one_cm":517997,"minecraft:fly_one_cm":22273455,"minecraft:open_chest":6,"minecraft:crouch_one_cm":698185,"minecraft:aviate_one_cm":9974,"minecraft:fall_one_cm":177867,"minecraft:inspect_dispenser":2}},"DataVersion":3465}