{"stats":{"minecraft:picked_up":{"minecraft:writable_book":1,"minecraft:netherite_sword":2},"minecraft:used":{"minecraft:writable_book":2,"minecraft:lever":1,"minecraft:glass":1,"minecraft:dark_oak_stairs":40,"minecraft:jack_o_lantern":2,"minecraft:water_bucket":141,"minecraft:netherite_sword":1,"minecraft:light":4,"minecraft:iron_bars":1,"minecraft:nether_brick_wall":5,"minecraft:lava_bucket":61,"minecraft:mangrove_log":29,"minecraft:wither_skeleton_skull":3,"minecraft:command_block":1,"minecraft:spruce_wood":11,"minecraft:black_stained_glass_pane":3,"minecraft:armor_stand":2,"minecraft:grass_block":558,"minecraft:spruce_slab":5,"minecraft:slime_block":16,"minecraft:barrier":52,"minecraft:oak_sign":10,"minecraft:blackstone":15,"minecraft:lectern":1,"minecraft:spruce_planks":171,"minecraft:stone":47,"minecraft:spruce_trapdoor":2,"minecraft:cherry_sign":3,"minecraft:structure_void":44,"minecraft:beacon":5,"minecraft:player_head":1,"minecraft:barrel":34,"minecraft:soul_lantern":9,"minecraft:soul_sand":3,"minecraft:dirt":271,"minecraft:sand":109,"minecraft:crafting_table":1,"minecraft:nether_bricks":11,"minecraft:spruce_stairs":94,"minecraft:podzol":25,"minecraft:campfire":4,"minecraft:sea_pickle":59,"minecraft:seagrass":59,"minecraft:painting":23,"minecraft:kelp":19,"minecraft:zombified_piglin_spawn_egg":1,"minecraft:spruce_fence":1,"minecraft:turtle_egg":4,"minecraft:spruce_log":71,"minecraft:green_stained_glass_pane":7,"minecraft:stripped_spruce_log":18,"minecraft:cobweb":1,"minecraft:green_stained_glass":1},"minecraft:killed":{"minecraft:wolf":1},"minecraft:dropped":{"minecraft:netherite_sword":3,"minecraft:spruce_fence":1},"minecraft:crafted":{"minecraft:leather_chestplate":1},"minecraft:custom":{"minecraft:time_since_rest":227379,"minecraft:sprint_one_cm":198064,"minecraft:walk_one_cm":220899,"minecraft:mob_kills":1,"minecraft:drop":4,"minecraft:damage_dealt":70,"minecraft:interact_with_beacon":2,"minecraft:swim_one_cm":40261,"minecraft:interact_with_crafting_table":1,"minecraft:tune_noteblock":100,"minecraft:fly_one_cm":3369669,"minecraft:player_kills":2,"minecraft:open_barrel":1,"minecraft:crouch_one_cm":4089,"minecraft:play_time":338109,"minecraft:deaths":2,"minecraft:sneak_time":4833,"minecraft:walk_under_water_one_cm":52146,"minecraft:interact_with_lectern":3,"minecraft:jump":1894,"minecraft:leave_game":24,"minecraft:time_since_death":227377,"minecraft:walk_on_water_one_cm":95774,"minecraft:total_world_time":338109,"minecraft:climb_one_cm":1229,"minecraft:fall_one_cm":267}},"DataVersion":3465}