{"stats":{"minecraft:used":{"minecraft:azalea":7,"minecraft:shroomlight":1,"minecraft:oak_log":51,"minecraft:oak_fence":33,"minecraft:moss_block":10,"minecraft:moss_carpet":85,"minecraft:end_rod":2,"minecraft:lava_bucket":2,"minecraft:cherry_hanging_sign":2,"minecraft:snow_block":15,"minecraft:dead_bush":81,"minecraft:grass_block":101,"minecraft:rooted_dirt":1,"minecraft:verdant_froglight":5,"minecraft:elytra":4,"minecraft:bamboo_sign":1,"minecraft:poppy":8,"minecraft:lime_concrete_powder":7,"minecraft:netherite_hoe":115,"minecraft:stone":124,"minecraft:cherry_sign":3,"minecraft:grass":70,"minecraft:glow_ink_sac":2,"minecraft:mangrove_hanging_sign":1,"minecraft:stone_brick_stairs":12,"minecraft:farmland":80,"minecraft:netherrack":1,"minecraft:debug_stick":128,"minecraft:dead_horn_coral":20,"minecraft:diamond_block":1,"minecraft:dirt":1,"minecraft:potion":1,"minecraft:azalea_leaves":108,"minecraft:white_carpet":30,"minecraft:light_blue_dye":1,"minecraft:soul_soil":6,"minecraft:dead_bubble_coral":22,"minecraft:wither_rose":14,"minecraft:dandelion":8,"minecraft:spruce_fence":32,"minecraft:powder_snow_bucket":22,"minecraft:bone_meal":23,"minecraft:birch_fence":3},"minecraft:mined":{"minecraft:flowering_azalea_leaves":22,"minecraft:azalea_leaves":93},"minecraft:custom":{"minecraft:time_since_rest":96312,"minecraft:sprint_one_cm":664738,"minecraft:damage_absorbed":80,"minecraft:damage_taken":9150,"minecraft:walk_one_cm":208645,"minecraft:damage_dealt":28,"minecraft:swim_one_cm":44410,"minecraft:fly_one_cm":2855816,"minecraft:open_barrel":1,"minecraft:open_chest":1,"minecraft:crouch_one_cm":19596,"minecraft:play_time":287896,"minecraft:open_shulker_box":12,"minecraft:deaths":4,"minecraft:sneak_time":10981,"minecraft:walk_under_water_one_cm":49415,"minecraft:interact_with_lectern":2,"minecraft:aviate_one_cm":27308,"minecraft:jump":6223,"minecraft:time_since_death":96311,"minecraft:leave_game":15,"minecraft:walk_on_water_one_cm":16277,"minecraft:total_world_time":287896,"minecraft:climb_one_cm":11244,"minecraft:fall_one_cm":272169}},"DataVersion":3465}