{"stats":{"minecraft:picked_up":{"minecraft:birch_fence":1,"minecraft:stripped_oak_wood":3},"minecraft:used":{"minecraft:azalea":2,"minecraft:oak_fence":53,"minecraft:oak_trapdoor":1,"minecraft:moss_block":61,"minecraft:orange_concrete_powder":66,"minecraft:light_blue_stained_glass_pane":2,"minecraft:jack_o_lantern":12,"minecraft:cherry_wood":34,"minecraft:writable_book":3,"minecraft:iron_bars":6,"minecraft:flint_and_steel":4,"minecraft:dead_bush":12,"minecraft:brain_coral_fan":2,"minecraft:redstone_ore":11,"minecraft:red_concrete":15,"minecraft:spruce_slab":18,"minecraft:dead_tube_coral_fan":7,"minecraft:redstone":2,"minecraft:dead_brain_coral":2,"minecraft:bone_block":17,"minecraft:elytra":2,"minecraft:oak_sign":20,"minecraft:light_blue_terracotta":1,"minecraft:mycelium":45,"minecraft:white_concrete_powder":195,"minecraft:decorated_pot":4,"minecraft:spruce_planks":8,"minecraft:white_terracotta":9,"minecraft:stone":1126,"minecraft:stripped_jungle_wood":21,"minecraft:wooden_shovel":111,"minecraft:warped_sign":7,"minecraft:stripped_birch_wood":133,"minecraft:mangrove_fence":5,"minecraft:grass":5,"minecraft:player_head":4,"minecraft:farmland":5,"minecraft:green_terracotta":48,"minecraft:debug_stick":154,"minecraft:white_candle":1,"minecraft:spruce_leaves":527,"minecraft:pink_candle":3,"minecraft:brewing_stand":1,"minecraft:soul_sand":1,"minecraft:dirt":161,"minecraft:birch_pressure_plate":2,"minecraft:white_carpet":1,"minecraft:hopper":2,"minecraft:prismarine_bricks":46,"minecraft:brick_slab":47,"minecraft:spruce_stairs":4,"minecraft:cobblestone_wall":4,"minecraft:jungle_slab":7,"minecraft:dead_tube_coral":1,"minecraft:pink_terracotta":1,"minecraft:yellow_candle":7,"minecraft:acacia_button":1,"minecraft:beehive":3,"minecraft:spruce_fence":58,"minecraft:light_blue_stained_glass":2,"minecraft:stripped_spruce_log":1,"minecraft:oak_fence_gate":3,"minecraft:fern":6,"minecraft:orange_candle":3,"minecraft:big_dripleaf":4,"minecraft:shroomlight":12,"minecraft:purple_stained_glass_pane":1,"minecraft:packed_ice":69,"minecraft:cyan_terracotta":44,"minecraft:lava_bucket":149,"minecraft:netherite_shovel":71,"minecraft:bricks":216,"minecraft:bookshelf":8,"minecraft:grass_block":402,"minecraft:mangrove_stairs":1,"minecraft:iron_block":1,"minecraft:red_wool":31,"minecraft:spruce_wood":138,"minecraft:lantern":24,"minecraft:muddy_mangrove_roots":104,"minecraft:oak_stairs":2,"minecraft:cherry_slab":192,"minecraft:brick_stairs":68,"minecraft:slime_block":23,"minecraft:warped_fence":10,"minecraft:acacia_slab":13,"minecraft:cherry_trapdoor":36,"minecraft:netherite_hoe":26,"minecraft:cherry_leaves":1,"minecraft:smooth_quartz":159,"minecraft:raw_gold_block":8,"minecraft:dark_oak_button":2,"minecraft:pink_wool":1,"minecraft:barrel":8,"minecraft:item_frame":2,"minecraft:bamboo":1,"minecraft:yellow_concrete_powder":24,"minecraft:spruce_hanging_sign":8,"minecraft:stripped_mangrove_log":23,"minecraft:basalt":13,"minecraft:red_nether_brick_wall":19,"minecraft:redstone_lamp":12,"minecraft:snow":4,"minecraft:dark_oak_pressure_plate":5,"minecraft:hay_block":152,"minecraft:sweet_berries":11,"minecraft:magenta_terracotta":7,"minecraft:furnace":1,"minecraft:white_stained_glass_pane":2,"minecraft:podzol":184,"minecraft:beetroot_seeds":20,"minecraft:acacia_fence":148,"minecraft:seagrass":1,"minecraft:mossy_stone_brick_wall":2,"minecraft:brown_concrete_powder":48,"minecraft:skeleton_skull":5,"minecraft:dead_bubble_coral_fan":4,"minecraft:crimson_pressure_plate":1,"minecraft:stone_pressure_plate":2,"minecraft:pearlescent_froglight":79,"minecraft:fire_coral_fan":1,"minecraft:brown_candle":9,"minecraft:dead_brain_coral_fan":22,"minecraft:cherry_fence":31,"minecraft:cherry_log":8,"minecraft:orange_terracotta":279,"minecraft:enchanted_golden_apple":16,"minecraft:dark_prismarine_stairs":14,"minecraft:bamboo_planks":1,"minecraft:stripped_spruce_wood":52,"minecraft:calcite":65,"minecraft:deepslate_brick_wall":9,"minecraft:quartz_bricks":25,"minecraft:water_bucket":253,"minecraft:chiseled_bookshelf":8,"minecraft:diorite":76,"minecraft:tube_coral_block":1,"minecraft:dirt_path":268,"minecraft:brick_wall":24,"minecraft:snow_block":270,"minecraft:wither_skeleton_skull":2,"minecraft:stripped_acacia_log":205,"minecraft:bubble_coral_fan":1,"minecraft:birch_planks":139,"minecraft:red_stained_glass":86,"minecraft:acacia_trapdoor":9,"minecraft:jungle_fence":24,"minecraft:gray_carpet":9,"minecraft:dark_oak_sign":1,"minecraft:prismarine":41,"minecraft:mangrove_planks":11,"minecraft:oak_planks":542,"minecraft:birch_wood":8,"minecraft:blackstone":33,"minecraft:lime_concrete_powder":86,"minecraft:cherry_planks":4,"minecraft:brown_mushroom":2,"minecraft:red_mushroom_block":21,"minecraft:redstone_block":24,"minecraft:structure_void":129,"minecraft:glow_ink_sac":1,"minecraft:clay":144,"minecraft:deepslate_bricks":23,"minecraft:waxed_copper_block":132,"minecraft:smooth_quartz_stairs":5,"minecraft:white_wool":48,"minecraft:brain_coral":1,"minecraft:golden_apple":1,"minecraft:stripped_mangrove_wood":1,"minecraft:mossy_cobblestone":34,"minecraft:diamond_block":111,"minecraft:sand":1,"minecraft:lime_terracotta":219,"minecraft:terracotta":8,"minecraft:yellow_terracotta":52,"minecraft:oak_slab":1,"minecraft:crafting_table":2,"minecraft:red_mushroom":8,"minecraft:blast_furnace":1,"minecraft:bamboo_block":35,"minecraft:blue_ice":14,"minecraft:dead_bubble_coral":2,"minecraft:sponge":10,"minecraft:light_gray_concrete_powder":20,"minecraft:note_block":1,"minecraft:ochre_froglight":26,"minecraft:lime_shulker_box":1,"minecraft:spruce_log":2,"minecraft:deepslate_brick_stairs":17,"minecraft:deepslate_tile_wall":11,"minecraft:birch_fence":173,"minecraft:sticky_piston":20,"minecraft:amethyst_cluster":3,"minecraft:mud":116,"minecraft:dark_prismarine":18,"minecraft:green_concrete":10,"minecraft:flower_pot":5,"minecraft:acacia_stairs":27,"minecraft:daylight_detector":8,"minecraft:birch_fence_gate":3,"minecraft:acacia_sign":1,"minecraft:birch_slab":3,"minecraft:lime_carpet":4,"minecraft:barrier":12,"minecraft:brown_wool":35,"minecraft:verdant_froglight":8,"minecraft:spruce_pressure_plate":3,"minecraft:lectern":1,"minecraft:stone_slab":16,"minecraft:red_terracotta":1,"minecraft:spruce_trapdoor":12,"minecraft:oak_pressure_plate":2,"minecraft:deepslate":31,"minecraft:gravel":14,"minecraft:soul_lantern":12,"minecraft:pink_petals":39,"minecraft:green_shulker_box":10,"minecraft:coal_block":43,"minecraft:cobblestone":9,"minecraft:azalea_leaves":4,"minecraft:cherry_stairs":18,"minecraft:acacia_pressure_plate":2,"minecraft:cyan_stained_glass_pane":7,"minecraft:red_concrete_powder":149,"minecraft:dark_oak_fence":34,"minecraft:white_stained_glass":1,"minecraft:black_candle":1,"minecraft:birch_log":7,"minecraft:chain":4,"minecraft:ice":99,"minecraft:smooth_stone_slab":18,"minecraft:mossy_cobblestone_wall":3,"minecraft:wither_rose":10,"minecraft:sea_pickle":23,"minecraft:stripped_cherry_log":1,"minecraft:white_concrete":119,"minecraft:coarse_dirt":201,"minecraft:kelp":21,"minecraft:bone_meal":36,"minecraft:smooth_stone":132,"minecraft:candle":1,"minecraft:birch_stairs":18,"minecraft:cobweb":9},"minecraft:dropped":{"minecraft:birch_fence":1,"minecraft:stripped_oak_wood":3,"minecraft:carrot":1},"minecraft:custom":{"minecraft:open_barrel":1,"minecraft:open_shulker_box":328,"minecraft:leave_game":126,"minecraft:time_since_death":208786,"minecraft:climb_one_cm":26957,"minecraft:damage_resisted":814,"minecraft:sprint_one_cm":3921162,"minecraft:walk_one_cm":952458,"minecraft:drop":5,"minecraft:play_time":1944916,"minecraft:deaths":57,"minecraft:sneak_time":60987,"minecraft:walk_under_water_one_cm":120482,"minecraft:boat_one_cm":36135,"minecraft:interact_with_lectern":14,"minecraft:jump":29092,"minecraft:interact_with_blast_furnace":2,"minecraft:walk_on_water_one_cm":88735,"minecraft:total_world_time":1944916,"minecraft:tune_noteblock":1,"minecraft:pot_flower":4,"minecraft:time_since_rest":208789,"minecraft:damage_absorbed":848,"minecraft:damage_taken":34579,"minecraft:damage_dealt":91,"minecraft:swim_one_cm":97580,"minecraft:fly_one_cm":19504070,"minecraft:open_chest":2,"minecraft:crouch_one_cm":67489,"minecraft:aviate_one_cm":7757,"minecraft:interact_with_smoker":1,"minecraft:fall_one_cm":828500,"minecraft:inspect_dispenser":2}},"DataVersion":3465}