{"stats":{"minecraft:picked_up":{"minecraft:music_disc_cat":1,"minecraft:stick":1,"minecraft:music_disc_pigstep":2,"minecraft:birch_wood":1,"minecraft:moss_block":1,"minecraft:debug_stick":1,"minecraft:structure_void":1,"minecraft:diamond":1,"minecraft:writable_book":3,"minecraft:music_disc_otherside":1,"minecraft:raw_gold_block":1,"minecraft:skull_pottery_sherd":4,"minecraft:arrow":1,"minecraft:bamboo_planks":1,"minecraft:stripped_cherry_wood":1},"minecraft:used":{"minecraft:peony":41,"minecraft:moss_block":778,"minecraft:nether_brick_fence":3,"minecraft:cherry_sapling":2,"minecraft:moss_carpet":23,"minecraft:jack_o_lantern":97,"minecraft:blue_terracotta":234,"minecraft:red_sand":1272,"minecraft:purple_candle":42,"minecraft:polished_deepslate":1054,"minecraft:light_gray_stained_glass_pane":19,"minecraft:chiseled_deepslate":41,"minecraft:melon":76,"minecraft:smooth_quartz_slab":121,"minecraft:dead_brain_coral":41,"minecraft:dispenser":45,"minecraft:spruce_slab":681,"minecraft:bone_block":126,"minecraft:elytra":5,"minecraft:poppy":14,"minecraft:ladder":35,"minecraft:oak_sign":45,"minecraft:polished_basalt":472,"minecraft:white_concrete_powder":614,"minecraft:decorated_pot":63,"minecraft:chest":6,"minecraft:brown_concrete":3,"minecraft:white_terracotta":7,"minecraft:nether_wart":146,"minecraft:stone":23800,"minecraft:purple_shulker_box":3,"minecraft:zombie_spawn_egg":3,"minecraft:white_shulker_box":5,"minecraft:stripped_jungle_wood":325,"minecraft:grass":132,"minecraft:player_head":8,"minecraft:smooth_sandstone_stairs":47,"minecraft:farmland":195,"minecraft:green_terracotta":370,"minecraft:tube_coral":11,"minecraft:spruce_leaves":801,"minecraft:debug_stick":852,"minecraft:soul_campfire":2,"minecraft:soul_sand":397,"minecraft:birch_pressure_plate":2,"minecraft:lily_of_the_valley":5,"minecraft:brick_slab":1,"minecraft:jungle_planks":241,"minecraft:nether_bricks":14,"minecraft:jungle_slab":231,"minecraft:allium":15,"minecraft:deepslate_tile_slab":325,"minecraft:deepslate_brick_slab":185,"minecraft:pink_terracotta":20,"minecraft:tuff":331,"minecraft:beehive":6,"minecraft:weeping_vines":16,"minecraft:stripped_spruce_log":184,"minecraft:obsidian":86,"minecraft:polished_deepslate_stairs":7,"minecraft:polished_blackstone_slab":6,"minecraft:lava_bucket":2162,"minecraft:honey_block":63,"minecraft:packed_ice":10,"minecraft:stripped_dark_oak_wood":393,"minecraft:cyan_terracotta":396,"minecraft:mangrove_log":49,"minecraft:netherite_shovel":4,"minecraft:bricks":40,"minecraft:coal_ore":17,"minecraft:quartz_pillar":15,"minecraft:music_disc_pigstep":3,"minecraft:black_stained_glass_pane":26,"minecraft:mangrove_stairs":192,"minecraft:warped_hyphae":129,"minecraft:red_wool":273,"minecraft:spruce_wood":1534,"minecraft:lantern":221,"minecraft:grass_block":1154,"minecraft:blue_orchid":9,"minecraft:green_wool":8,"minecraft:packed_mud":199,"minecraft:polished_andesite_stairs":8,"minecraft:copper_ore":33,"minecraft:polished_blackstone_brick_wall":5,"minecraft:wet_sponge":229,"minecraft:warped_nylium":45,"minecraft:dark_oak_wood":173,"minecraft:dark_oak_slab":225,"minecraft:cherry_leaves":4,"minecraft:mossy_cobblestone_slab":45,"minecraft:gray_concrete_powder":53,"minecraft:crimson_roots":5,"minecraft:raw_gold_block":361,"minecraft:stone_brick_stairs":109,"minecraft:stone_bricks":636,"minecraft:spruce_hanging_sign":2,"minecraft:stripped_mangrove_log":715,"minecraft:red_stained_glass_pane":72,"minecraft:repeater":6,"minecraft:reinforced_deepslate":22,"minecraft:scaffolding":8,"minecraft:red_carpet":13,"minecraft:honeycomb_block":11,"minecraft:redstone_lamp":75,"minecraft:brown_carpet":31,"minecraft:magma_block":87,"minecraft:snow":1019,"minecraft:warped_fungus":5,"minecraft:horn_coral":3,"minecraft:hay_block":263,"minecraft:infested_cracked_stone_bricks":126,"minecraft:sweet_berries":53,"minecraft:mangrove_roots":141,"minecraft:furnace":13,"minecraft:mangrove_slab":773,"minecraft:acacia_fence":382,"minecraft:gold_block":251,"minecraft:skeleton_skull":1,"minecraft:pearlescent_froglight":101,"minecraft:fire_coral_fan":15,"minecraft:seagrass":90,"minecraft:green_stained_glass_pane":10,"minecraft:large_fern":5,"minecraft:dark_prismarine_stairs":145,"minecraft:brown_concrete_powder":4,"minecraft:stripped_spruce_wood":454,"minecraft:dark_oak_sapling":4,"minecraft:mangrove_leaves":3,"minecraft:deepslate_brick_wall":19,"minecraft:emerald_ore":9,"minecraft:bamboo_trapdoor":9,"minecraft:dark_oak_stairs":39,"minecraft:mossy_stone_bricks":27,"minecraft:bamboo_mosaic":9,"minecraft:diorite":628,"minecraft:tube_coral_fan":35,"minecraft:end_stone_bricks":33,"minecraft:torchflower":21,"minecraft:spruce_door":11,"minecraft:stripped_acacia_log":12,"minecraft:wither_skeleton_skull":8,"minecraft:stripped_birch_log":14,"minecraft:blackstone":580,"minecraft:powered_rail":2,"minecraft:birch_leaves":6,"minecraft:jungle_fence":275,"minecraft:acacia_trapdoor":13,"minecraft:gray_carpet":3,"minecraft:prismarine":190,"minecraft:mangrove_planks":459,"minecraft:oak_planks":63,"minecraft:birch_wood":332,"minecraft:orange_tulip":8,"minecraft:polished_diorite_slab":121,"minecraft:cactus":12,"minecraft:lime_concrete_powder":64,"minecraft:sandstone":65,"minecraft:composter":7,"minecraft:jungle_pressure_plate":2,"minecraft:structure_void":156,"minecraft:redstone_block":392,"minecraft:end_stone_brick_slab":105,"minecraft:clay":18,"minecraft:blue_bed":4,"minecraft:diamond_axe":1,"minecraft:sugar_cane":149,"minecraft:purpur_pillar":3,"minecraft:large_amethyst_bud":18,"minecraft:smooth_quartz_stairs":38,"minecraft:oak_leaves":159,"minecraft:white_wool":290,"minecraft:glow_berries":264,"minecraft:stripped_mangrove_wood":54,"minecraft:sand":372,"minecraft:yellow_terracotta":209,"minecraft:cut_sandstone_slab":2,"minecraft:lime_stained_glass_pane":5,"minecraft:loom":26,"minecraft:blast_furnace":54,"minecraft:smooth_red_sandstone":6,"minecraft:light_gray_terracotta":31,"minecraft:blue_ice":34,"minecraft:acacia_leaves":403,"minecraft:note_block":36,"minecraft:chiseled_quartz_block":6,"minecraft:sponge":167,"minecraft:purple_terracotta":397,"minecraft:dripstone_block":3084,"minecraft:ochre_froglight":133,"minecraft:stone_brick_wall":4,"minecraft:stripped_cherry_wood":15,"minecraft:black_concrete_powder":46,"minecraft:end_stone":113,"minecraft:cobbled_deepslate_stairs":60,"minecraft:red_sandstone_wall":1,"minecraft:lightning_rod":18,"minecraft:deepslate_brick_stairs":85,"minecraft:purple_concrete_powder":47,"minecraft:exposed_copper":22,"minecraft:birch_fence":94,"minecraft:redstone_torch":43,"minecraft:deepslate_tiles":111,"minecraft:sticky_piston":5,"minecraft:black_terracotta":17,"minecraft:red_sandstone":18,"minecraft:black_concrete":172,"minecraft:cherry_hanging_sign":4,"minecraft:daylight_detector":72,"minecraft:crying_obsidian":84,"minecraft:mangrove_door":1,"minecraft:dark_oak_log":10,"minecraft:gray_stained_glass_pane":25,"minecraft:lime_carpet":10,"minecraft:birch_slab":369,"minecraft:brown_stained_glass":4,"minecraft:nether_sprouts":9,"minecraft:brown_wool":196,"minecraft:warped_slab":8,"minecraft:cyan_bed":2,"minecraft:string":9,"minecraft:barrier":48,"minecraft:verdant_froglight":76,"minecraft:lectern":11,"minecraft:red_terracotta":587,"minecraft:polished_granite":140,"minecraft:cherry_sign":9,"minecraft:oak_pressure_plate":12,"minecraft:diamond_ore":12,"minecraft:iron_door":40,"minecraft:cut_red_sandstone":4,"minecraft:deepslate":1418,"minecraft:gravel":429,"minecraft:flowering_azalea_leaves":130,"minecraft:lilac":6,"minecraft:polished_andesite_slab":144,"minecraft:soul_lantern":12,"minecraft:granite_slab":84,"minecraft:blackstone_slab":700,"minecraft:magenta_stained_glass_pane":8,"minecraft:stripped_warped_hyphae":128,"minecraft:dead_horn_coral":1,"minecraft:jungle_sign":2,"minecraft:nether_wart_block":118,"minecraft:coal_block":275,"minecraft:fire_charge":8,"minecraft:medium_amethyst_bud":9,"minecraft:exposed_cut_copper":54,"minecraft:crimson_door":1,"minecraft:stripped_oak_wood":45,"minecraft:grindstone":2,"minecraft:smithing_table":4,"minecraft:dark_oak_fence":490,"minecraft:birch_log":7,"minecraft:white_stained_glass":1,"minecraft:green_concrete_powder":2,"minecraft:andesite":17,"minecraft:deepslate_coal_ore":28,"minecraft:chain":70,"minecraft:ice":3,"minecraft:mossy_cobblestone_wall":18,"minecraft:smooth_stone_slab":623,"minecraft:white_concrete":12,"minecraft:coarse_dirt":73,"minecraft:oak_hanging_sign":83,"minecraft:chorus_plant":86,"minecraft:bone_meal":381,"minecraft:purple_wool":10,"minecraft:diorite_slab":198,"minecraft:azalea":11,"minecraft:oak_fence":355,"minecraft:stripped_acacia_wood":27,"minecraft:orange_concrete_powder":43,"minecraft:jungle_leaves":219,"minecraft:netherite_sword":9,"minecraft:iron_bars":32,"minecraft:cherry_wood":542,"minecraft:rose_bush":40,"minecraft:enchanting_table":2,"minecraft:acacia_log":44,"minecraft:crimson_fence":33,"minecraft:flint_and_steel":46,"minecraft:dead_bush":77,"minecraft:redstone_ore":27,"minecraft:red_concrete":2,"minecraft:redstone":23,"minecraft:mycelium":287,"minecraft:light_blue_terracotta":33,"minecraft:stripped_warped_stem":5,"minecraft:spruce_planks":1406,"minecraft:mangrove_fence":95,"minecraft:wooden_shovel":10,"minecraft:stripped_birch_wood":216,"minecraft:polished_blackstone_wall":29,"minecraft:sandstone_wall":3,"minecraft:netherrack":208,"minecraft:oak_door":1,"minecraft:torch":319,"minecraft:dirt":1380,"minecraft:ancient_debris":668,"minecraft:warped_wart_block":454,"minecraft:anvil":3,"minecraft:wheat":8,"minecraft:white_carpet":44,"minecraft:chorus_flower":24,"minecraft:prismarine_bricks":98,"minecraft:spruce_stairs":591,"minecraft:twisting_vines":122,"minecraft:cobblestone_wall":31,"minecraft:crimson_hyphae":45,"minecraft:stone_stairs":6,"minecraft:shulker_box":3,"minecraft:oak_wood":287,"minecraft:raw_iron_block":20,"minecraft:polished_granite_slab":6,"minecraft:granite":366,"minecraft:spruce_fence":276,"minecraft:oak_fence_gate":2,"minecraft:polished_diorite":4,"minecraft:fern":51,"minecraft:small_dripleaf":5,"minecraft:shroomlight":222,"minecraft:mossy_cobblestone_stairs":68,"minecraft:purple_stained_glass_pane":22,"minecraft:stone_brick_slab":180,"minecraft:dark_oak_planks":116,"minecraft:brown_terracotta":8,"minecraft:sea_lantern":32,"minecraft:flowering_azalea":16,"minecraft:bamboo_fence":36,"minecraft:bookshelf":117,"minecraft:red_tulip":9,"minecraft:cyan_shulker_box":1,"minecraft:oak_stairs":8,"minecraft:light_weighted_pressure_plate":10,"minecraft:waxed_cut_copper":71,"minecraft:jungle_log":11,"minecraft:brick_stairs":30,"minecraft:muddy_mangrove_roots":36,"minecraft:cherry_slab":258,"minecraft:rooted_dirt":82,"minecraft:acacia_slab":403,"minecraft:slime_block":587,"minecraft:warped_fence":53,"minecraft:smooth_sandstone":24,"minecraft:crimson_slab":15,"minecraft:spawner":14,"minecraft:red_candle":11,"minecraft:polished_blackstone_brick_stairs":14,"minecraft:smooth_quartz":169,"minecraft:crimson_planks":84,"minecraft:melon_seeds":6,"minecraft:barrel":184,"minecraft:smooth_basalt":418,"minecraft:bamboo":120,"minecraft:yellow_concrete_powder":11,"minecraft:basalt":23,"minecraft:tripwire_hook":11,"minecraft:glowstone":9,"minecraft:purple_concrete":10,"minecraft:soul_soil":771,"minecraft:warped_stairs":1,"minecraft:black_stained_glass":8,"minecraft:iron_trapdoor":34,"minecraft:tall_grass":7,"minecraft:magenta_terracotta":57,"minecraft:pitcher_plant":57,"minecraft:deepslate_tile_stairs":1,"minecraft:podzol":1574,"minecraft:acacia_wood":627,"minecraft:horn_coral_block":26,"minecraft:orange_terracotta":748,"minecraft:cherry_fence":12,"minecraft:brown_candle":10,"minecraft:acacia_planks":491,"minecraft:cobbled_deepslate":350,"minecraft:orange_stained_glass_pane":12,"minecraft:observer":6,"minecraft:powder_snow_bucket":10,"minecraft:pumpkin":607,"minecraft:bamboo_planks":5,"minecraft:horn_coral_fan":1,"minecraft:brown_bed":4,"minecraft:pointed_dripstone":1293,"minecraft:cobbled_deepslate_wall":28,"minecraft:brain_coral_block":6,"minecraft:calcite":477,"minecraft:quartz_bricks":364,"minecraft:wheat_seeds":160,"minecraft:water_bucket":481,"minecraft:chiseled_bookshelf":4,"minecraft:amethyst_block":362,"minecraft:nether_brick_wall":8,"minecraft:iron_ore":21,"minecraft:pink_tulip":4,"minecraft:tube_coral_block":115,"minecraft:cobblestone_stairs":239,"minecraft:dirt_path":498,"minecraft:sandstone_stairs":45,"minecraft:prismarine_brick_slab":4,"minecraft:lodestone":6,"minecraft:snow_block":168,"minecraft:birch_planks":73,"minecraft:polished_andesite":131,"minecraft:red_nether_bricks":7,"minecraft:cartography_table":1,"minecraft:smooth_sandstone_slab":38,"minecraft:cherry_planks":2,"minecraft:red_mushroom_block":473,"minecraft:cut_sandstone":366,"minecraft:brown_mushroom":15,"minecraft:spruce_sign":1,"minecraft:green_bed":5,"minecraft:stonecutter":2,"minecraft:beacon":1,"minecraft:red_glazed_terracotta":1,"minecraft:cobblestone_slab":306,"minecraft:gold_ore":49,"minecraft:deepslate_bricks":319,"minecraft:polished_blackstone_bricks":12,"minecraft:waxed_copper_block":100,"minecraft:warped_roots":5,"minecraft:gilded_blackstone":136,"minecraft:jungle_wood":43,"minecraft:lime_terracotta":92,"minecraft:polished_deepslate_slab":109,"minecraft:mossy_cobblestone":301,"minecraft:diamond_block":3,"minecraft:mangrove_trapdoor":31,"minecraft:rail":30,"minecraft:stripped_dark_oak_log":1,"minecraft:terracotta":2730,"minecraft:vine":517,"minecraft:dark_prismarine_slab":54,"minecraft:oak_slab":2,"minecraft:crafting_table":6,"minecraft:red_bed":12,"minecraft:red_mushroom":13,"minecraft:birch_sign":5,"minecraft:bamboo_block":32,"minecraft:yellow_stained_glass_pane":5,"minecraft:campfire":13,"minecraft:light_gray_concrete_powder":48,"minecraft:fire_coral":15,"minecraft:brown_glazed_terracotta":9,"minecraft:painting":16,"minecraft:piglin_head":1,"minecraft:warped_planks":90,"minecraft:spruce_log":62,"minecraft:smoker":8,"minecraft:mushroom_stem":106,"minecraft:deepslate_tile_wall":49,"minecraft:small_amethyst_bud":11,"minecraft:oak_log":4,"minecraft:purple_stained_glass":3,"minecraft:gray_terracotta":35,"minecraft:amethyst_cluster":13,"minecraft:blue_stained_glass_pane":5,"minecraft:mud":372,"minecraft:dark_prismarine":399,"minecraft:black_wool":3,"minecraft:flower_pot":6,"minecraft:acacia_stairs":69,"minecraft:cornflower":3,"minecraft:warped_trapdoor":15,"minecraft:stripped_jungle_log":60,"minecraft:dead_fire_coral":1,"minecraft:command_block":1,"minecraft:oak_button":1,"minecraft:spruce_pressure_plate":1,"minecraft:jungle_stairs":30,"minecraft:stone_slab":616,"minecraft:purpur_slab":28,"minecraft:spruce_trapdoor":20,"minecraft:magenta_concrete_powder":3,"minecraft:crimson_nylium":31,"minecraft:crimson_sign":3,"minecraft:pink_petals":237,"minecraft:chiseled_stone_bricks":1,"minecraft:enchanted_book":5,"minecraft:brown_stained_glass_pane":28,"minecraft:fire_coral_block":443,"minecraft:crimson_fungus":5,"minecraft:cobblestone":1490,"minecraft:cherry_stairs":30,"minecraft:azalea_leaves":152,"minecraft:orange_banner":2,"minecraft:stripped_crimson_hyphae":19,"minecraft:purple_bed":4,"minecraft:crimson_stairs":5,"minecraft:acacia_pressure_plate":1,"minecraft:red_concrete_powder":328,"minecraft:white_banner":4,"minecraft:red_banner":7,"minecraft:sandstone_slab":70,"minecraft:glass_pane":10,"minecraft:magenta_glazed_terracotta":5,"minecraft:yellow_bed":1,"minecraft:polished_blackstone_button":2,"minecraft:wither_rose":27,"minecraft:sea_pickle":185,"minecraft:stripped_oak_log":49,"minecraft:brown_mushroom_block":16,"minecraft:kelp":5,"minecraft:purple_carpet":5,"minecraft:dandelion":3,"minecraft:jukebox":7,"minecraft:sculk_vein":2,"minecraft:candle":47,"minecraft:smooth_stone":99,"minecraft:birch_stairs":35,"minecraft:soul_torch":3},"minecraft:killed":{"minecraft:zombie":2,"minecraft:drowned":1,"minecraft:rabbit":1},"minecraft:dropped":{"minecraft:moss_block":1,"minecraft:diamond":1,"minecraft:raw_gold_block":1,"minecraft:structure_void":1,"minecraft:birch_wood":1,"minecraft:gunpowder":1,"minecraft:ochre_froglight":1,"minecraft:arrow":1,"minecraft:stick":1,"minecraft:lava_bucket":1,"minecraft:skull_pottery_sherd":4,"minecraft:snow_block":1,"minecraft:redstone_ore":1,"minecraft:white_carpet":1,"minecraft:debug_stick":1,"minecraft:stone":1,"minecraft:powder_snow_bucket":1},"minecraft:killed_by":{"minecraft:zombie":2},"minecraft:crafted":{"minecraft:decorated_pot":9},"minecraft:custom":{"minecraft:interact_with_crafting_table":9,"minecraft:open_barrel":51,"minecraft:open_shulker_box":16,"minecraft:leave_game":196,"minecraft:time_since_death":828979,"minecraft:sprint_one_cm":8974954,"minecraft:drop":17,"minecraft:talked_to_villager":1,"minecraft:play_time":5961252,"minecraft:deaths":3,"minecraft:jump":78811,"minecraft:walk_on_water_one_cm":246066,"minecraft:interact_with_furnace":1,"minecraft:play_record":3,"minecraft:interact_with_loom":1,"minecraft:sleep_in_bed":1,"minecraft:damage_dealt":658,"minecraft:interact_with_beacon":1,"minecraft:crouch_one_cm":47232,"minecraft:inspect_dispenser":13,"minecraft:interact_with_smithing_table":1,"minecraft:mob_kills":4,"minecraft:inspect_hopper":2,"minecraft:climb_one_cm":104684,"minecraft:walk_one_cm":1383237,"minecraft:sneak_time":355394,"minecraft:walk_under_water_one_cm":172392,"minecraft:boat_one_cm":21015,"minecraft:interact_with_lectern":16,"minecraft:interact_with_blast_furnace":13,"minecraft:total_world_time":5961252,"minecraft:tune_noteblock":10,"minecraft:pot_flower":6,"minecraft:time_since_rest":828983,"minecraft:damage_taken":5710,"minecraft:swim_one_cm":70151,"minecraft:fly_one_cm":95958313,"minecraft:open_chest":8,"minecraft:aviate_one_cm":59896,"minecraft:fall_one_cm":234194}},"DataVersion":3465}