{"stats":{"minecraft:picked_up":{"minecraft:birch_door":1,"minecraft:stick":2,"minecraft:villager_spawn_egg":308,"minecraft:music_disc_pigstep":1,"minecraft:magma_block":1,"minecraft:dirt":1,"minecraft:glow_lichen":1,"minecraft:grass_block":1,"minecraft:dark_prismarine":1,"minecraft:writable_book":3,"minecraft:cracked_polished_blackstone_bricks":1,"minecraft:elytra":2,"minecraft:flint_and_steel":2,"minecraft:sandstone":1,"minecraft:music_disc_relic":1,"minecraft:cracked_deepslate_bricks":1,"minecraft:infested_cracked_stone_bricks":1,"minecraft:crying_obsidian":1,"minecraft:sea_lantern":1,"minecraft:ender_pearl":2},"minecraft:used":{"minecraft:moss_block":53,"minecraft:moss_carpet":4,"minecraft:jack_o_lantern":147,"minecraft:writable_book":19,"minecraft:red_sand":46,"minecraft:polished_deepslate":27,"minecraft:light_gray_stained_glass_pane":4,"minecraft:chiseled_deepslate":1,"minecraft:spruce_slab":96,"minecraft:dispenser":10,"minecraft:elytra":7,"minecraft:ladder":20,"minecraft:bone_block":3,"minecraft:oak_sign":81,"minecraft:white_concrete_powder":28,"minecraft:decorated_pot":52,"minecraft:chest":7,"minecraft:stone":1950,"minecraft:nether_wart":16,"minecraft:quartz_stairs":12,"minecraft:grass":21,"minecraft:player_head":15,"minecraft:smooth_sandstone_stairs":4,"minecraft:farmland":65,"minecraft:green_terracotta":5,"minecraft:spruce_leaves":224,"minecraft:debug_stick":599,"minecraft:soul_sand":40,"minecraft:birch_pressure_plate":1,"minecraft:jungle_planks":314,"minecraft:prismarine_brick_stairs":5,"minecraft:deepslate_tile_slab":75,"minecraft:deepslate_brick_slab":65,"minecraft:acacia_button":1,"minecraft:tuff":119,"minecraft:obsidian":283,"minecraft:music_disc_relic":1,"minecraft:big_dripleaf":17,"minecraft:packed_ice":11,"minecraft:honeycomb":6,"minecraft:lava_bucket":937,"minecraft:stripped_dark_oak_wood":217,"minecraft:coal_ore":32,"minecraft:villager_spawn_egg":81,"minecraft:mangrove_stairs":2,"minecraft:warped_hyphae":17,"minecraft:red_wool":132,"minecraft:spruce_wood":65,"minecraft:lantern":83,"minecraft:grass_block":474,"minecraft:packed_mud":6,"minecraft:warped_nylium":20,"minecraft:netherite_hoe":13,"minecraft:dark_oak_slab":12,"minecraft:mossy_cobblestone_slab":19,"minecraft:cherry_leaves":1,"minecraft:tropical_fish_spawn_egg":2,"minecraft:crimson_roots":2,"minecraft:stone_brick_stairs":6,"minecraft:stone_bricks":30,"minecraft:spruce_hanging_sign":7,"minecraft:repeater":12,"minecraft:redstone_lamp":7,"minecraft:bow":9,"minecraft:magma_block":99,"minecraft:snow":3,"minecraft:hay_block":74,"minecraft:sweet_berries":36,"minecraft:infested_cracked_stone_bricks":55,"minecraft:mangrove_slab":12,"minecraft:acacia_fence":24,"minecraft:gold_block":7,"minecraft:skeleton_skull":7,"minecraft:pearlescent_froglight":75,"minecraft:large_fern":1,"minecraft:seagrass":55,"minecraft:dark_prismarine_stairs":12,"minecraft:brown_concrete_powder":10,"minecraft:stripped_spruce_wood":41,"minecraft:deepslate_brick_wall":9,"minecraft:zombie_horse_spawn_egg":1,"minecraft:dark_oak_stairs":3,"minecraft:diorite":113,"minecraft:tube_coral_fan":14,"minecraft:end_stone_bricks":247,"minecraft:spruce_door":1,"minecraft:stripped_birch_log":5,"minecraft:prismarine":18,"minecraft:jungle_fence":71,"minecraft:oak_planks":64,"minecraft:lime_concrete_powder":8,"minecraft:cactus":11,"minecraft:blackstone":217,"minecraft:ender_pearl":1,"minecraft:sandstone":284,"minecraft:structure_void":161,"minecraft:composter":3,"minecraft:redstone_block":35,"minecraft:end_stone_brick_slab":12,"minecraft:sugar_cane":9,"minecraft:oak_leaves":50,"minecraft:white_wool":19,"minecraft:stripped_mangrove_wood":45,"minecraft:sand":125,"minecraft:yellow_terracotta":2,"minecraft:cut_sandstone_slab":3,"minecraft:smooth_red_sandstone":125,"minecraft:acacia_leaves":90,"minecraft:sponge":3,"minecraft:ochre_froglight":21,"minecraft:lingering_potion":369,"minecraft:stone_brick_wall":12,"minecraft:stripped_cherry_wood":12,"minecraft:black_concrete_powder":1,"minecraft:end_stone":503,"minecraft:red_sandstone_wall":31,"minecraft:pumpkin_seeds":15,"minecraft:deepslate_brick_stairs":1,"minecraft:purple_concrete_powder":2,"minecraft:birch_fence":121,"minecraft:redstone_torch":12,"minecraft:deepslate_tiles":12,"minecraft:sticky_piston":39,"minecraft:enderman_spawn_egg":3,"minecraft:lever":57,"minecraft:red_sandstone":2,"minecraft:black_concrete":236,"minecraft:cherry_hanging_sign":1,"minecraft:firework_rocket":820,"minecraft:daylight_detector":7,"minecraft:crying_obsidian":27,"minecraft:birch_slab":57,"minecraft:lime_carpet":13,"minecraft:nether_sprouts":1,"minecraft:stone_button":5,"minecraft:brown_wool":18,"minecraft:barrier":53,"minecraft:warped_slab":5,"minecraft:verdant_froglight":66,"minecraft:lectern":7,"minecraft:red_terracotta":2,"minecraft:cherry_sign":48,"minecraft:diamond_ore":25,"minecraft:deepslate":416,"minecraft:flowering_azalea_leaves":11,"minecraft:soul_lantern":3,"minecraft:blackstone_slab":54,"minecraft:stripped_warped_hyphae":2,"minecraft:nether_wart_block":22,"minecraft:coal_block":18,"minecraft:stripped_oak_wood":6,"minecraft:dark_oak_fence":75,"minecraft:bubble_coral_block":34,"minecraft:white_stained_glass":40,"minecraft:andesite":46,"minecraft:chain":63,"minecraft:ice":1,"minecraft:white_concrete":2,"minecraft:chorus_plant":1,"minecraft:bone_meal":244,"minecraft:purple_wool":1,"minecraft:oak_fence":90,"minecraft:stripped_acacia_wood":2,"minecraft:netherite_sword":28,"minecraft:jungle_leaves":34,"minecraft:iron_bars":12,"minecraft:cherry_wood":80,"minecraft:stone_sword":1,"minecraft:music_disc_otherside":1,"minecraft:crimson_fence":13,"minecraft:flint_and_steel":57,"minecraft:dead_bush":15,"minecraft:cracked_deepslate_bricks":1,"minecraft:carved_pumpkin":10,"minecraft:redstone_ore":29,"minecraft:redstone":81,"minecraft:zombie_villager_spawn_egg":1,"minecraft:mycelium":152,"minecraft:spruce_planks":160,"minecraft:sculk":65,"minecraft:mangrove_fence":15,"minecraft:stripped_birch_wood":123,"minecraft:netherrack":65,"minecraft:orange_stained_glass":1,"minecraft:torch":3,"minecraft:dirt":1073,"minecraft:warped_wart_block":2,"minecraft:anvil":2,"minecraft:hopper":3,"minecraft:chorus_flower":2,"minecraft:prismarine_bricks":11,"minecraft:spruce_stairs":27,"minecraft:cobblestone_wall":6,"minecraft:crimson_hyphae":10,"minecraft:stone_stairs":22,"minecraft:warped_door":1,"minecraft:oak_wood":1,"minecraft:pink_dye":2,"minecraft:glow_lichen":61,"minecraft:spruce_fence":50,"minecraft:warped_pressure_plate":1,"minecraft:fern":8,"minecraft:orange_candle":15,"minecraft:birch_door":8,"minecraft:shroomlight":8,"minecraft:mossy_cobblestone_stairs":13,"minecraft:stone_brick_slab":1,"minecraft:sea_lantern":103,"minecraft:bookshelf":1,"minecraft:iron_block":34,"minecraft:light_weighted_pressure_plate":22,"minecraft:oak_stairs":4,"minecraft:slime_block":379,"minecraft:warped_fence":24,"minecraft:acacia_slab":13,"minecraft:polished_deepslate_wall":8,"minecraft:polished_blackstone_brick_stairs":1,"minecraft:smooth_quartz":12,"minecraft:mud_bricks":11,"minecraft:smooth_basalt":109,"minecraft:bamboo":56,"minecraft:yellow_concrete_powder":2,"minecraft:glowstone":4,"minecraft:purple_concrete":8,"minecraft:lime_concrete":5,"minecraft:black_stained_glass":20,"minecraft:pitcher_plant":1,"minecraft:tall_grass":18,"minecraft:iron_trapdoor":1,"minecraft:soul_soil":14,"minecraft:wolf_spawn_egg":13,"minecraft:lime_stained_glass":2,"minecraft:deepslate_tile_stairs":2,"minecraft:podzol":551,"minecraft:acacia_wood":35,"minecraft:horn_coral_block":2,"minecraft:stone_pressure_plate":9,"minecraft:cobbled_deepslate":184,"minecraft:acacia_planks":1,"minecraft:orange_terracotta":78,"minecraft:pumpkin":80,"minecraft:dead_bubble_coral_fan":6,"minecraft:bamboo_planks":35,"minecraft:pointed_dripstone":3,"minecraft:brain_coral_block":13,"minecraft:calcite":11,"minecraft:wheat_seeds":63,"minecraft:water_bucket":526,"minecraft:chiseled_bookshelf":2,"minecraft:iron_ore":48,"minecraft:amethyst_block":14,"minecraft:tube_coral_block":14,"minecraft:cobblestone_stairs":27,"minecraft:dirt_path":313,"minecraft:prismarine_brick_slab":19,"minecraft:snow_block":239,"minecraft:birch_planks":283,"minecraft:lead":5,"minecraft:red_nether_bricks":3,"minecraft:blue_wool":40,"minecraft:cut_sandstone":4,"minecraft:red_mushroom_block":213,"minecraft:spruce_sign":5,"minecraft:white_dye":1,"minecraft:fletching_table":1,"minecraft:glow_ink_sac":8,"minecraft:cobblestone_slab":112,"minecraft:leather_boots":2,"minecraft:horse_spawn_egg":5,"minecraft:gold_ore":75,"minecraft:deepslate_bricks":162,"minecraft:polished_blackstone_bricks":29,"minecraft:warped_roots":1,"minecraft:gilded_blackstone":3,"minecraft:glow_item_frame":84,"minecraft:jungle_wood":301,"minecraft:polished_blackstone_pressure_plate":4,"minecraft:polished_deepslate_slab":4,"minecraft:mossy_cobblestone":67,"minecraft:diamond_block":929,"minecraft:comparator":1,"minecraft:lime_terracotta":2,"minecraft:vine":82,"minecraft:music_disc_cat":1,"minecraft:oak_slab":15,"minecraft:tnt":14,"minecraft:dark_prismarine_slab":28,"minecraft:crafting_table":4,"minecraft:bamboo_block":20,"minecraft:campfire":18,"minecraft:spruce_log":20,"minecraft:mushroom_stem":61,"minecraft:deepslate_tile_wall":17,"minecraft:oak_log":2,"minecraft:mud":304,"minecraft:flower_pot":4,"minecraft:ender_eye":43,"minecraft:dark_prismarine":39,"minecraft:wooden_hoe":87,"minecraft:yellow_dye":1,"minecraft:light":85,"minecraft:acacia_stairs":5,"minecraft:command_block":1,"minecraft:cracked_polished_blackstone_bricks":9,"minecraft:jungle_stairs":16,"minecraft:stone_slab":657,"minecraft:spruce_trapdoor":2,"minecraft:crimson_nylium":2,"minecraft:crimson_sign":2,"minecraft:green_carpet":1,"minecraft:cobblestone":98,"minecraft:stripped_crimson_hyphae":73,"minecraft:mud_brick_wall":5,"minecraft:red_concrete_powder":10,"minecraft:white_banner":31,"minecraft:lapis_block":5,"minecraft:sandstone_slab":1,"minecraft:sea_pickle":6,"minecraft:end_portal_frame":50,"minecraft:polished_blackstone_button":8,"minecraft:stripped_oak_log":1,"minecraft:kelp":37,"minecraft:purple_carpet":6,"minecraft:sculk_vein":135,"minecraft:candle":16,"minecraft:splash_potion":35,"minecraft:birch_stairs":107},"minecraft:killed":{"minecraft:zombie_villager":1,"minecraft:horse":1,"minecraft:villager":130},"minecraft:dropped":{"minecraft:ender_pearl":2,"minecraft:elytra":4,"minecraft:cracked_polished_blackstone_bricks":1,"minecraft:dirt":1,"minecraft:sea_lantern":1,"minecraft:birch_door":1,"minecraft:crying_obsidian":1,"minecraft:stripped_cherry_wood":1,"minecraft:coal_block":2,"minecraft:stick":2,"minecraft:warped_slab":64,"minecraft:infested_cracked_stone_bricks":1,"minecraft:bamboo_planks":1,"minecraft:player_head":2,"minecraft:nether_wart":1,"minecraft:stone_slab":2,"minecraft:glow_lichen":1,"minecraft:flint_and_steel":2,"minecraft:sandstone":1,"minecraft:cracked_deepslate_bricks":1,"minecraft:magma_block":1},"minecraft:killed_by":{"minecraft:player":1},"minecraft:crafted":{"minecraft:firework_star":3,"minecraft:firework_rocket":3},"minecraft:custom":{"minecraft:interact_with_crafting_table":9,"minecraft:open_barrel":1,"minecraft:open_shulker_box":16,"minecraft:leave_game":134,"minecraft:time_since_death":355656,"minecraft:sprint_one_cm":4965865,"minecraft:drop":30,"minecraft:talked_to_villager":3,"minecraft:play_time":2610354,"minecraft:deaths":13,"minecraft:jump":30223,"minecraft:walk_on_water_one_cm":259956,"minecraft:play_record":3,"minecraft:sleep_in_bed":1,"minecraft:damage_dealt":3833,"minecraft:player_kills":11,"minecraft:crouch_one_cm":327458,"minecraft:inspect_dispenser":14,"minecraft:horse_one_cm":13368,"minecraft:interact_with_anvil":3,"minecraft:mob_kills":138,"minecraft:climb_one_cm":39808,"minecraft:walk_one_cm":1672620,"minecraft:sneak_time":153079,"minecraft:walk_under_water_one_cm":336308,"minecraft:interact_with_lectern":14,"minecraft:boat_one_cm":20745,"minecraft:total_world_time":2610354,"minecraft:pot_flower":4,"minecraft:time_since_rest":355691,"minecraft:damage_taken":13720,"minecraft:swim_one_cm":390402,"minecraft:fly_one_cm":25339314,"minecraft:open_chest":12,"minecraft:aviate_one_cm":1741803,"minecraft:fall_one_cm":312199}},"DataVersion":3465}