{"stats":{"minecraft:used":{"minecraft:calcite":69,"minecraft:quartz_bricks":595,"minecraft:dark_oak_stairs":7,"minecraft:water_bucket":31,"minecraft:polished_blackstone_brick_slab":21,"minecraft:jack_o_lantern":3,"minecraft:end_rod":15,"minecraft:dirt_path":11,"minecraft:polished_deepslate":8,"minecraft:snow_block":3,"minecraft:flint_and_steel":8,"minecraft:smooth_quartz_slab":22,"minecraft:red_concrete":19,"minecraft:polished_blackstone":52,"minecraft:mangrove_planks":117,"minecraft:ladder":4,"minecraft:oak_sign":2,"minecraft:polished_basalt":7,"minecraft:white_concrete_powder":229,"minecraft:decorated_pot":4,"minecraft:spruce_planks":4,"minecraft:stone":236,"minecraft:brown_mushroom":1,"minecraft:structure_void":1,"minecraft:spruce_sign":14,"minecraft:grass":13,"minecraft:mangrove_hanging_sign":1,"minecraft:netherrack":1,"minecraft:stripped_crimson_stem":2,"minecraft:polished_blackstone_bricks":108,"minecraft:spruce_leaves":321,"minecraft:orange_stained_glass":13,"minecraft:polished_deepslate_slab":112,"minecraft:dark_oak_trapdoor":22,"minecraft:dirt":12,"minecraft:mangrove_trapdoor":4,"minecraft:terracotta":5,"minecraft:yellow_terracotta":179,"minecraft:red_mushroom":2,"minecraft:spruce_stairs":17,"minecraft:smooth_red_sandstone":189,"minecraft:yellow_concrete":3,"minecraft:acacia_leaves":67,"minecraft:dark_oak_fence_gate":83,"minecraft:fire_coral":5,"minecraft:ochre_froglight":13,"minecraft:tuff":5,"minecraft:beehive":14,"minecraft:spruce_fence":37,"minecraft:stripped_spruce_log":3,"minecraft:fern":4,"minecraft:dark_oak_planks":2,"minecraft:honey_block":32,"minecraft:cracked_polished_blackstone_bricks":23,"minecraft:red_wool":36,"minecraft:spruce_wood":312,"minecraft:yellow_stained_glass":2,"minecraft:lantern":2,"minecraft:grass_block":5,"minecraft:green_wool":351,"minecraft:polished_blackstone_brick_wall":1,"minecraft:spruce_pressure_plate":1,"minecraft:dark_oak_wood":306,"minecraft:stone_slab":11,"minecraft:red_terracotta":80,"minecraft:dark_oak_slab":34,"minecraft:polished_blackstone_brick_stairs":16,"minecraft:crimson_roots":1,"minecraft:deepslate":27,"minecraft:crimson_nylium":2,"minecraft:barrel":32,"minecraft:smooth_basalt":7,"minecraft:yellow_concrete_powder":2,"minecraft:stripped_mangrove_log":311,"minecraft:basalt":6,"minecraft:fire_coral_block":283,"minecraft:red_stained_glass_pane":2,"minecraft:honeycomb_block":4,"minecraft:snow":11,"minecraft:white_banner":17,"minecraft:dark_oak_fence":313,"minecraft:mangrove_slab":81,"minecraft:podzol":24,"minecraft:chain":7,"minecraft:acacia_wood":11,"minecraft:skeleton_skull":9,"minecraft:sea_pickle":7,"minecraft:fire_coral_fan":5,"minecraft:coarse_dirt":22,"minecraft:cobbled_deepslate":35,"minecraft:pumpkin":39,"minecraft:orange_terracotta":197,"minecraft:seagrass":20,"minecraft:candle":26},"minecraft:custom":{"minecraft:open_barrel":3,"minecraft:leave_game":14,"minecraft:time_since_death":608784,"minecraft:climb_one_cm":5985,"minecraft:time_since_rest":608784,"minecraft:sprint_one_cm":668830,"minecraft:damage_taken":150,"minecraft:walk_one_cm":325236,"minecraft:swim_one_cm":24348,"minecraft:fly_one_cm":3714142,"minecraft:crouch_one_cm":54968,"minecraft:play_time":608784,"minecraft:sneak_time":30162,"minecraft:walk_under_water_one_cm":18066,"minecraft:interact_with_lectern":2,"minecraft:jump":4525,"minecraft:walk_on_water_one_cm":15343,"minecraft:total_world_time":608784,"minecraft:fall_one_cm":2502}},"DataVersion":3465}