{"stats":{"minecraft:picked_up":{"minecraft:music_disc_relic":2},"minecraft:used":{"minecraft:calcite":5,"minecraft:nether_brick_fence":2,"minecraft:water_bucket":3,"minecraft:iron_ore":31,"minecraft:amethyst_block":2,"minecraft:snow_block":3,"minecraft:birch_planks":29,"minecraft:red_nether_bricks":30,"minecraft:mangrove_planks":18,"minecraft:bone_block":97,"minecraft:oak_sign":17,"minecraft:spruce_planks":14,"minecraft:stone":350,"minecraft:spruce_sign":1,"minecraft:mangrove_fence":3,"minecraft:stripped_birch_wood":54,"minecraft:gold_ore":26,"minecraft:deepslate_bricks":8,"minecraft:netherrack":188,"minecraft:green_terracotta":12,"minecraft:debug_stick":4,"minecraft:polished_blackstone_pressure_plate":1,"minecraft:diamond_block":197,"minecraft:dirt":46,"minecraft:warped_wart_block":31,"minecraft:lime_terracotta":2,"minecraft:crafting_table":1,"minecraft:red_bed":2,"minecraft:spruce_stairs":22,"minecraft:nether_bricks":140,"minecraft:yellow_concrete":44,"minecraft:warped_door":1,"minecraft:dripstone_block":1,"minecraft:lime_shulker_box":2,"minecraft:gray_concrete":19,"minecraft:spruce_fence":14,"minecraft:spruce_log":1,"minecraft:obsidian":9,"minecraft:music_disc_relic":1,"minecraft:birch_fence":15,"minecraft:deepslate_tile_wall":3,"minecraft:shroomlight":1,"minecraft:mud":13,"minecraft:black_concrete":285,"minecraft:lava_bucket":376,"minecraft:mangrove_log":6,"minecraft:coal_ore":8,"minecraft:daylight_detector":2,"minecraft:muddy_mangrove_roots":37,"minecraft:lantern":1,"minecraft:warped_hyphae":306,"minecraft:birch_slab":2,"minecraft:spruce_wood":3,"minecraft:iron_block":1,"minecraft:grass_block":399,"minecraft:mangrove_propagule":7,"minecraft:warped_fence":8,"minecraft:warped_nylium":6,"minecraft:stone_slab":55,"minecraft:cherry_sign":1,"minecraft:deepslate":208,"minecraft:cherry_fence_gate":3,"minecraft:soul_lantern":11,"minecraft:smooth_basalt":42,"minecraft:blackstone_slab":69,"minecraft:green_shulker_box":4,"minecraft:redstone_lamp":2,"minecraft:warped_stairs":1,"minecraft:cobbled_deepslate_slab":7,"minecraft:cyan_stained_glass_pane":2,"minecraft:mangrove_slab":34,"minecraft:podzol":448,"minecraft:chain":19,"minecraft:white_concrete":136,"minecraft:pearlescent_froglight":8,"minecraft:sculk_vein":259,"minecraft:birch_stairs":15,"minecraft:pointed_dripstone":19},"minecraft:custom":{"minecraft:play_record":1,"minecraft:open_shulker_box":39,"minecraft:leave_game":23,"minecraft:time_since_death":260056,"minecraft:climb_one_cm":1507,"minecraft:time_since_rest":260057,"minecraft:sprint_one_cm":477992,"minecraft:damage_taken":4460,"minecraft:walk_one_cm":379321,"minecraft:swim_one_cm":84,"minecraft:fly_one_cm":1872208,"minecraft:crouch_one_cm":35314,"minecraft:play_time":324565,"minecraft:deaths":3,"minecraft:sneak_time":15580,"minecraft:walk_under_water_one_cm":2337,"minecraft:jump":3977,"minecraft:walk_on_water_one_cm":7419,"minecraft:total_world_time":324565,"minecraft:fall_one_cm":105668}},"DataVersion":3465}