{"stats":{"minecraft:picked_up":{"minecraft:lingering_potion":2,"minecraft:stone_slab":1,"minecraft:elytra":1,"minecraft:moss_carpet":64,"minecraft:blackstone":64,"minecraft:spruce_wood":64,"minecraft:lectern":64,"minecraft:spruce_trapdoor":1,"minecraft:tipped_arrow":64,"minecraft:sandstone":64,"minecraft:stone":64,"minecraft:stone_pressure_plate":64,"minecraft:sugar":3,"minecraft:diamond":64},"minecraft:used":{"minecraft:end_rod":5,"minecraft:cherry_wood":6,"minecraft:dirt_path":10,"minecraft:crimson_fence":1,"minecraft:wither_skeleton_skull":2,"minecraft:armor_stand":1,"minecraft:jungle_fence":1,"minecraft:mud_brick_slab":1,"minecraft:oak_sign":4,"minecraft:polished_basalt":3,"minecraft:cherry_planks":21,"minecraft:stone":344,"minecraft:redstone_block":1,"minecraft:sculk":2,"minecraft:calibrated_sculk_sensor":1,"minecraft:player_head":18,"minecraft:polished_blackstone_bricks":7,"minecraft:stripped_crimson_stem":9,"minecraft:sculk_sensor":2,"minecraft:dirt":1,"minecraft:jungle_planks":8,"minecraft:jungle_slab":1,"minecraft:sculk_shrieker":1,"minecraft:shulker_box":24,"minecraft:stripped_cherry_wood":11,"minecraft:painting":2,"minecraft:weeping_vines":2,"minecraft:spruce_log":13,"minecraft:mud_brick_stairs":1,"minecraft:crimson_fence_gate":1,"minecraft:ender_eye":18,"minecraft:piston":2,"minecraft:light":1,"minecraft:cherry_hanging_sign":5,"minecraft:acacia_sign":14,"minecraft:stripped_jungle_log":25,"minecraft:jungle_fence_gate":2,"minecraft:lantern":1,"minecraft:grass_block":31,"minecraft:rooted_dirt":3,"minecraft:slime_block":2,"minecraft:packed_mud":31,"minecraft:crimson_slab":1,"minecraft:jungle_stairs":1,"minecraft:stone_slab":25,"minecraft:cherry_sign":29,"minecraft:crimson_planks":9,"minecraft:mud_bricks":31,"minecraft:crimson_nylium":26,"minecraft:soul_lantern":2,"minecraft:stripped_crimson_hyphae":1,"minecraft:crimson_stairs":1,"minecraft:mud_brick_wall":1,"minecraft:podzol":11,"minecraft:end_portal_frame":18,"minecraft:skeleton_skull":3,"minecraft:brush":3,"minecraft:pearlescent_froglight":2,"minecraft:coarse_dirt":1,"minecraft:dragon_head":2,"minecraft:cherry_log":13,"minecraft:sculk_vein":8,"minecraft:sculk_catalyst":6},"minecraft:dropped":{"minecraft:sugar":67},"minecraft:custom":{"minecraft:interact_with_furnace":1,"minecraft:interact_with_loom":2,"minecraft:open_shulker_box":3821,"minecraft:leave_game":22,"minecraft:time_since_death":49211,"minecraft:sleep_in_bed":3,"minecraft:climb_one_cm":23533,"minecraft:time_since_rest":49212,"minecraft:sprint_one_cm":3024058,"minecraft:damage_taken":22130,"minecraft:walk_one_cm":433879,"minecraft:drop":67,"minecraft:minecart_one_cm":4252,"minecraft:damage_dealt":60,"minecraft:swim_one_cm":86066,"minecraft:talked_to_villager":26,"minecraft:fly_one_cm":15917652,"minecraft:player_kills":1,"minecraft:open_chest":1,"minecraft:crouch_one_cm":62209,"minecraft:play_time":1117284,"minecraft:deaths":9,"minecraft:sneak_time":35471,"minecraft:walk_under_water_one_cm":35409,"minecraft:interact_with_lectern":6,"minecraft:aviate_one_cm":32390,"minecraft:jump":27609,"minecraft:walk_on_water_one_cm":35178,"minecraft:total_world_time":1117284,"minecraft:fall_one_cm":701867,"minecraft:inspect_dispenser":1,"minecraft:horse_one_cm":10880}},"DataVersion":3465}