{"stats":{"minecraft:picked_up":{"minecraft:lime_shulker_box":1,"minecraft:yellow_shulker_box":1,"minecraft:orange_shulker_box":1,"minecraft:light_gray_shulker_box":1,"minecraft:smoker":1,"minecraft:dropper":1,"minecraft:purple_shulker_box":1,"minecraft:light_blue_shulker_box":1,"minecraft:blast_furnace":1,"minecraft:brewing_stand":1,"minecraft:magenta_shulker_box":1,"minecraft:trapped_chest":1,"minecraft:cyan_shulker_box":1,"minecraft:green_shulker_box":1,"minecraft:barrel":1,"minecraft:gray_shulker_box":1,"minecraft:shulker_box":1,"minecraft:dispenser":1,"minecraft:red_shulker_box":1,"minecraft:pink_shulker_box":1,"minecraft:black_shulker_box":1,"minecraft:brown_shulker_box":1,"minecraft:white_shulker_box":1,"minecraft:blue_shulker_box":1,"minecraft:chest":1,"minecraft:furnace":1},"minecraft:used":{"minecraft:iron_ore":22,"minecraft:coal_ore":14,"minecraft:acacia_sign":1,"minecraft:cherry_slab":6,"minecraft:copper_ore":32,"minecraft:chest":1,"minecraft:cherry_planks":2,"minecraft:diamond_ore":32,"minecraft:gold_ore":20,"minecraft:stripped_cherry_log":5,"minecraft:stripped_cherry_wood":9,"minecraft:cherry_log":2},"minecraft:custom":{"minecraft:time_since_rest":79750,"minecraft:sprint_one_cm":131145,"minecraft:damage_taken":360,"minecraft:walk_one_cm":24761,"minecraft:swim_one_cm":10771,"minecraft:fly_one_cm":859878,"minecraft:open_chest":1,"minecraft:crouch_one_cm":2567,"minecraft:play_time":79750,"minecraft:sneak_time":1619,"minecraft:walk_under_water_one_cm":3512,"minecraft:jump":908,"minecraft:leave_game":3,"minecraft:walk_on_water_one_cm":682,"minecraft:time_since_death":79750,"minecraft:climb_one_cm":273,"minecraft:total_world_time":79750,"minecraft:fall_one_cm":31153}},"DataVersion":3465}