{"stats":{"minecraft:used":{"minecraft:stone_bricks":1,"minecraft:oak_door":1,"minecraft:green_carpet":3,"minecraft:acacia_stairs":1,"minecraft:white_concrete_powder":1,"minecraft:cherry_sign":2,"minecraft:powder_snow_bucket":2,"minecraft:sugar_cane":1},"minecraft:dropped":{"minecraft:cherry_sign":1},"minecraft:custom":{"minecraft:time_since_rest":313175,"minecraft:crouch_one_cm":20931,"minecraft:play_time":313175,"minecraft:sprint_one_cm":1263421,"minecraft:damage_taken":170,"minecraft:walk_one_cm":234050,"minecraft:sneak_time":8959,"minecraft:walk_under_water_one_cm":47833,"minecraft:drop":1,"minecraft:interact_with_lectern":1,"minecraft:jump":9380,"minecraft:leave_game":21,"minecraft:walk_on_water_one_cm":19196,"minecraft:time_since_death":313175,"minecraft:climb_one_cm":11088,"minecraft:total_world_time":313175,"minecraft:swim_one_cm":49884,"minecraft:fly_one_cm":3773080,"minecraft:fall_one_cm":5973}},"DataVersion":3465}