{"stats":{"minecraft:used":{"minecraft:spruce_leaves":129,"minecraft:crimson_fence":1,"minecraft:dead_bush":2,"minecraft:mangrove_roots":2,"minecraft:muddy_mangrove_roots":1,"minecraft:medium_amethyst_bud":3,"minecraft:verdant_froglight":12,"minecraft:stone":1,"minecraft:pearlescent_froglight":1,"minecraft:grass":9,"minecraft:player_head":3},"minecraft:custom":{"minecraft:time_since_rest":54007,"minecraft:crouch_one_cm":264,"minecraft:play_time":55324,"minecraft:sprint_one_cm":154598,"minecraft:deaths":1,"minecraft:damage_taken":400,"minecraft:walk_one_cm":21212,"minecraft:sneak_time":1216,"minecraft:walk_under_water_one_cm":4371,"minecraft:boat_one_cm":17460,"minecraft:interact_with_lectern":1,"minecraft:jump":1006,"minecraft:leave_game":7,"minecraft:walk_on_water_one_cm":3123,"minecraft:time_since_death":54004,"minecraft:climb_one_cm":246,"minecraft:total_world_time":55324,"minecraft:swim_one_cm":18056,"minecraft:fly_one_cm":809628,"minecraft:fall_one_cm":2257}},"DataVersion":3465}