{"stats":{"minecraft:killed":{"minecraft:creeper":2,"minecraft:snow_golem":1},"minecraft:killed_by":{"minecraft:creeper":3},"minecraft:custom":{"minecraft:interact_with_crafting_table":1,"minecraft:open_barrel":1,"minecraft:leave_game":143,"minecraft:time_since_death":31678,"minecraft:sprint_one_cm":11273670,"minecraft:drop":48,"minecraft:play_time":4829999,"minecraft:deaths":79,"minecraft:jump":103367,"minecraft:walk_on_water_one_cm":245108,"minecraft:interact_with_loom":3,"minecraft:damage_dealt":1452,"minecraft:interact_with_beacon":1,"minecraft:player_kills":4,"minecraft:crouch_one_cm":137459,"minecraft:inspect_dispenser":50,"minecraft:interact_with_smithing_table":2,"minecraft:mob_kills":3,"minecraft:inspect_hopper":7,"minecraft:climb_one_cm":144598,"minecraft:walk_one_cm":1497943,"minecraft:sneak_time":127343,"minecraft:walk_under_water_one_cm":420908,"minecraft:boat_one_cm":44191,"minecraft:interact_with_lectern":5,"minecraft:interact_with_blast_furnace":12,"minecraft:total_world_time":6368678,"minecraft:pot_flower":5,"minecraft:time_since_rest":31679,"minecraft:damage_taken":34149,"minecraft:swim_one_cm":509255,"minecraft:fly_one_cm":45392441,"minecraft:open_chest":3,"minecraft:aviate_one_cm":335208,"minecraft:fall_one_cm":689758},"minecraft:dropped":{"minecraft:moss_block":1,"minecraft:ender_pearl":2,"minecraft:warped_hyphae":1,"minecraft:raw_gold_block":1,"minecraft:dirt":1,"minecraft:sand":1,"minecraft:dark_oak_planks":1,"minecraft:gravel":1,"minecraft:red_mushroom_block":1,"minecraft:firework_rocket":10,"minecraft:water_bucket":2,"minecraft:sculk_vein":1,"minecraft:spruce_door":1,"minecraft:grass_block":1,"minecraft:polished_andesite":1,"minecraft:pearlescent_froglight":1,"minecraft:soul_soil":1,"minecraft:stone_slab":1,"minecraft:red_terracotta":1,"minecraft:flint_and_steel":8,"minecraft:brain_coral_block":2,"minecraft:stone":3,"minecraft:brain_coral":1,"minecraft:magenta_concrete_powder":2,"minecraft:dark_prismarine":1,"minecraft:pink_concrete_powder":1},"minecraft:used":{"minecraft:moss_block":435,"minecraft:light_blue_banner":4,"minecraft:light_blue_stained_glass_pane":4,"minecraft:moss_carpet":3,"minecraft:writable_book":2,"minecraft:red_sand":4,"minecraft:polished_deepslate":21,"minecraft:smooth_quartz_slab":6,"minecraft:spruce_slab":25,"minecraft:dispenser":25,"minecraft:diamond_hoe":18,"minecraft:ladder":8,"minecraft:oak_sign":21,"minecraft:white_concrete_powder":128,"minecraft:decorated_pot":5,"minecraft:chest":2,"minecraft:stone":4677,"minecraft:bubble_coral":29,"minecraft:grass":38,"minecraft:farmland":156,"minecraft:stripped_crimson_stem":20,"minecraft:tube_coral":3,"minecraft:spruce_leaves":266,"minecraft:debug_stick":368,"minecraft:soul_campfire":2,"minecraft:soul_sand":14,"minecraft:birch_pressure_plate":12,"minecraft:brick_slab":5,"minecraft:jungle_planks":115,"minecraft:prismarine_brick_stairs":16,"minecraft:jungle_slab":61,"minecraft:deepslate_brick_slab":4,"minecraft:acacia_sapling":3,"minecraft:tuff":59,"minecraft:stripped_spruce_log":31,"minecraft:obsidian":38,"minecraft:polished_deepslate_stairs":2,"minecraft:honey_block":27,"minecraft:bricks":105,"minecraft:lava_bucket":1202,"minecraft:mangrove_log":50,"minecraft:stripped_dark_oak_wood":2,"minecraft:coal_ore":45,"minecraft:warped_hyphae":790,"minecraft:spruce_wood":18,"minecraft:lantern":24,"minecraft:grass_block":694,"minecraft:packed_mud":61,"minecraft:quartz_block":34,"minecraft:warped_nylium":25,"minecraft:wet_sponge":2,"minecraft:dark_oak_slab":103,"minecraft:cherry_leaves":43,"minecraft:raw_gold_block":1,"minecraft:stone_brick_stairs":58,"minecraft:stone_bricks":1351,"minecraft:repeater":23,"minecraft:redstone_lamp":29,"minecraft:honeycomb_block":430,"minecraft:bow":1,"minecraft:snow":37,"minecraft:horn_coral":2,"minecraft:hay_block":24,"minecraft:infested_cracked_stone_bricks":1,"minecraft:mangrove_slab":69,"minecraft:beetroot_seeds":8,"minecraft:acacia_fence":92,"minecraft:pink_concrete_powder":617,"minecraft:pearlescent_froglight":32,"minecraft:fire_coral_fan":5,"minecraft:seagrass":13,"minecraft:dark_prismarine_stairs":5,"minecraft:stripped_spruce_wood":6,"minecraft:dark_oak_stairs":4,"minecraft:diorite":231,"minecraft:tube_coral_fan":3,"minecraft:end_stone_bricks":22,"minecraft:spruce_door":4,"minecraft:stripped_acacia_log":108,"minecraft:stripped_birch_log":123,"minecraft:red_stained_glass":8,"minecraft:acacia_trapdoor":5,"minecraft:jungle_fence":27,"minecraft:prismarine":246,"minecraft:mangrove_planks":69,"minecraft:oak_planks":32,"minecraft:prismarine_stairs":1,"minecraft:blackstone":12,"minecraft:lime_concrete_powder":2,"minecraft:sandstone":14,"minecraft:end_stone_brick_slab":25,"minecraft:redstone_block":21,"minecraft:structure_void":228,"minecraft:sugar_cane":5,"minecraft:clay":87,"minecraft:brain_coral":44,"minecraft:respawn_anchor":18,"minecraft:glow_berries":46,"minecraft:sand":242,"minecraft:yellow_terracotta":27,"minecraft:loom":1,"minecraft:smooth_red_sandstone":1,"minecraft:black_banner":16,"minecraft:blast_furnace":3,"minecraft:yellow_concrete":65,"minecraft:acacia_leaves":40,"minecraft:sponge":6,"minecraft:dripstone_block":3,"minecraft:stone_brick_wall":1,"minecraft:black_bed":1,"minecraft:black_concrete_powder":7,"minecraft:end_stone":36,"minecraft:purple_concrete_powder":25,"minecraft:birch_fence":54,"minecraft:deepslate_tiles":1,"minecraft:redstone_torch":13,"minecraft:dead_fire_coral_fan":4,"minecraft:lever":4,"minecraft:green_concrete":9,"minecraft:black_concrete":1,"minecraft:firework_rocket":68,"minecraft:birch_fence_gate":3,"minecraft:daylight_detector":3,"minecraft:dark_oak_log":291,"minecraft:lime_carpet":2,"minecraft:birch_slab":55,"minecraft:warped_slab":36,"minecraft:verdant_froglight":5,"minecraft:red_terracotta":57,"minecraft:cherry_sign":2,"minecraft:diamond_ore":5,"minecraft:iron_door":11,"minecraft:deepslate":122,"minecraft:gravel":9,"minecraft:flowering_azalea_leaves":2,"minecraft:polished_andesite_slab":10,"minecraft:soul_lantern":10,"minecraft:blackstone_slab":2,"minecraft:magenta_stained_glass_pane":22,"minecraft:stripped_warped_hyphae":15,"minecraft:nether_wart_block":129,"minecraft:diamond_sword":1,"minecraft:coal_block":35,"minecraft:exposed_cut_copper":2,"minecraft:stripped_oak_wood":5,"minecraft:dark_oak_fence":16,"minecraft:smithing_table":17,"minecraft:bubble_coral_block":122,"minecraft:white_stained_glass":6,"minecraft:andesite":540,"minecraft:stripped_cherry_log":347,"minecraft:coarse_dirt":34,"minecraft:chorus_plant":2,"minecraft:bone_meal":62,"minecraft:purple_wool":3,"minecraft:cobweb":10,"minecraft:azalea":1,"minecraft:oak_fence":22,"minecraft:orange_concrete_powder":30,"minecraft:netherite_sword":16,"minecraft:jungle_leaves":60,"minecraft:enchanting_table":1,"minecraft:cherry_wood":2,"minecraft:iron_bars":21,"minecraft:crimson_fence":43,"minecraft:acacia_log":492,"minecraft:flint_and_steel":63,"minecraft:dead_bush":2,"minecraft:brain_coral_fan":53,"minecraft:red_concrete":2,"minecraft:redstone":50,"minecraft:light_blue_terracotta":2,"minecraft:spruce_planks":460,"minecraft:stripped_birch_wood":1,"minecraft:mangrove_fence":8,"minecraft:netherrack":32,"minecraft:torch":9,"minecraft:dirt":447,"minecraft:warped_wart_block":450,"minecraft:white_carpet":1,"minecraft:chorus_flower":1,"minecraft:hopper":4,"minecraft:cherry_pressure_plate":2,"minecraft:prismarine_bricks":350,"minecraft:spruce_stairs":27,"minecraft:warped_door":3,"minecraft:glow_lichen":1,"minecraft:granite":2,"minecraft:spruce_fence":185,"minecraft:polished_diorite":31,"minecraft:fern":2,"minecraft:birch_door":1,"minecraft:small_dripleaf":2,"minecraft:andesite_wall":8,"minecraft:shroomlight":26,"minecraft:purple_stained_glass_pane":3,"minecraft:dark_oak_planks":138,"minecraft:sea_lantern":11,"minecraft:flowering_azalea":1,"minecraft:bookshelf":15,"minecraft:light_weighted_pressure_plate":77,"minecraft:muddy_mangrove_roots":2,"minecraft:oak_stairs":2,"minecraft:cherry_slab":41,"minecraft:slime_block":267,"minecraft:brick_stairs":10,"minecraft:warped_fence":73,"minecraft:acacia_slab":60,"minecraft:crimson_slab":9,"minecraft:crimson_planks":543,"minecraft:barrel":29,"minecraft:smooth_basalt":13,"minecraft:bamboo":14,"minecraft:yellow_concrete_powder":4,"minecraft:tripwire_hook":1,"minecraft:glowstone":2,"minecraft:pitcher_plant":1,"minecraft:soul_soil":28,"minecraft:white_stained_glass_pane":19,"minecraft:podzol":138,"minecraft:acacia_wood":23,"minecraft:stone_pressure_plate":1,"minecraft:orange_terracotta":1,"minecraft:orange_stained_glass_pane":11,"minecraft:acacia_planks":483,"minecraft:cobbled_deepslate":2,"minecraft:cherry_fence":96,"minecraft:cherry_log":209,"minecraft:powder_snow_bucket":25,"minecraft:pumpkin":12,"minecraft:bamboo_planks":8,"minecraft:hanging_roots":1,"minecraft:brain_coral_block":391,"minecraft:cobbled_deepslate_wall":6,"minecraft:wheat_seeds":60,"minecraft:quartz_bricks":4,"minecraft:water_bucket":137,"minecraft:nether_brick_wall":7,"minecraft:amethyst_block":2,"minecraft:iron_ore":12,"minecraft:cobblestone_stairs":12,"minecraft:tube_coral_block":12,"minecraft:dirt_path":2,"minecraft:prismarine_brick_slab":16,"minecraft:snow_block":249,"minecraft:birch_planks":494,"minecraft:polished_andesite":82,"minecraft:bubble_coral_fan":28,"minecraft:andesite_slab":8,"minecraft:cherry_planks":372,"minecraft:cut_sandstone":1,"minecraft:red_mushroom_block":2,"minecraft:blue_concrete_powder":2,"minecraft:stonecutter":10,"minecraft:fletching_table":3,"minecraft:cobblestone_slab":20,"minecraft:gold_ore":6,"minecraft:deepslate_bricks":112,"minecraft:polished_blackstone_bricks":1,"minecraft:cracked_stone_bricks":98,"minecraft:gilded_blackstone":82,"minecraft:jungle_wood":152,"minecraft:polished_blackstone_pressure_plate":1,"minecraft:mossy_cobblestone":37,"minecraft:lime_terracotta":2,"minecraft:stripped_dark_oak_log":144,"minecraft:vine":12,"minecraft:tnt":18,"minecraft:dark_prismarine_slab":7,"minecraft:oak_slab":2,"minecraft:crafting_table":9,"minecraft:dark_oak_fence_gate":1,"minecraft:painting":32,"minecraft:warped_planks":28,"minecraft:spruce_log":509,"minecraft:mushroom_stem":1,"minecraft:mud":98,"minecraft:piston":1,"minecraft:dark_prismarine":295,"minecraft:flower_pot":7,"minecraft:acacia_stairs":60,"minecraft:cornflower":1,"minecraft:diamond_shovel":26,"minecraft:cherry_door":2,"minecraft:acacia_sign":22,"minecraft:stripped_jungle_log":24,"minecraft:dead_fire_coral":5,"minecraft:command_block":1,"minecraft:jungle_stairs":12,"minecraft:stone_slab":162,"minecraft:magenta_concrete_powder":138,"minecraft:pink_petals":103,"minecraft:chiseled_stone_bricks":4,"minecraft:cobblestone":731,"minecraft:cherry_stairs":31,"minecraft:azalea_leaves":1,"minecraft:crimson_stairs":22,"minecraft:red_concrete_powder":35,"minecraft:glass_pane":4,"minecraft:magenta_glazed_terracotta":165,"minecraft:repeating_command_block":84,"minecraft:sea_pickle":14,"minecraft:stripped_oak_log":15,"minecraft:sculk_vein":505,"minecraft:brown_mushroom_block":1,"minecraft:soul_torch":4,"minecraft:birch_stairs":29},"minecraft:picked_up":{"minecraft:stone_slab":2,"minecraft:brain_coral_block":2,"minecraft:magenta_concrete_powder":2,"minecraft:water_bucket":2,"minecraft:pink_concrete_powder":1,"minecraft:warped_hyphae":1,"minecraft:brain_coral":1,"minecraft:red_terracotta":1,"minecraft:polished_andesite":1,"minecraft:elytra":2,"minecraft:stone":3,"minecraft:dark_oak_planks":1,"minecraft:sculk_vein":1,"minecraft:pearlescent_froglight":1,"minecraft:spruce_door":1,"minecraft:ender_pearl":1}},"DataVersion":3578}