{"stats":{"minecraft:picked_up":{"minecraft:white_stained_glass":2,"minecraft:written_book":1,"minecraft:sandstone":1,"minecraft:music_disc_relic":1,"minecraft:music_disc_pigstep":1,"minecraft:carrot":1,"minecraft:end_crystal":1,"minecraft:cooked_beef":2,"minecraft:crimson_stairs":1,"minecraft:writable_book":4},"minecraft:used":{"minecraft:moss_block":542,"minecraft:oak_fence":48,"minecraft:peony":2,"minecraft:oak_trapdoor":4,"minecraft:nether_brick_fence":3,"minecraft:moss_carpet":5,"minecraft:cherry_wood":45,"minecraft:jack_o_lantern":118,"minecraft:polished_blackstone_brick_slab":1,"minecraft:writable_book":10,"minecraft:iron_bars":9,"minecraft:flint_and_steel":18,"minecraft:crimson_fence":88,"minecraft:polished_deepslate":76,"minecraft:dead_bush":36,"minecraft:light_gray_stained_glass_pane":49,"minecraft:spruce_slab":66,"minecraft:stone_shovel":32,"minecraft:bone_block":60,"minecraft:ladder":9,"minecraft:elytra":2,"minecraft:light_gray_carpet":45,"minecraft:oak_sign":20,"minecraft:white_concrete_powder":32,"minecraft:decorated_pot":34,"minecraft:spruce_planks":32,"minecraft:stone":1833,"minecraft:brown_concrete":5,"minecraft:stripped_jungle_wood":22,"minecraft:stripped_birch_wood":7,"minecraft:mangrove_fence":93,"minecraft:grass":70,"minecraft:player_head":162,"minecraft:farmland":34,"minecraft:green_terracotta":1,"minecraft:netherrack":27,"minecraft:orange_bed":3,"minecraft:debug_stick":131,"minecraft:spruce_leaves":79,"minecraft:torch":6,"minecraft:dirt":413,"minecraft:warped_wart_block":91,"minecraft:spruce_stairs":52,"minecraft:nether_bricks":120,"minecraft:jungle_slab":1,"minecraft:allium":29,"minecraft:cracked_deepslate_tiles":12,"minecraft:warped_door":9,"minecraft:oak_wood":12,"minecraft:warped_pressure_plate":9,"minecraft:beehive":3,"minecraft:tuff":226,"minecraft:glow_lichen":101,"minecraft:spruce_fence":189,"minecraft:granite":1,"minecraft:stripped_spruce_log":1,"minecraft:fern":99,"minecraft:music_disc_relic":1,"minecraft:shroomlight":5,"minecraft:dark_oak_planks":6,"minecraft:packed_ice":23,"minecraft:lava_bucket":73,"minecraft:sea_lantern":1,"minecraft:bricks":3,"minecraft:mangrove_log":165,"minecraft:netherite_shovel":120,"minecraft:coal_ore":6,"minecraft:bookshelf":31,"minecraft:grass_block":1335,"minecraft:mangrove_stairs":6,"minecraft:red_wool":32,"minecraft:warped_hyphae":287,"minecraft:spruce_wood":33,"minecraft:lantern":66,"minecraft:muddy_mangrove_roots":23,"minecraft:oak_stairs":3,"minecraft:rooted_dirt":18,"minecraft:brick_stairs":3,"minecraft:slime_block":205,"minecraft:warped_fence":45,"minecraft:acacia_slab":3,"minecraft:crimson_slab":43,"minecraft:warped_nylium":80,"minecraft:dark_oak_wood":4,"minecraft:mossy_cobblestone_slab":22,"minecraft:dark_oak_slab":9,"minecraft:polished_blackstone_brick_stairs":13,"minecraft:crimson_roots":2,"minecraft:cherry_leaves":62,"minecraft:smooth_quartz":3,"minecraft:totem_of_undying":2,"minecraft:crimson_planks":8,"minecraft:barrel":15,"minecraft:item_frame":1,"minecraft:slime_spawn_egg":7,"minecraft:smooth_basalt":6,"minecraft:bamboo":57,"minecraft:stripped_mangrove_log":7,"minecraft:redstone_lamp":2,"minecraft:magma_block":25,"minecraft:warped_stairs":10,"minecraft:pitcher_plant":7,"minecraft:hay_block":178,"minecraft:written_book":1,"minecraft:sweet_berries":25,"minecraft:mangrove_roots":9,"minecraft:lime_stained_glass":5,"minecraft:furnace":11,"minecraft:mangrove_slab":221,"minecraft:podzol":62,"minecraft:acacia_fence":1,"minecraft:acacia_wood":5,"minecraft:skeleton_skull":13,"minecraft:green_stained_glass_pane":1,"minecraft:brown_concrete_powder":6,"minecraft:cooked_beef":77,"minecraft:pearlescent_froglight":147,"minecraft:cobbled_deepslate":1,"minecraft:acacia_planks":1,"minecraft:cherry_fence":8,"minecraft:cherry_log":50,"minecraft:turtle_egg":7,"minecraft:pumpkin":48,"minecraft:bamboo_planks":4,"minecraft:large_fern":18,"minecraft:stripped_spruce_wood":38,"minecraft:pointed_dripstone":12,"minecraft:mangrove_leaves":61,"minecraft:calcite":77,"minecraft:dark_oak_stairs":37,"minecraft:water_bucket":230,"minecraft:diorite":59,"minecraft:nether_brick_wall":8,"minecraft:amethyst_block":188,"minecraft:iron_ore":32,"minecraft:torchflower":27,"minecraft:dirt_path":62,"minecraft:spruce_door":1,"minecraft:snow_block":5,"minecraft:stripped_birch_log":11,"minecraft:birch_planks":59,"minecraft:red_nether_bricks":18,"minecraft:birch_leaves":28,"minecraft:mangrove_planks":215,"minecraft:polished_andesite":1,"minecraft:gray_carpet":29,"minecraft:jungle_fence":22,"minecraft:lime_wool":1,"minecraft:oak_planks":24,"minecraft:blackstone":54,"minecraft:orange_tulip":22,"minecraft:lime_concrete_powder":12,"minecraft:redstone_block":2,"minecraft:sandstone":33,"minecraft:structure_void":23,"minecraft:brown_mushroom":24,"minecraft:cut_sandstone":4,"minecraft:red_mushroom_block":2,"minecraft:blue_concrete_powder":1,"minecraft:cauldron":2,"minecraft:sniffer_egg":1,"minecraft:clay":3,"minecraft:spruce_fence_gate":2,"minecraft:cobblestone_slab":89,"minecraft:gold_ore":1,"minecraft:deepslate_bricks":79,"minecraft:warped_roots":5,"minecraft:large_amethyst_bud":1,"minecraft:polished_blackstone_bricks":38,"minecraft:white_wool":8,"minecraft:respawn_anchor":1,"minecraft:mossy_cobblestone":38,"minecraft:diamond_block":90,"minecraft:sand":52,"minecraft:lime_terracotta":90,"minecraft:vine":5,"minecraft:yellow_terracotta":20,"minecraft:cut_sandstone_slab":5,"minecraft:oak_slab":26,"minecraft:crafting_table":8,"minecraft:red_bed":1,"minecraft:red_mushroom":7,"minecraft:light_blue_wool":1,"minecraft:yellow_concrete":1,"minecraft:blue_ice":3,"minecraft:ochre_froglight":60,"minecraft:sponge":2,"minecraft:light_gray_concrete_powder":2,"minecraft:purple_terracotta":9,"minecraft:dripstone_block":59,"minecraft:painting":25,"minecraft:spruce_log":20,"minecraft:warped_planks":82,"minecraft:book":2,"minecraft:mushroom_stem":300,"minecraft:birch_fence":178,"minecraft:oak_log":6,"minecraft:purple_stained_glass":46,"minecraft:sticky_piston":1,"minecraft:mud":483,"minecraft:green_concrete":1,"minecraft:flower_pot":2,"minecraft:acacia_stairs":4,"minecraft:cornflower":1,"minecraft:daylight_detector":3,"minecraft:command_block":5,"minecraft:birch_slab":299,"minecraft:nether_sprouts":2,"minecraft:mangrove_propagule":25,"minecraft:bread":7,"minecraft:barrier":4,"minecraft:warped_slab":84,"minecraft:verdant_froglight":290,"minecraft:spore_blossom":2,"minecraft:lectern":7,"minecraft:stone_slab":193,"minecraft:red_terracotta":4,"minecraft:purpur_slab":17,"minecraft:cherry_sign":15,"minecraft:oak_pressure_plate":1,"minecraft:diamond_ore":2,"minecraft:spruce_sapling":12,"minecraft:deepslate":71,"minecraft:budding_amethyst":15,"minecraft:polished_andesite_slab":10,"minecraft:soul_lantern":6,"minecraft:blackstone_slab":12,"minecraft:magenta_stained_glass_pane":3,"minecraft:pink_petals":41,"minecraft:green_carpet":5,"minecraft:brown_stained_glass_pane":14,"minecraft:fire_charge":55,"minecraft:cobblestone":65,"minecraft:azalea_leaves":7,"minecraft:crimson_stairs":33,"minecraft:white_banner":13,"minecraft:cyan_stained_glass_pane":5,"minecraft:stripped_oak_wood":39,"minecraft:dark_oak_fence":42,"minecraft:white_stained_glass":3,"minecraft:birch_log":1,"minecraft:andesite":241,"minecraft:ice":13,"minecraft:repeating_command_block":3,"minecraft:sea_pickle":7,"minecraft:stripped_cherry_log":6,"minecraft:white_concrete":1,"minecraft:brown_mushroom_block":105,"minecraft:oak_hanging_sign":1,"minecraft:bone_meal":72,"minecraft:sculk_vein":21,"minecraft:smooth_stone":2,"minecraft:candle":48,"minecraft:birch_stairs":16},"minecraft:killed":{"minecraft:slime":4},"minecraft:mined":{"minecraft:dandelion":1,"minecraft:poppy":1,"minecraft:tall_grass":12,"minecraft:grass":58},"minecraft:dropped":{"minecraft:cooked_beef":2,"minecraft:diamond":64,"minecraft:structure_void":1,"minecraft:crimson_stairs":1,"minecraft:grass":1,"minecraft:end_crystal":1,"minecraft:moss_carpet":64,"minecraft:blackstone":64,"minecraft:diamond_block":1,"minecraft:tipped_arrow":64,"minecraft:stone":66,"minecraft:spruce_trapdoor":1,"minecraft:lingering_potion":2,"minecraft:spruce_wood":64,"minecraft:stone_pressure_plate":64,"minecraft:sandstone":65,"minecraft:white_stained_glass":2,"minecraft:lectern":64},"minecraft:custom":{"minecraft:interact_with_smithing_table":1,"minecraft:mob_kills":4,"minecraft:interact_with_crafting_table":1,"minecraft:open_barrel":33,"minecraft:open_shulker_box":26,"minecraft:leave_game":334,"minecraft:time_since_death":41419,"minecraft:climb_one_cm":21514,"minecraft:sprint_one_cm":3832809,"minecraft:walk_one_cm":865241,"minecraft:drop":25,"minecraft:play_time":2700098,"minecraft:deaths":21,"minecraft:sneak_time":185653,"minecraft:walk_under_water_one_cm":77537,"minecraft:boat_one_cm":8775,"minecraft:interact_with_lectern":56,"minecraft:jump":27181,"minecraft:interact_with_blast_furnace":8,"minecraft:walk_on_water_one_cm":112959,"minecraft:total_world_time":2700098,"minecraft:play_record":1,"minecraft:interact_with_loom":1,"minecraft:pot_flower":2,"minecraft:interact_with_stonecutter":1,"minecraft:sleep_in_bed":5,"minecraft:time_since_rest":41420,"minecraft:damage_taken":14332,"minecraft:damage_dealt":284,"minecraft:interact_with_beacon":1,"minecraft:swim_one_cm":52500,"minecraft:fly_one_cm":30026071,"minecraft:open_chest":9,"minecraft:crouch_one_cm":334723,"minecraft:aviate_one_cm":12338,"minecraft:fall_one_cm":492733,"minecraft:horse_one_cm":255}},"DataVersion":3465}