{
    "display": {
        "title": {
            "text": "Easter Eggs",
            "color": "light_purple",
            "bold": true
        },
        "description": {
            "text": "Can you find the 10 hidden Easter eggs?",
            "color": "white",
            "bold": false
        },
        "icon": {
            "id": "minecraft:player_head",
            "components": {
                "minecraft:profile": {
                  "properties": [
                    {
                      "name": "textures",
                      "value": "eyJ0ZXh0dXJlcyI6eyJTS0lOIjp7InVybCI6Imh0dHA6Ly90ZXh0dXJlcy5taW5lY3JhZnQubmV0L3RleHR1cmUvN2JlNzU0NTI5N2RmZDYyNjZiYmFhMjA1MTgyNWU4ODc5Y2JmYTQyYzdlN2UyNGU1MDc5NmYyN2NhNmExOCJ9fX0"
                    }
                  ]
                }
              }
        },
        "frame": "challenge",
        "show_toast": false,
        "announce_to_chat": false,
        "hidden": false,
        "background": "minecraft:textures/gui/advancements/backgrounds/stone.png"
    },
    "criteria": {
        "root": {
            "trigger": "minecraft:tick"
        }
    }
}