{
    "parent": "main:easter_eggs/root",
    "display": {
        "title": {
            "text": "Treehouse",
            "color": "light_purple",
            "bold": true
        },
        "description": {
            "text": "Find the treehouse at spawn",
            "color": "white",
            "bold": false
        },
        "icon": {
            "id": "minecraft:oak_sapling"
       },
        "frame": "challenge",
        "show_toast": true,
        "announce_to_chat": false,
        "hidden": true
    },
    "criteria": {
        "0": {
            "trigger": "minecraft:impossible"
        }
    }
}