{"stats":{"minecraft:used":{"minecraft:mangrove_leaves":2,"minecraft:shroomlight":1,"minecraft:oak_fence":5,"minecraft:waxed_oxidized_copper":8,"minecraft:dark_oak_planks":22,"minecraft:writable_book":2,"minecraft:lava_bucket":67,"minecraft:bricks":2,"minecraft:dirt_path":10,"minecraft:snow_block":1,"minecraft:brick_wall":4,"minecraft:mangrove_stairs":2,"minecraft:wither_skeleton_skull":24,"minecraft:grass_block":26,"minecraft:dark_oak_sign":73,"minecraft:mangrove_planks":223,"minecraft:crimson_slab":27,"minecraft:oak_sign":5,"minecraft:warped_nylium":32,"minecraft:spruce_planks":45,"minecraft:purple_glazed_terracotta":3,"minecraft:stone":109,"minecraft:structure_void":2,"minecraft:raw_gold_block":18,"minecraft:mangrove_fence":27,"minecraft:glow_ink_sac":1,"minecraft:crimson_planks":66,"minecraft:player_head":8,"minecraft:crimson_nylium":1,"minecraft:farmland":2,"minecraft:netherrack":100,"minecraft:green_terracotta":2,"minecraft:debug_stick":11,"minecraft:orange_stained_glass":120,"minecraft:wooden_sword":1,"minecraft:redstone_lamp":3,"minecraft:ancient_debris":125,"minecraft:snow":1,"minecraft:mangrove_roots":15,"minecraft:mangrove_slab":21,"minecraft:birch_sign":5,"minecraft:skeleton_skull":17,"minecraft:tuff":2,"minecraft:pearlescent_froglight":18,"minecraft:granite":5,"minecraft:powder_snow_bucket":2},"minecraft:custom":{"minecraft:time_since_rest":262126,"minecraft:sprint_one_cm":981017,"minecraft:damage_taken":5640,"minecraft:walk_one_cm":218235,"minecraft:damage_dealt":10,"minecraft:swim_one_cm":34665,"minecraft:fly_one_cm":3982027,"minecraft:open_barrel":5,"minecraft:open_chest":3,"minecraft:crouch_one_cm":36481,"minecraft:play_time":382237,"minecraft:deaths":4,"minecraft:sneak_time":19372,"minecraft:walk_under_water_one_cm":75164,"minecraft:interact_with_lectern":2,"minecraft:aviate_one_cm":6056,"minecraft:jump":6836,"minecraft:leave_game":29,"minecraft:time_since_death":262124,"minecraft:walk_on_water_one_cm":7236,"minecraft:total_world_time":382237,"minecraft:climb_one_cm":9416,"minecraft:fall_one_cm":95265}},"DataVersion":3120}