{"stats":{"minecraft:picked_up":{"minecraft:fishing_rod":2,"minecraft:light_gray_shulker_box":5,"minecraft:stone_slab":2,"minecraft:purple_shulker_box":5,"minecraft:brewing_stand":5,"minecraft:orange_stained_glass":1,"minecraft:elytra":25,"minecraft:pink_shulker_box":5,"minecraft:black_shulker_box":5,"minecraft:player_head":2,"minecraft:chest":4,"minecraft:blue_shulker_box":5,"minecraft:furnace":4,"minecraft:lime_shulker_box":5,"minecraft:orange_shulker_box":5,"minecraft:white_dye":1,"minecraft:magenta_shulker_box":5,"minecraft:cyan_shulker_box":5,"minecraft:gray_shulker_box":5,"minecraft:red_shulker_box":5,"minecraft:brown_shulker_box":5,"minecraft:white_shulker_box":5,"minecraft:yellow_shulker_box":5,"minecraft:glow_ink_sac":1,"minecraft:smoker":5,"minecraft:green_shulker_box":5,"minecraft:name_tag":1,"minecraft:podzol":1,"minecraft:debug_stick":1,"minecraft:dropper":5,"minecraft:light_blue_shulker_box":5,"minecraft:blast_furnace":5,"minecraft:trapped_chest":5,"minecraft:barrel":4,"minecraft:shulker_box":4,"minecraft:dispenser":5,"minecraft:spruce_sign":1,"minecraft:ender_pearl":1},"minecraft:killed":{"minecraft:shulker":28,"minecraft:warden":19,"minecraft:magma_cube":131,"minecraft:frog":31,"minecraft:strider":2,"minecraft:stray":4},"minecraft:used":{"minecraft:waxed_exposed_cut_copper":5,"minecraft:orange_concrete_powder":11,"minecraft:moss_block":8,"minecraft:red_sand":21,"minecraft:oak_fence":8,"minecraft:iron_bars":12,"minecraft:purpur_block":1,"minecraft:stripped_acacia_wood":10,"minecraft:petrified_oak_slab":7,"minecraft:moss_carpet":4,"minecraft:blue_terracotta":41,"minecraft:netherite_sword":212,"minecraft:rose_bush":4,"minecraft:polished_blackstone_brick_slab":89,"minecraft:writable_book":20,"minecraft:enchanting_table":9,"minecraft:chiseled_deepslate":8,"minecraft:orange_concrete":6,"minecraft:polished_deepslate":188,"minecraft:crimson_fence":12,"minecraft:dead_bush":3,"minecraft:flint_and_steel":33,"minecraft:melon":13,"minecraft:cut_red_sandstone_slab":14,"minecraft:carved_pumpkin":37,"minecraft:armor_stand":4,"minecraft:spruce_slab":41,"minecraft:polished_blackstone":78,"minecraft:dried_kelp":2,"minecraft:ladder":6,"minecraft:elytra":2,"minecraft:oak_sign":5,"minecraft:chest":9,"minecraft:spruce_planks":28,"minecraft:tinted_glass":1,"minecraft:stone":3014,"minecraft:sculk":591,"minecraft:mangrove_fence":29,"minecraft:grass":32,"minecraft:farmland":7,"minecraft:player_head":2,"minecraft:netherrack":266,"minecraft:rotten_flesh":11,"minecraft:green_terracotta":6,"minecraft:stripped_crimson_stem":20,"minecraft:sculk_sensor":8,"minecraft:debug_stick":325,"minecraft:white_candle":29,"minecraft:spruce_leaves":11,"minecraft:orange_stained_glass":47,"minecraft:torch":3,"minecraft:chiseled_red_sandstone":15,"minecraft:end_stone_brick_wall":3,"minecraft:warped_wart_block":55,"minecraft:dirt":384,"minecraft:soul_sand":31,"minecraft:spyglass":1,"minecraft:ancient_debris":28,"minecraft:light_blue_dye":1,"minecraft:chorus_flower":3,"minecraft:blue_stained_glass":127,"minecraft:twisting_vines":10,"minecraft:nether_bricks":51,"minecraft:crimson_hyphae":2,"minecraft:shulker_box":3,"minecraft:stone_stairs":6,"minecraft:deepslate_tile_slab":10,"minecraft:oak_wood":11,"minecraft:light_blue_stained_glass":204,"minecraft:spruce_fence":26,"minecraft:blue_concrete":12,"minecraft:snowball":21,"minecraft:weeping_vines":22,"minecraft:milk_bucket":7,"minecraft:polished_diorite":18,"minecraft:fern":18,"minecraft:warden_spawn_egg":12,"minecraft:honey_bottle":38,"minecraft:big_dripleaf":6,"minecraft:polished_deepslate_stairs":32,"minecraft:shroomlight":31,"minecraft:red_sandstone_stairs":2,"minecraft:purple_stained_glass_pane":29,"minecraft:frog_spawn_egg":30,"minecraft:waxed_oxidized_copper":6,"minecraft:dark_oak_planks":20,"minecraft:packed_ice":98,"minecraft:lava_bucket":307,"minecraft:mangrove_log":10,"minecraft:bookshelf":17,"minecraft:grass_block":17,"minecraft:iron_block":2,"minecraft:light_weighted_pressure_plate":25,"minecraft:waxed_cut_copper":5,"minecraft:spruce_wood":17,"minecraft:lantern":16,"minecraft:muddy_mangrove_roots":2,"minecraft:slime_block":117,"minecraft:warped_fence":29,"minecraft:acacia_slab":10,"minecraft:crimson_slab":12,"minecraft:warped_nylium":30,"minecraft:dark_oak_wood":35,"minecraft:dark_oak_slab":11,"minecraft:polished_blackstone_brick_stairs":86,"minecraft:waxed_weathered_cut_copper":9,"minecraft:crimson_roots":5,"minecraft:raw_gold_block":7,"minecraft:mud_bricks":23,"minecraft:crimson_planks":491,"minecraft:barrel":7,"minecraft:red_carpet":11,"minecraft:red_nether_brick_wall":7,"minecraft:reinforced_deepslate":25,"minecraft:purple_concrete":8,"minecraft:glowstone":13,"minecraft:brown_carpet":6,"minecraft:redstone_lamp":9,"minecraft:magma_block":61,"minecraft:snow":39,"minecraft:soul_soil":75,"minecraft:warped_fungus":5,"minecraft:hay_block":12,"minecraft:emerald_block":4,"minecraft:oxidized_cut_copper_stairs":1,"minecraft:mangrove_roots":3,"minecraft:black_dye":1,"minecraft:furnace":1,"minecraft:deepslate_tile_stairs":1,"minecraft:mangrove_slab":4,"minecraft:podzol":16,"minecraft:acacia_fence":2,"minecraft:polished_diorite_stairs":5,"minecraft:gold_block":69,"minecraft:skeleton_skull":79,"minecraft:gray_banner":20,"minecraft:red_dye":1,"minecraft:acacia_planks":67,"minecraft:pearlescent_froglight":22,"minecraft:cobbled_deepslate":169,"minecraft:seagrass":1,"minecraft:powder_snow_bucket":3,"minecraft:orange_terracotta":2,"minecraft:pumpkin":38,"minecraft:large_fern":2,"minecraft:stripped_spruce_wood":35,"minecraft:pointed_dripstone":166,"minecraft:brown_bed":1,"minecraft:mangrove_leaves":60,"minecraft:crimson_stem":19,"minecraft:light_blue_carpet":4,"minecraft:water_bucket":115,"minecraft:waxed_oxidized_cut_copper_slab":2,"minecraft:warped_stem":4,"minecraft:end_rod":43,"minecraft:dirt_path":38,"minecraft:brick_wall":10,"minecraft:lodestone":1,"minecraft:wither_skeleton_skull":19,"minecraft:snow_block":35,"minecraft:dark_oak_sign":1,"minecraft:mangrove_planks":86,"minecraft:lime_wool":159,"minecraft:oak_planks":27,"minecraft:waxed_oxidized_cut_copper":5,"minecraft:polished_diorite_slab":12,"minecraft:cactus":5,"minecraft:lime_concrete_powder":21,"minecraft:spruce_sign":15,"minecraft:redstone_block":2,"minecraft:blue_concrete_powder":339,"minecraft:structure_void":30,"minecraft:white_dye":1,"minecraft:magenta_stained_glass":41,"minecraft:blue_bed":1,"minecraft:glow_ink_sac":6,"minecraft:sugar_cane":3,"minecraft:spruce_fence_gate":1,"minecraft:purpur_pillar":233,"minecraft:warped_roots":8,"minecraft:waxed_copper_block":7,"minecraft:polished_blackstone_bricks":28,"minecraft:glow_item_frame":4,"minecraft:waxed_exposed_copper":13,"minecraft:stripped_mangrove_wood":1,"minecraft:polished_deepslate_slab":11,"minecraft:diamond_block":1,"minecraft:blue_dye":1,"minecraft:sand":19,"minecraft:stripped_dark_oak_log":34,"minecraft:mangrove_trapdoor":2,"minecraft:yellow_terracotta":2,"minecraft:oak_slab":1,"minecraft:crafting_table":1,"minecraft:magenta_bed":1,"minecraft:blast_furnace":1,"minecraft:birch_sign":10,"minecraft:smooth_red_sandstone":70,"minecraft:sculk_shrieker":5,"minecraft:blue_ice":95,"minecraft:campfire":3,"minecraft:oxidized_cut_copper_slab":1,"minecraft:purple_terracotta":44,"minecraft:ochre_froglight":2,"minecraft:dripstone_block":684,"minecraft:shulker_spawn_egg":1,"minecraft:black_concrete_powder":28,"minecraft:end_stone":8,"minecraft:red_sandstone_wall":4,"minecraft:deepslate_tiles":33,"minecraft:creeper_spawn_egg":1,"minecraft:redstone_torch":1,"minecraft:oak_log":4,"minecraft:mud":71,"minecraft:gray_terracotta":9,"minecraft:black_concrete":4,"minecraft:wooden_hoe":3,"minecraft:green_concrete":11,"minecraft:yellow_dye":1,"minecraft:light":7,"minecraft:red_sandstone":3,"minecraft:cornflower":11,"minecraft:warped_trapdoor":1,"minecraft:acacia_sign":10,"minecraft:command_block":1,"minecraft:nether_sprouts":6,"minecraft:mangrove_propagule":3,"minecraft:warped_slab":14,"minecraft:verdant_froglight":16,"minecraft:cyan_carpet":2,"minecraft:lectern":1,"minecraft:stone_slab":110,"minecraft:red_terracotta":5,"minecraft:spruce_trapdoor":1,"minecraft:deepslate":38,"minecraft:iron_door":2,"minecraft:cut_red_sandstone":13,"minecraft:crimson_nylium":89,"minecraft:soul_lantern":19,"minecraft:blackstone_slab":8,"minecraft:magenta_stained_glass_pane":7,"minecraft:stripped_warped_hyphae":1,"minecraft:green_carpet":3,"minecraft:nether_wart_block":66,"minecraft:fire_coral_block":23,"minecraft:coal_block":113,"minecraft:crimson_fungus":2,"minecraft:light_blue_concrete_powder":6,"minecraft:potion":6,"minecraft:stripped_crimson_hyphae":8,"minecraft:crimson_stairs":46,"minecraft:cobbled_deepslate_slab":15,"minecraft:mud_brick_wall":6,"minecraft:stripped_oak_wood":7,"minecraft:grindstone":5,"minecraft:green_concrete_powder":36,"minecraft:black_candle":14,"minecraft:ice":14,"minecraft:glass_pane":11,"minecraft:wither_rose":7,"minecraft:smooth_stone_slab":5,"minecraft:end_portal_frame":1,"minecraft:sea_pickle":46,"minecraft:stripped_oak_log":2,"minecraft:coarse_dirt":10,"minecraft:waxed_weathered_copper":14,"minecraft:chorus_plant":6,"minecraft:nether_brick_fence":7,"minecraft:sculk_vein":244,"minecraft:sculk_catalyst":5,"minecraft:candle":7,"minecraft:purple_candle":11,"minecraft:jack_o_lantern":13,"minecraft:cobweb":20,"minecraft:lime_candle":2},"minecraft:custom":{"minecraft:mob_kills":216,"minecraft:open_barrel":8,"minecraft:open_shulker_box":6,"minecraft:damage_dealt_resisted":158780,"minecraft:leave_game":63,"minecraft:time_since_death":233991,"minecraft:climb_one_cm":15788,"minecraft:sprint_one_cm":2204628,"minecraft:walk_one_cm":895664,"minecraft:drop":7,"minecraft:play_time":1436983,"minecraft:sneak_time":110663,"minecraft:deaths":17,"minecraft:walk_under_water_one_cm":159920,"minecraft:interact_with_lectern":15,"minecraft:jump":19034,"minecraft:interact_with_blast_furnace":3,"minecraft:walk_on_water_one_cm":59049,"minecraft:total_world_time":1436983,"minecraft:interact_with_furnace":1,"minecraft:time_since_rest":233992,"minecraft:damage_taken":12632,"minecraft:damage_dealt":116721,"minecraft:player_kills":4,"minecraft:swim_one_cm":87329,"minecraft:fly_one_cm":12200764,"minecraft:open_chest":23,"minecraft:crouch_one_cm":199620,"minecraft:aviate_one_cm":8928,"minecraft:fall_one_cm":157717},"minecraft:killed_by":{"minecraft:player":1},"minecraft:dropped":{"minecraft:netherite_sword":1,"minecraft:stone_slab":2,"minecraft:name_tag":1,"minecraft:debug_stick":1,"minecraft:leather_boots":1,"minecraft:podzol":1}},"DataVersion":3120}