{"stats":{"minecraft:used":{"minecraft:calcite":86,"minecraft:crimson_stem":4,"minecraft:glass":12,"minecraft:mud":88,"minecraft:iron_hoe":1,"minecraft:writable_book":2,"minecraft:brown_terracotta":8,"minecraft:jack_o_lantern":8,"minecraft:mangrove_wood":3,"minecraft:water_bucket":30,"minecraft:blue_terracotta":42,"minecraft:sea_lantern":24,"minecraft:mangrove_log":6,"minecraft:red_sand":5,"minecraft:netherite_shovel":46,"minecraft:acacia_log":4,"minecraft:crying_obsidian":3,"minecraft:flint_and_steel":7,"minecraft:black_stained_glass_pane":5,"minecraft:carved_pumpkin":15,"minecraft:lantern":12,"minecraft:grass_block":150,"minecraft:ladder":3,"minecraft:polished_andesite":72,"minecraft:bone_block":11,"minecraft:lime_wool":1,"minecraft:mangrove_planks":2,"minecraft:acacia_slab":104,"minecraft:stone_slab":13,"minecraft:red_terracotta":41,"minecraft:polished_blackstone_brick_stairs":1,"minecraft:stone":577,"minecraft:nether_wart":29,"minecraft:redstone_block":2,"minecraft:spruce_sign":7,"minecraft:cauldron":1,"minecraft:iron_door":11,"minecraft:raw_gold_block":1,"minecraft:glow_ink_sac":1,"minecraft:mud_bricks":21,"minecraft:barrel":6,"minecraft:polished_andesite_slab":12,"minecraft:warped_roots":1,"minecraft:spruce_leaves":33,"minecraft:coal_block":117,"minecraft:orange_carpet":1,"minecraft:nether_wart_block":46,"minecraft:lime_terracotta":61,"minecraft:soul_sand":31,"minecraft:redstone_lamp":2,"minecraft:yellow_terracotta":26,"minecraft:mud_brick_wall":6,"minecraft:mangrove_roots":42,"minecraft:soul_soil":131,"minecraft:spruce_stairs":3,"minecraft:podzol":9,"minecraft:stone_stairs":5,"minecraft:acacia_leaves":8,"minecraft:smooth_stone_slab":8,"minecraft:purple_terracotta":42,"minecraft:stone_brick_wall":25,"minecraft:dripstone_block":39,"minecraft:cooked_beef":3,"minecraft:acacia_planks":275,"minecraft:cobbled_deepslate":134,"minecraft:spruce_fence":15,"minecraft:smooth_stone":22,"minecraft:acacia_stairs":101,"minecraft:obsidian":32,"minecraft:mangrove_leaves":123,"minecraft:deepslate_tiles":72},"minecraft:custom":{"minecraft:time_since_rest":31989,"minecraft:sprint_one_cm":425087,"minecraft:damage_taken":10910,"minecraft:walk_one_cm":171677,"minecraft:swim_one_cm":98504,"minecraft:fly_one_cm":3555673,"minecraft:open_chest":1,"minecraft:fill_cauldron":1,"minecraft:crouch_one_cm":10739,"minecraft:play_time":414917,"minecraft:deaths":20,"minecraft:sneak_time":13066,"minecraft:walk_under_water_one_cm":70029,"minecraft:interact_with_lectern":2,"minecraft:jump":3077,"minecraft:leave_game":15,"minecraft:time_since_death":31989,"minecraft:walk_on_water_one_cm":21023,"minecraft:total_world_time":414917,"minecraft:climb_one_cm":4255,"minecraft:fall_one_cm":145539}},"DataVersion":3120}