{"stats":{"minecraft:used":{"minecraft:mangrove_leaves":34,"minecraft:crimson_stem":1,"minecraft:red_sandstone_stairs":10,"minecraft:black_terracotta":27,"minecraft:blue_terracotta":6,"minecraft:jack_o_lantern":39,"minecraft:red_sandstone":211,"minecraft:lava_bucket":23,"minecraft:red_sand":167,"minecraft:wither_skeleton_skull":82,"minecraft:flint_and_steel":5,"minecraft:dead_bush":5,"minecraft:cut_red_sandstone_slab":14,"minecraft:carved_pumpkin":33,"minecraft:lantern":3,"minecraft:light_weighted_pressure_plate":1,"minecraft:red_sandstone_slab":5,"minecraft:slime_block":7,"minecraft:mangrove_planks":4,"minecraft:crimson_slab":8,"minecraft:cactus":3,"minecraft:dark_oak_wood":44,"minecraft:red_terracotta":3,"minecraft:stone":160,"minecraft:sculk":48,"minecraft:cut_red_sandstone":16,"minecraft:crimson_planks":41,"minecraft:player_head":2,"minecraft:crimson_nylium":25,"minecraft:farmland":1,"minecraft:netherrack":12,"minecraft:stripped_crimson_stem":1,"minecraft:oak_leaves":2,"minecraft:chiseled_red_sandstone":7,"minecraft:nether_wart_block":15,"minecraft:red_nether_brick_wall":3,"minecraft:dirt":2,"minecraft:soul_sand":67,"minecraft:terracotta":94,"minecraft:yellow_terracotta":4,"minecraft:stripped_crimson_hyphae":1,"minecraft:soul_soil":6,"minecraft:nether_bricks":10,"minecraft:smooth_red_sandstone":46,"minecraft:crimson_door":2,"minecraft:light_gray_terracotta":13,"minecraft:crimson_hyphae":4,"minecraft:chain":6,"minecraft:wither_rose":5,"minecraft:skeleton_skull":35,"minecraft:purple_terracotta":16,"minecraft:acacia_planks":3,"minecraft:smooth_red_sandstone_stairs":13,"minecraft:cobweb":3,"minecraft:shroomlight":38},"minecraft:custom":{"minecraft:time_since_rest":5322,"minecraft:sprint_one_cm":1153523,"minecraft:walk_one_cm":145571,"minecraft:damage_taken":2650,"minecraft:swim_one_cm":10673,"minecraft:fly_one_cm":5461192,"minecraft:open_chest":1,"minecraft:crouch_one_cm":24530,"minecraft:play_time":405859,"minecraft:deaths":3,"minecraft:sneak_time":17569,"minecraft:walk_under_water_one_cm":6390,"minecraft:interact_with_lectern":4,"minecraft:jump":7519,"minecraft:leave_game":13,"minecraft:time_since_death":5322,"minecraft:walk_on_water_one_cm":20483,"minecraft:total_world_time":405859,"minecraft:climb_one_cm":9834,"minecraft:fall_one_cm":68961}},"DataVersion":3120}