{"stats":{"minecraft:used":{"minecraft:slime_block":2,"minecraft:diamond_hoe":3,"minecraft:dirt_path":1},"minecraft:custom":{"minecraft:jump":3378,"minecraft:time_since_rest":1788,"minecraft:deaths":17,"minecraft:damage_taken":5923,"minecraft:crouch_one_cm":9061,"minecraft:leave_game":7,"minecraft:sprint_one_cm":570723,"minecraft:play_time":114242,"minecraft:time_since_death":1788,"minecraft:walk_on_water_one_cm":6112,"minecraft:walk_one_cm":58036,"minecraft:sneak_time":3236,"minecraft:total_world_time":114242,"minecraft:climb_one_cm":28957,"minecraft:walk_under_water_one_cm":14750,"minecraft:swim_one_cm":5272,"minecraft:fall_one_cm":180282,"minecraft:fly_one_cm":1334207}},"DataVersion":3120}