{"stats":{"minecraft:picked_up":{"minecraft:smooth_stone_slab":1,"minecraft:netherite_sword":1},"minecraft:used":{"minecraft:orange_concrete_powder":15,"minecraft:blue_terracotta":28,"minecraft:waxed_exposed_cut_copper":17,"minecraft:jack_o_lantern":9,"minecraft:writable_book":4,"minecraft:red_sand":25,"minecraft:waxed_weathered_copper":1,"minecraft:light_blue_glazed_terracotta":28,"minecraft:crimson_fence":10,"minecraft:orange_concrete":4,"minecraft:wither_skeleton_skull":4,"minecraft:carved_pumpkin":1,"minecraft:armor_stand":1,"minecraft:ladder":3,"minecraft:spruce_slab":1,"minecraft:bone_block":67,"minecraft:oak_planks":3,"minecraft:mangrove_planks":30,"minecraft:diamond_hoe":5,"minecraft:mycelium":2,"minecraft:waxed_oxidized_cut_copper":4,"minecraft:ender_pearl":110,"minecraft:purple_glazed_terracotta":488,"minecraft:stone":185,"minecraft:redstone_block":29,"minecraft:structure_void":4,"minecraft:gilded_blackstone":1,"minecraft:deepslate_bricks":2,"minecraft:netherrack":6,"minecraft:waxed_copper_block":35,"minecraft:oak_leaves":5,"minecraft:spruce_leaves":59,"minecraft:waxed_exposed_copper":29,"minecraft:pink_concrete":3,"minecraft:stripped_mangrove_wood":3,"minecraft:warped_wart_block":1,"minecraft:sand":2,"minecraft:soul_sand":4,"minecraft:purpur_stairs":19,"minecraft:lime_terracotta":38,"minecraft:yellow_terracotta":9,"minecraft:jungle_planks":1,"minecraft:smooth_red_sandstone":35,"minecraft:deepslate_brick_slab":12,"minecraft:purple_terracotta":25,"minecraft:black_concrete_powder":2,"minecraft:beehive":18,"minecraft:smooth_red_sandstone_stairs":4,"minecraft:blue_concrete":1,"minecraft:weeping_vines":4,"minecraft:nether_brick_stairs":1,"minecraft:red_sandstone_stairs":7,"minecraft:oak_log":2,"minecraft:mud":80,"minecraft:blue_glazed_terracotta":406,"minecraft:flower_pot":1,"minecraft:sea_lantern":1,"minecraft:acacia_stairs":9,"minecraft:lava_bucket":1,"minecraft:waxed_cut_copper":34,"minecraft:cracked_polished_blackstone_bricks":4,"minecraft:slime_block":53,"minecraft:acacia_slab":34,"minecraft:crimson_slab":1,"minecraft:lectern":2,"minecraft:stone_slab":6,"minecraft:red_terracotta":28,"minecraft:purpur_slab":55,"minecraft:iron_door":4,"minecraft:waxed_weathered_cut_copper":1,"minecraft:mud_bricks":30,"minecraft:crimson_nylium":3,"minecraft:blackstone_slab":22,"minecraft:magenta_stained_glass_pane":3,"minecraft:coal_block":7,"minecraft:smooth_red_sandstone_slab":12,"minecraft:red_carpet":10,"minecraft:magma_block":1,"minecraft:stripped_crimson_hyphae":11,"minecraft:crimson_stairs":15,"minecraft:mangrove_slab":39,"minecraft:podzol":2,"minecraft:lapis_block":3,"minecraft:chain":10,"minecraft:magenta_glazed_terracotta":150,"minecraft:smooth_stone_slab":23,"minecraft:skeleton_skull":1,"minecraft:pink_concrete_powder":3,"minecraft:pearlescent_froglight":16,"minecraft:acacia_planks":110,"minecraft:orange_terracotta":3,"minecraft:pumpkin":8},"minecraft:custom":{"minecraft:open_barrel":1,"minecraft:pot_flower":1,"minecraft:leave_game":55,"minecraft:time_since_death":139642,"minecraft:climb_one_cm":11553,"minecraft:time_since_rest":139643,"minecraft:walk_one_cm":629690,"minecraft:sprint_one_cm":1371722,"minecraft:damage_taken":6740,"minecraft:damage_dealt":20,"minecraft:swim_one_cm":30647,"minecraft:fly_one_cm":5322181,"minecraft:open_chest":2,"minecraft:crouch_one_cm":72337,"minecraft:play_time":597648,"minecraft:deaths":2,"minecraft:sneak_time":27706,"minecraft:walk_under_water_one_cm":17287,"minecraft:interact_with_lectern":14,"minecraft:jump":12615,"minecraft:walk_on_water_one_cm":13211,"minecraft:total_world_time":597648,"minecraft:fall_one_cm":145689}},"DataVersion":3120}