{"stats":{"minecraft:used":{"minecraft:mud":1,"minecraft:bone_block":2,"minecraft:stone_hoe":1},"minecraft:custom":{"minecraft:jump":7689,"minecraft:time_since_rest":8002,"minecraft:deaths":2,"minecraft:damage_taken":2550,"minecraft:crouch_one_cm":22774,"minecraft:leave_game":7,"minecraft:sprint_one_cm":903155,"minecraft:play_time":242847,"minecraft:time_since_death":7997,"minecraft:walk_on_water_one_cm":20790,"minecraft:walk_one_cm":104564,"minecraft:sneak_time":9804,"minecraft:total_world_time":242847,"minecraft:climb_one_cm":8161,"minecraft:walk_under_water_one_cm":51577,"minecraft:swim_one_cm":7196,"minecraft:drop":1,"minecraft:fall_one_cm":385793,"minecraft:fly_one_cm":2497389},"minecraft:picked_up":{"minecraft:mud":1},"minecraft:dropped":{"minecraft:mud":1}},"DataVersion":3120}