{"stats":{"minecraft:picked_up":{"minecraft:fishing_rod":1,"minecraft:wheat":18,"minecraft:leather_chestplate":1,"minecraft:light":2,"minecraft:map":1,"minecraft:leather_boots":1,"minecraft:rotten_flesh":2,"minecraft:stone_axe":1,"minecraft:coal":9},"minecraft:killed":{"minecraft:drowned":2},"minecraft:used":{"minecraft:mangrove_leaves":66,"minecraft:oak_log":1,"minecraft:light":7,"minecraft:jack_o_lantern":3,"minecraft:gray_terracotta":9,"minecraft:purpur_block":1,"minecraft:water_bucket":2,"minecraft:blue_terracotta":1,"minecraft:end_rod":5,"minecraft:lava_bucket":356,"minecraft:amethyst_block":1,"minecraft:dirt_path":2,"minecraft:crying_obsidian":1,"minecraft:flint_and_steel":1,"minecraft:wither_skeleton_skull":9,"minecraft:snow_block":3,"minecraft:black_stained_glass_pane":4,"minecraft:carved_pumpkin":8,"minecraft:oak_planks":8,"minecraft:slime_block":134,"minecraft:verdant_froglight":5,"minecraft:polished_deepslate_wall":17,"minecraft:oak_sign":2,"minecraft:lectern":1,"minecraft:sandstone":46,"minecraft:purple_glazed_terracotta":1,"minecraft:stone":329,"minecraft:glow_ink_sac":1,"minecraft:budding_amethyst":1,"minecraft:leather_boots":1,"minecraft:farmland":13,"minecraft:soul_lantern":6,"minecraft:bedrock":1,"minecraft:debug_stick":63,"minecraft:stone_axe":6,"minecraft:orange_stained_glass":38,"minecraft:brown_carpet":40,"minecraft:anvil":3,"minecraft:purple_concrete":22,"minecraft:sand":14,"minecraft:magma_block":16,"minecraft:snow":18,"minecraft:emerald_block":25,"minecraft:stripped_crimson_hyphae":1,"minecraft:crafting_table":1,"minecraft:lime_stained_glass":8,"minecraft:blast_furnace":1,"minecraft:chain":7,"minecraft:oak_wood":3,"minecraft:skeleton_skull":4,"minecraft:sea_pickle":12,"minecraft:ochre_froglight":20,"minecraft:pearlescent_froglight":4,"minecraft:orange_terracotta":88,"minecraft:purple_stained_glass":1},"minecraft:custom":{"minecraft:time_since_rest":118540,"minecraft:sprint_one_cm":536362,"minecraft:damage_taken":13550,"minecraft:walk_one_cm":224817,"minecraft:mob_kills":2,"minecraft:drop":3,"minecraft:damage_dealt":402,"minecraft:swim_one_cm":3093,"minecraft:interact_with_crafting_table":1,"minecraft:fly_one_cm":2552099,"minecraft:open_barrel":7,"minecraft:open_chest":1,"minecraft:crouch_one_cm":58126,"minecraft:play_time":371176,"minecraft:deaths":9,"minecraft:sneak_time":24438,"minecraft:walk_under_water_one_cm":16058,"minecraft:jump":4233,"minecraft:interact_with_blast_furnace":1,"minecraft:leave_game":17,"minecraft:time_since_death":118539,"minecraft:walk_on_water_one_cm":17975,"minecraft:climb_one_cm":4253,"minecraft:total_world_time":371176,"minecraft:fall_one_cm":406931},"minecraft:dropped":{"minecraft:ender_pearl":1,"minecraft:light":2}},"DataVersion":3120}