{"stats":{"minecraft:picked_up":{"minecraft:fishing_rod":1,"minecraft:wheat":5,"minecraft:jungle_trapdoor":1,"minecraft:elytra":1,"minecraft:deepslate_brick_wall":1,"minecraft:waxed_cut_copper":1,"minecraft:coal":2},"minecraft:used":{"minecraft:deepslate_brick_wall":1,"minecraft:oak_fence":1,"minecraft:petrified_oak_slab":8,"minecraft:orange_concrete_powder":6,"minecraft:jack_o_lantern":14,"minecraft:waxed_exposed_cut_copper":1,"minecraft:blue_terracotta":145,"minecraft:writable_book":2,"minecraft:wither_skeleton_skull":6,"minecraft:waxed_weathered_copper":1,"minecraft:lodestone":1,"minecraft:chiseled_deepslate":3,"minecraft:orange_concrete":13,"minecraft:polished_deepslate":62,"minecraft:snow_block":5,"minecraft:dead_bush":3,"minecraft:flint_and_steel":2,"minecraft:cut_red_sandstone_slab":6,"minecraft:cracked_deepslate_bricks":1,"minecraft:carved_pumpkin":3,"minecraft:polished_diorite_slab":17,"minecraft:gray_carpet":6,"minecraft:spruce_slab":26,"minecraft:polished_blackstone":73,"minecraft:light_gray_carpet":4,"minecraft:mangrove_planks":2,"minecraft:oak_planks":20,"minecraft:blackstone":11,"minecraft:oak_sign":2,"minecraft:light_blue_terracotta":2,"minecraft:mycelium":3,"minecraft:cactus":12,"minecraft:spruce_planks":25,"minecraft:purple_glazed_terracotta":24,"minecraft:stone":141,"minecraft:sculk":4,"minecraft:structure_void":25,"minecraft:mangrove_fence":2,"minecraft:farmland":3,"minecraft:waxed_copper_block":10,"minecraft:debug_stick":126,"minecraft:spruce_leaves":15,"minecraft:orange_stained_glass":7,"minecraft:pink_concrete":14,"minecraft:chiseled_red_sandstone":8,"minecraft:polished_deepslate_slab":11,"minecraft:warped_wart_block":1,"minecraft:soul_sand":2,"minecraft:dirt":15,"minecraft:sand":18,"minecraft:red_nether_brick_slab":6,"minecraft:mangrove_trapdoor":4,"minecraft:oak_slab":2,"minecraft:chorus_flower":3,"minecraft:waxed_weathered_cut_copper_slab":3,"minecraft:spruce_stairs":11,"minecraft:smooth_red_sandstone":121,"minecraft:crimson_hyphae":17,"minecraft:blue_ice":2,"minecraft:weathered_cut_copper_stairs":15,"minecraft:cracked_deepslate_tiles":2,"minecraft:deepslate_brick_slab":19,"minecraft:oak_wood":1,"minecraft:purple_terracotta":41,"minecraft:ochre_froglight":1,"minecraft:dripstone_block":7,"minecraft:jungle_trapdoor":5,"minecraft:gray_concrete":3,"minecraft:beehive":16,"minecraft:black_concrete_powder":28,"minecraft:spruce_fence":6,"minecraft:smooth_red_sandstone_stairs":1,"minecraft:blue_concrete":20,"minecraft:red_sandstone_stairs":2,"minecraft:polished_deepslate_stairs":10,"minecraft:polished_diorite":9,"minecraft:fern":6,"minecraft:oak_log":1,"minecraft:deepslate_tiles":28,"minecraft:redstone_torch":2,"minecraft:purple_stained_glass":10,"minecraft:polished_blackstone_slab":19,"minecraft:dark_oak_planks":2,"minecraft:blue_glazed_terracotta":44,"minecraft:diamond_pickaxe":5,"minecraft:red_sandstone":9,"minecraft:lava_bucket":17,"minecraft:firework_rocket":4,"minecraft:bookshelf":8,"minecraft:dark_oak_log":2,"minecraft:waxed_cut_copper":7,"minecraft:command_block":1,"minecraft:light_gray_concrete":3,"minecraft:spruce_wood":28,"minecraft:lantern":1,"minecraft:grass_block":2,"minecraft:cyan_carpet":4,"minecraft:polished_deepslate_wall":3,"minecraft:slime_block":47,"minecraft:warped_fence":3,"minecraft:stone_button":1,"minecraft:crimson_slab":46,"minecraft:netherite_hoe":1,"minecraft:stone_slab":7,"minecraft:polished_blackstone_brick_stairs":64,"minecraft:gray_concrete_powder":2,"minecraft:crimson_roots":2,"minecraft:cut_red_sandstone":18,"minecraft:crimson_planks":9,"minecraft:barrel":2,"minecraft:soul_lantern":2,"minecraft:blackstone_slab":2,"minecraft:green_carpet":1,"minecraft:blue_carpet":8,"minecraft:stripped_warped_hyphae":4,"minecraft:purple_concrete":1,"minecraft:light_blue_concrete_powder":4,"minecraft:coal_block":244,"minecraft:smooth_red_sandstone_slab":6,"minecraft:redstone_lamp":1,"minecraft:crimson_fungus":2,"minecraft:magma_block":51,"minecraft:stripped_crimson_hyphae":3,"minecraft:mangrove_roots":1,"minecraft:crimson_stairs":3,"minecraft:mangrove_slab":38,"minecraft:podzol":3,"minecraft:crimson_door":1,"minecraft:chain":14,"minecraft:magenta_glazed_terracotta":16,"minecraft:pink_concrete_powder":20,"minecraft:pearlescent_froglight":35,"minecraft:coarse_dirt":1,"minecraft:chorus_plant":7,"minecraft:candle":35,"minecraft:orange_terracotta":6,"minecraft:large_fern":5,"minecraft:polished_blackstone_stairs":13,"minecraft:stripped_spruce_wood":49,"minecraft:pointed_dripstone":6},"minecraft:custom":{"minecraft:open_barrel":3,"minecraft:leave_game":17,"minecraft:time_since_death":715771,"minecraft:climb_one_cm":13946,"minecraft:time_since_rest":715771,"minecraft:sprint_one_cm":1090870,"minecraft:damage_taken":160,"minecraft:walk_one_cm":332772,"minecraft:drop":16,"minecraft:damage_dealt":10,"minecraft:swim_one_cm":12221,"minecraft:fly_one_cm":5346036,"minecraft:open_chest":4,"minecraft:crouch_one_cm":107769,"minecraft:play_time":715771,"minecraft:sneak_time":46906,"minecraft:walk_under_water_one_cm":33777,"minecraft:interact_with_lectern":2,"minecraft:aviate_one_cm":112313,"minecraft:jump":5263,"minecraft:walk_on_water_one_cm":29625,"minecraft:total_world_time":715771,"minecraft:fall_one_cm":11484},"minecraft:mined":{"minecraft:stone":5},"minecraft:dropped":{"minecraft:snow_block":1,"minecraft:polished_diorite_slab":1,"minecraft:deepslate_brick_wall":2,"minecraft:stripped_oak_log":1,"minecraft:jungle_trapdoor":1,"minecraft:grass_block":1,"minecraft:elytra":1,"minecraft:light_blue_concrete_powder":1,"minecraft:orange_stained_glass":1,"minecraft:waxed_cut_copper":1,"minecraft:diamond_pickaxe":1,"minecraft:spruce_slab":1,"minecraft:stripped_spruce_wood":1,"minecraft:fishing_rod":2}},"DataVersion":3120}