{"stats":{"minecraft:used":{"minecraft:purpur_pillar":1,"minecraft:dirt":3,"minecraft:dirt_path":18,"minecraft:command_block":4,"minecraft:redstone":5,"minecraft:elytra":1,"minecraft:oak_sign":3,"minecraft:stone":11,"minecraft:warped_pressure_plate":1,"minecraft:iron_door":1,"minecraft:cobweb":2,"minecraft:player_head":1},"minecraft:custom":{"minecraft:time_since_rest":73297,"minecraft:open_chest":4,"minecraft:crouch_one_cm":43,"minecraft:play_time":73297,"minecraft:interact_with_furnace":1,"minecraft:sprint_one_cm":112546,"minecraft:damage_taken":120,"minecraft:walk_one_cm":61005,"minecraft:sneak_time":1013,"minecraft:walk_under_water_one_cm":24783,"minecraft:drop":130,"minecraft:aviate_one_cm":586,"minecraft:jump":576,"minecraft:damage_dealt":60,"minecraft:leave_game":11,"minecraft:walk_on_water_one_cm":4000,"minecraft:time_since_death":73297,"minecraft:climb_one_cm":1152,"minecraft:total_world_time":73297,"minecraft:swim_one_cm":2358,"minecraft:fall_one_cm":2521,"minecraft:fly_one_cm":463312},"minecraft:dropped":{"minecraft:player_head":1,"minecraft:elytra":1,"minecraft:firework_rocket":128}},"DataVersion":3120}