{"stats":{"minecraft:used":{"minecraft:green_terracotta":10,"minecraft:waxed_copper_block":4,"minecraft:jack_o_lantern":3,"minecraft:black_wool":2,"minecraft:coal_block":10,"minecraft:netherite_shovel":14,"minecraft:lime_terracotta":7,"minecraft:waxed_cut_copper":1,"minecraft:mud_brick_slab":8,"minecraft:packed_mud":2,"minecraft:white_concrete_powder":34,"minecraft:stone":36,"minecraft:dark_oak_slab":1,"minecraft:coarse_dirt":2,"minecraft:sculk_vein":4},"minecraft:custom":{"minecraft:time_since_rest":21751,"minecraft:crouch_one_cm":705,"minecraft:play_time":21751,"minecraft:sprint_one_cm":38291,"minecraft:walk_one_cm":16717,"minecraft:sneak_time":680,"minecraft:walk_under_water_one_cm":371,"minecraft:jump":211,"minecraft:leave_game":1,"minecraft:time_since_death":21751,"minecraft:walk_on_water_one_cm":612,"minecraft:total_world_time":21751,"minecraft:climb_one_cm":741,"minecraft:fly_one_cm":370888}},"DataVersion":3120}