{"stats":{"minecraft:custom":{"minecraft:jump":495,"minecraft:time_since_rest":7185,"minecraft:leave_game":1,"minecraft:crouch_one_cm":1450,"minecraft:deaths":1,"minecraft:sprint_one_cm":85595,"minecraft:walk_on_water_one_cm":3264,"minecraft:play_time":13056,"minecraft:damage_taken":588,"minecraft:time_since_death":7184,"minecraft:walk_one_cm":10041,"minecraft:sneak_time":407,"minecraft:climb_one_cm":1244,"minecraft:total_world_time":13056,"minecraft:walk_under_water_one_cm":1623,"minecraft:swim_one_cm":4108,"minecraft:fall_one_cm":18686,"minecraft:fly_one_cm":115241}},"DataVersion":3120}