{"stats":{"minecraft:picked_up":{"minecraft:player_head":1,"minecraft:diamond_shovel":2},"minecraft:used":{"minecraft:mangrove_leaves":3,"minecraft:diorite_stairs":12,"minecraft:wheat_seeds":23,"minecraft:oak_fence":3,"minecraft:moss_block":5,"minecraft:end_rod":4,"minecraft:jungle_leaves":33,"minecraft:jack_o_lantern":14,"minecraft:water_bucket":48,"minecraft:waxed_oxidized_cut_copper_slab":9,"minecraft:warped_stem":51,"minecraft:diorite":86,"minecraft:writable_book":2,"minecraft:rose_bush":2,"minecraft:waxed_weathered_copper":6,"minecraft:wither_skeleton_skull":1,"minecraft:spruce_door":7,"minecraft:snow_block":288,"minecraft:polished_deepslate":9,"minecraft:orange_concrete":126,"minecraft:flint_and_steel":16,"minecraft:melon":20,"minecraft:carved_pumpkin":4,"minecraft:red_concrete":16,"minecraft:oak_planks":12,"minecraft:oak_sign":6,"minecraft:polished_diorite_slab":5,"minecraft:cactus":6,"minecraft:lime_concrete_powder":18,"minecraft:spruce_planks":9,"minecraft:stone":1117,"minecraft:redstone_block":1,"minecraft:structure_void":38,"minecraft:spruce_sign":3,"minecraft:quartz_stairs":1,"minecraft:mangrove_fence":10,"minecraft:sugar_cane":4,"minecraft:leather_boots":1,"minecraft:player_head":7,"minecraft:farmland":30,"minecraft:green_terracotta":495,"minecraft:debug_stick":65,"minecraft:orange_stained_glass":44,"minecraft:pink_concrete":5,"minecraft:glow_item_frame":2,"minecraft:polished_deepslate_slab":8,"minecraft:dark_oak_trapdoor":4,"minecraft:diamond_block":1,"minecraft:warped_wart_block":119,"minecraft:dirt":16,"minecraft:sand":18,"minecraft:yellow_terracotta":23,"minecraft:lime_stained_glass_pane":2,"minecraft:waxed_weathered_cut_copper_slab":2,"minecraft:spruce_stairs":1,"minecraft:birch_sign":2,"minecraft:purple_terracotta":1,"minecraft:oxidized_cut_copper_slab":4,"minecraft:pink_terracotta":1,"minecraft:yellow_candle":7,"minecraft:spruce_fence":2,"minecraft:blue_concrete":59,"minecraft:warped_planks":18,"minecraft:polished_diorite":26,"minecraft:birch_fence":17,"minecraft:big_dripleaf":8,"minecraft:andesite_wall":15,"minecraft:oak_log":1,"minecraft:black_terracotta":55,"minecraft:mud":16,"minecraft:gray_terracotta":55,"minecraft:stone_brick_slab":1,"minecraft:blue_glazed_terracotta":1,"minecraft:sea_lantern":1,"minecraft:flowering_azalea":1,"minecraft:black_concrete":2,"minecraft:lava_bucket":105,"minecraft:warped_trapdoor":9,"minecraft:bookshelf":24,"minecraft:quartz_slab":4,"minecraft:lime_carpet":33,"minecraft:lantern":4,"minecraft:grass_block":141,"minecraft:oak_button":2,"minecraft:warped_slab":23,"minecraft:slime_block":52,"minecraft:warped_fence":8,"minecraft:pig_spawn_egg":1,"minecraft:verdant_froglight":8,"minecraft:green_wool":11,"minecraft:warped_nylium":37,"minecraft:lectern":2,"minecraft:stone_slab":35,"minecraft:iron_door":7,"minecraft:waxed_weathered_cut_copper":17,"minecraft:deepslate":5,"minecraft:green_carpet":5,"minecraft:purple_concrete":50,"minecraft:smooth_red_sandstone_slab":4,"minecraft:light_blue_concrete_powder":26,"minecraft:redstone_lamp":53,"minecraft:magma_block":8,"minecraft:snow":185,"minecraft:hay_block":17,"minecraft:mangrove_roots":20,"minecraft:mangrove_slab":5,"minecraft:oxidized_copper":6,"minecraft:dark_oak_fence":14,"minecraft:stripped_oak_wood":19,"minecraft:deepslate_tile_stairs":4,"minecraft:oxidized_cut_copper_stairs":56,"minecraft:podzol":94,"minecraft:green_concrete_powder":27,"minecraft:black_candle":1,"minecraft:mossy_cobblestone_wall":20,"minecraft:gold_block":2,"minecraft:wither_rose":3,"minecraft:skeleton_skull":1,"minecraft:pink_concrete_powder":20,"minecraft:white_concrete":14,"minecraft:stripped_oak_log":2,"minecraft:cooked_beef":5,"minecraft:warped_button":1,"minecraft:brown_candle":7,"minecraft:orange_terracotta":74,"minecraft:powder_snow_bucket":25,"minecraft:pumpkin":7,"minecraft:candle":3,"minecraft:cobweb":16,"minecraft:lime_candle":24},"minecraft:custom":{"minecraft:interact_with_furnace":1,"minecraft:leave_game":37,"minecraft:time_since_death":1483,"minecraft:climb_one_cm":6310,"minecraft:time_since_rest":1485,"minecraft:sprint_one_cm":850507,"minecraft:damage_taken":2303,"minecraft:walk_one_cm":379356,"minecraft:drop":4,"minecraft:swim_one_cm":3144,"minecraft:fly_one_cm":3491339,"minecraft:open_chest":8,"minecraft:crouch_one_cm":28998,"minecraft:play_time":677955,"minecraft:deaths":2,"minecraft:sneak_time":19745,"minecraft:walk_under_water_one_cm":27841,"minecraft:interact_with_lectern":7,"minecraft:jump":5822,"minecraft:walk_on_water_one_cm":7646,"minecraft:total_world_time":677955,"minecraft:fall_one_cm":75695},"minecraft:killed_by":{"minecraft:player":1},"minecraft:dropped":{"minecraft:player_head":3,"minecraft:diamond_shovel":1}},"DataVersion":3120}