{"stats":{"minecraft:picked_up":{"minecraft:grass_block":1},"minecraft:used":{"minecraft:oak_fence":5,"minecraft:stripped_acacia_wood":221,"minecraft:petrified_oak_slab":1,"minecraft:water_bucket":66,"minecraft:orange_concrete_powder":43,"minecraft:jungle_leaves":61,"minecraft:jack_o_lantern":2,"minecraft:polished_blackstone_brick_slab":46,"minecraft:red_sand":226,"minecraft:iron_ore":3,"minecraft:brick_wall":18,"minecraft:snow_block":32,"minecraft:polished_deepslate":7,"minecraft:dead_bush":12,"minecraft:flint_and_steel":1,"minecraft:melon":1,"minecraft:jungle_fence":33,"minecraft:red_concrete":2,"minecraft:acacia_trapdoor":5,"minecraft:spruce_slab":6,"minecraft:polished_blackstone":5,"minecraft:bone_block":26,"minecraft:mangrove_planks":47,"minecraft:mud_brick_slab":8,"minecraft:polished_diorite_slab":4,"minecraft:blackstone":1,"minecraft:stone":1325,"minecraft:redstone_block":21,"minecraft:structure_void":5,"minecraft:mangrove_fence":11,"minecraft:grass":17,"minecraft:gold_ore":6,"minecraft:farmland":5,"minecraft:polished_blackstone_bricks":1,"minecraft:debug_stick":86,"minecraft:spruce_leaves":82,"minecraft:orange_bed":2,"minecraft:jungle_wood":10,"minecraft:stripped_mangrove_wood":7,"minecraft:dirt":92,"minecraft:sand":35,"minecraft:chorus_flower":1,"minecraft:jungle_planks":131,"minecraft:smooth_red_sandstone":2,"minecraft:jungle_slab":24,"minecraft:allium":5,"minecraft:stone_stairs":6,"minecraft:fire_coral":1,"minecraft:oak_wood":17,"minecraft:ochre_froglight":1,"minecraft:raw_iron_block":64,"minecraft:dripstone_block":16,"minecraft:jungle_trapdoor":18,"minecraft:granite":100,"minecraft:spruce_fence":2,"minecraft:mud_brick_stairs":126,"minecraft:spruce_log":9,"minecraft:obsidian":2,"minecraft:polished_diorite":4,"minecraft:big_dripleaf":3,"minecraft:birch_fence":9,"minecraft:shroomlight":3,"minecraft:gray_terracotta":4,"minecraft:stone_brick_slab":48,"minecraft:acacia_stairs":28,"minecraft:lava_bucket":328,"minecraft:bricks":157,"minecraft:bookshelf":1,"minecraft:daylight_detector":2,"minecraft:acacia_door":2,"minecraft:grass_block":152,"minecraft:lantern":9,"minecraft:light_weighted_pressure_plate":1,"minecraft:brown_stained_glass":3,"minecraft:brick_stairs":18,"minecraft:slime_block":91,"minecraft:acacia_slab":102,"minecraft:jungle_log":4,"minecraft:copper_ore":5,"minecraft:jungle_stairs":31,"minecraft:stone_slab":68,"minecraft:polished_blackstone_brick_stairs":2,"minecraft:purpur_slab":2,"minecraft:polished_granite":23,"minecraft:iron_door":2,"minecraft:raw_gold_block":56,"minecraft:mud_bricks":336,"minecraft:crimson_planks":95,"minecraft:bamboo":18,"minecraft:brown_stained_glass_pane":1,"minecraft:raw_copper_block":79,"minecraft:redstone_lamp":25,"minecraft:snow":50,"minecraft:acacia_pressure_plate":1,"minecraft:soul_soil":3,"minecraft:mud_brick_wall":7,"minecraft:stripped_oak_wood":4,"minecraft:mangrove_slab":1,"minecraft:podzol":1,"minecraft:acacia_fence":15,"minecraft:andesite":4,"minecraft:chain":3,"minecraft:polished_diorite_stairs":2,"minecraft:gold_block":94,"minecraft:acacia_planks":583,"minecraft:chorus_plant":1,"minecraft:cobbled_deepslate":2,"minecraft:brown_candle":4,"minecraft:seagrass":13,"minecraft:orange_stained_glass_pane":18,"minecraft:pumpkin":204,"minecraft:bone_meal":3,"minecraft:stripped_spruce_wood":10,"minecraft:pointed_dripstone":1},"minecraft:custom":{"minecraft:leave_game":56,"minecraft:time_since_death":211175,"minecraft:climb_one_cm":30265,"minecraft:time_since_rest":211180,"minecraft:sprint_one_cm":2127120,"minecraft:damage_taken":10210,"minecraft:walk_one_cm":321624,"minecraft:swim_one_cm":16518,"minecraft:fly_one_cm":9379474,"minecraft:open_chest":1,"minecraft:crouch_one_cm":17658,"minecraft:play_time":788613,"minecraft:deaths":9,"minecraft:sneak_time":29699,"minecraft:walk_under_water_one_cm":129207,"minecraft:interact_with_lectern":1,"minecraft:jump":17697,"minecraft:walk_on_water_one_cm":65577,"minecraft:total_world_time":788613,"minecraft:fall_one_cm":288851}},"DataVersion":3120}