{"stats":{"minecraft:used":{"minecraft:firework_rocket":3},"minecraft:custom":{"minecraft:jump":634,"minecraft:time_since_rest":9799,"minecraft:leave_game":1,"minecraft:crouch_one_cm":496,"minecraft:deaths":3,"minecraft:damage_taken":2146,"minecraft:sprint_one_cm":144591,"minecraft:play_time":24348,"minecraft:walk_on_water_one_cm":2616,"minecraft:time_since_death":9797,"minecraft:walk_one_cm":28837,"minecraft:sneak_time":217,"minecraft:climb_one_cm":1270,"minecraft:total_world_time":24348,"minecraft:walk_under_water_one_cm":4383,"minecraft:swim_one_cm":1021,"minecraft:fall_one_cm":27953,"minecraft:fly_one_cm":156709,"minecraft:aviate_one_cm":103104}},"DataVersion":3120}