{"stats":{"minecraft:picked_up":{"minecraft:stripped_warped_hyphae":1,"minecraft:end_stone_brick_wall":1,"minecraft:flint_and_steel":1,"minecraft:oak_sign":3,"minecraft:player_head":4,"minecraft:spruce_slab":1,"minecraft:crimson_sign":1,"minecraft:rotten_flesh":5,"minecraft:glow_ink_sac":1,"minecraft:bone":17,"minecraft:soul_sand":1,"minecraft:enderman_spawn_egg":1,"minecraft:lava_bucket":1,"minecraft:sand":1,"minecraft:firework_rocket":1,"minecraft:slime_block":1,"minecraft:writable_book":3},"minecraft:killed":{"minecraft:magma_cube":4,"minecraft:pig":1,"minecraft:creeper":2},"minecraft:used":{"minecraft:azalea":4,"minecraft:moss_block":38,"minecraft:oak_fence":5,"minecraft:purpur_block":23,"minecraft:jack_o_lantern":41,"minecraft:blue_terracotta":20,"minecraft:netherite_sword":27,"minecraft:jungle_leaves":18,"minecraft:polished_blackstone_brick_slab":17,"minecraft:writable_book":19,"minecraft:red_sand":60,"minecraft:waxed_weathered_copper":2,"minecraft:crimson_fence":9,"minecraft:polished_deepslate":219,"minecraft:flint_and_steel":21,"minecraft:cut_red_sandstone_slab":5,"minecraft:red_sandstone_slab":9,"minecraft:carved_pumpkin":41,"minecraft:spruce_slab":73,"minecraft:red_concrete":65,"minecraft:polished_blackstone":6,"minecraft:stone_shovel":19,"minecraft:redstone":92,"minecraft:ladder":7,"minecraft:elytra":2,"minecraft:oak_sign":27,"minecraft:spruce_planks":1,"minecraft:chest":2,"minecraft:shield":12,"minecraft:stone":2110,"minecraft:nether_wart":12,"minecraft:sculk":1777,"minecraft:mangrove_fence":3,"minecraft:grass":2,"minecraft:player_head":63,"minecraft:stone_hoe":6,"minecraft:debug_stick":155,"minecraft:sculk_sensor":14,"minecraft:green_terracotta":365,"minecraft:netherrack":333,"minecraft:oxidized_cut_copper":105,"minecraft:oak_door":2,"minecraft:spruce_leaves":76,"minecraft:orange_stained_glass":233,"minecraft:warped_wart_block":636,"minecraft:chiseled_red_sandstone":6,"minecraft:end_stone_brick_wall":14,"minecraft:anvil":4,"minecraft:soul_sand":22,"minecraft:dirt":6,"minecraft:red_nether_brick_slab":6,"minecraft:ancient_debris":28,"minecraft:blue_stained_glass":43,"minecraft:spruce_stairs":6,"minecraft:crimson_hyphae":3,"minecraft:stone_stairs":1,"minecraft:deepslate_brick_slab":1,"minecraft:oak_wood":16,"minecraft:yellow_candle":2,"minecraft:beehive":5,"minecraft:spruce_fence":47,"minecraft:mud_brick_stairs":23,"minecraft:polished_diorite":21,"minecraft:honey_bottle":24,"minecraft:fern":10,"minecraft:orange_candle":12,"minecraft:polished_deepslate_stairs":38,"minecraft:shroomlight":26,"minecraft:red_sandstone_stairs":14,"minecraft:brown_terracotta":33,"minecraft:dark_oak_planks":17,"minecraft:lava_bucket":747,"minecraft:stripped_dark_oak_wood":28,"minecraft:mangrove_stairs":2,"minecraft:grass_block":13,"minecraft:light_weighted_pressure_plate":2,"minecraft:spruce_wood":1,"minecraft:lantern":9,"minecraft:muddy_mangrove_roots":18,"minecraft:slime_block":40,"minecraft:warped_fence":30,"minecraft:acacia_slab":23,"minecraft:polished_deepslate_wall":23,"minecraft:crimson_slab":176,"minecraft:warped_nylium":25,"minecraft:dark_oak_slab":4,"minecraft:polished_blackstone_brick_stairs":11,"minecraft:smooth_quartz":441,"minecraft:diorite_wall":2,"minecraft:mud_bricks":21,"minecraft:crimson_planks":353,"minecraft:netherite_boots":1,"minecraft:repeater":22,"minecraft:red_nether_brick_wall":131,"minecraft:birch_button":13,"minecraft:warped_stairs":7,"minecraft:reinforced_deepslate":71,"minecraft:glowstone":66,"minecraft:redstone_lamp":35,"minecraft:magma_block":28,"minecraft:snow":325,"minecraft:black_stained_glass":145,"minecraft:warped_fungus":6,"minecraft:hay_block":31,"minecraft:mangrove_roots":35,"minecraft:mangrove_slab":14,"minecraft:deepslate_tile_stairs":3,"minecraft:oxidized_cut_copper_stairs":150,"minecraft:podzol":84,"minecraft:beetroot_seeds":5,"minecraft:skeleton_skull":7,"minecraft:powder_snow_bucket":13,"minecraft:cooked_beef":5,"minecraft:pearlescent_froglight":20,"minecraft:cobbled_deepslate":1,"minecraft:acacia_planks":476,"minecraft:orange_terracotta":328,"minecraft:brown_candle":9,"minecraft:orange_stained_glass_pane":1,"minecraft:pumpkin":160,"minecraft:large_fern":8,"minecraft:stripped_spruce_wood":42,"minecraft:crimson_stem":108,"minecraft:dark_oak_stairs":2,"minecraft:water_bucket":46,"minecraft:waxed_oxidized_cut_copper_slab":46,"minecraft:end_rod":9,"minecraft:amethyst_block":7,"minecraft:dirt_path":15,"minecraft:snow_block":117,"minecraft:wither_skeleton_skull":14,"minecraft:red_stained_glass":1,"minecraft:dark_oak_sign":88,"minecraft:mud_brick_slab":14,"minecraft:oak_planks":67,"minecraft:waxed_oxidized_cut_copper":342,"minecraft:polished_diorite_slab":90,"minecraft:lime_concrete_powder":15,"minecraft:brown_mushroom":1,"minecraft:redstone_block":18,"minecraft:structure_void":97,"minecraft:spruce_sign":22,"minecraft:white_dye":20,"minecraft:glow_ink_sac":22,"minecraft:purpur_pillar":1,"minecraft:deepslate_bricks":16,"minecraft:warped_roots":5,"minecraft:respawn_anchor":84,"minecraft:polished_deepslate_slab":68,"minecraft:sand":4,"minecraft:diamond_block":35,"minecraft:blue_dye":2,"minecraft:purpur_stairs":8,"minecraft:lime_terracotta":26,"minecraft:netherite_leggings":1,"minecraft:crafting_table":1,"minecraft:crimson_trapdoor":22,"minecraft:red_mushroom":1,"minecraft:blast_furnace":15,"minecraft:smooth_red_sandstone":4,"minecraft:sculk_shrieker":1,"minecraft:blue_ice":44,"minecraft:crossbow":47,"minecraft:netherite_helmet":2,"minecraft:oxidized_cut_copper_slab":60,"minecraft:purple_terracotta":85,"minecraft:ochre_froglight":12,"minecraft:dripstone_block":5,"minecraft:end_stone":102,"minecraft:cobbled_deepslate_stairs":2,"minecraft:warped_planks":109,"minecraft:red_sandstone_wall":16,"minecraft:pumpkin_seeds":13,"minecraft:deepslate_tiles":19,"minecraft:redstone_torch":4,"minecraft:purple_stained_glass":10,"minecraft:black_terracotta":12,"minecraft:mud":53,"minecraft:gray_terracotta":121,"minecraft:enderman_spawn_egg":1,"minecraft:lever":1,"minecraft:red_sandstone":210,"minecraft:light":5,"minecraft:acacia_stairs":20,"minecraft:black_concrete":305,"minecraft:firework_rocket":1023,"minecraft:mangrove_door":1,"minecraft:command_block":1,"minecraft:lime_carpet":2,"minecraft:barrier":7,"minecraft:warped_slab":7,"minecraft:stone_button":1,"minecraft:verdant_froglight":52,"minecraft:lectern":4,"minecraft:stone_slab":172,"minecraft:red_terracotta":9,"minecraft:purpur_slab":1,"minecraft:iron_door":4,"minecraft:crimson_nylium":40,"minecraft:soul_lantern":40,"minecraft:crimson_sign":17,"minecraft:stripped_warped_hyphae":56,"minecraft:nether_wart_block":176,"minecraft:diamond_sword":14,"minecraft:wooden_sword":2,"minecraft:crimson_stairs":25,"minecraft:mud_brick_wall":16,"minecraft:cyan_stained_glass_pane":3,"minecraft:stripped_oak_wood":48,"minecraft:dark_oak_fence":10,"minecraft:crimson_door":14,"minecraft:green_concrete_powder":59,"minecraft:chain":88,"minecraft:glass_pane":3,"minecraft:black_candle":6,"minecraft:smooth_stone_slab":3,"minecraft:wither_rose":33,"minecraft:stripped_oak_log":1,"minecraft:kelp":37,"minecraft:sculk_vein":126,"minecraft:sculk_catalyst":15},"minecraft:crafted":{"minecraft:firework_star":2,"minecraft:firework_rocket":3},"minecraft:custom":{"minecraft:mob_kills":8,"minecraft:interact_with_anvil":4,"minecraft:interact_with_crafting_table":6,"minecraft:open_barrel":13,"minecraft:leave_game":58,"minecraft:time_since_death":30412,"minecraft:climb_one_cm":28479,"minecraft:sprint_one_cm":2167226,"minecraft:walk_one_cm":1121816,"minecraft:damage_blocked_by_shield":92,"minecraft:drop":28,"minecraft:damage_dealt_absorbed":73,"minecraft:play_time":1707494,"minecraft:deaths":19,"minecraft:sneak_time":131590,"minecraft:walk_under_water_one_cm":156541,"minecraft:interact_with_lectern":26,"minecraft:jump":14690,"minecraft:interact_with_blast_furnace":2,"minecraft:walk_on_water_one_cm":79116,"minecraft:total_world_time":1707494,"minecraft:time_since_rest":30414,"minecraft:damage_taken":17685,"minecraft:damage_dealt":1631,"minecraft:swim_one_cm":39808,"minecraft:fly_one_cm":11600643,"minecraft:player_kills":12,"minecraft:open_chest":18,"minecraft:crouch_one_cm":316617,"minecraft:aviate_one_cm":1296590,"minecraft:fall_one_cm":219750},"minecraft:killed_by":{"minecraft:player":5},"minecraft:dropped":{"minecraft:spruce_sign":1,"minecraft:soul_sand":1,"minecraft:wheat_seeds":1,"minecraft:glow_ink_sac":2,"minecraft:enderman_spawn_egg":1,"minecraft:lava_bucket":1,"minecraft:stripped_warped_hyphae":1,"minecraft:crimson_roots":1,"minecraft:crimson_sign":1,"minecraft:sand":1,"minecraft:bone":17,"minecraft:anvil":1,"minecraft:player_head":3,"minecraft:rotten_flesh":5,"minecraft:slime_block":1,"minecraft:name_tag":1,"minecraft:end_stone_brick_wall":1,"minecraft:oak_sign":3,"minecraft:orange_stained_glass":1,"minecraft:flint_and_steel":1,"minecraft:light":1,"minecraft:white_dye":1,"minecraft:spruce_slab":1,"minecraft:firework_rocket":1},"minecraft:broken":{"minecraft:golden_boots":1}},"DataVersion":3120}