{"stats":{"minecraft:picked_up":{"minecraft:wooden_axe":1,"minecraft:elytra":1,"minecraft:bone":16,"minecraft:debug_stick":1,"minecraft:firework_rocket":1,"minecraft:rotten_flesh":5},"minecraft:used":{"minecraft:diorite_stairs":8,"minecraft:deepslate_brick_wall":5,"minecraft:chiseled_polished_blackstone":1,"minecraft:end_rod":89,"minecraft:nether_brick_fence":127,"minecraft:water_bucket":116,"minecraft:jungle_leaves":1,"minecraft:jack_o_lantern":20,"minecraft:diorite":365,"minecraft:polished_blackstone_brick_slab":1186,"minecraft:writable_book":2,"minecraft:iron_bars":44,"minecraft:dirt_path":428,"minecraft:light_gray_stained_glass_pane":24,"minecraft:lodestone":9,"minecraft:polished_deepslate":568,"minecraft:chiseled_deepslate":9,"minecraft:flint_and_steel":95,"minecraft:birch_leaves":1,"minecraft:dispenser":5,"minecraft:dark_oak_sign":3,"minecraft:carved_pumpkin":12,"minecraft:spruce_slab":40,"minecraft:red_concrete":13,"minecraft:redstone":12,"minecraft:polished_blackstone":313,"minecraft:polished_andesite":29,"minecraft:mangrove_planks":166,"minecraft:mangrove_fence_gate":8,"minecraft:oak_sign":1,"minecraft:polished_diorite_slab":208,"minecraft:blackstone":247,"minecraft:chest":9,"minecraft:spruce_planks":8,"minecraft:tinted_glass":20,"minecraft:stone":744,"minecraft:redstone_block":6,"minecraft:blue_concrete_powder":69,"minecraft:structure_void":26,"minecraft:spruce_sign":14,"minecraft:white_dye":12,"minecraft:glow_ink_sac":2,"minecraft:mangrove_fence":82,"minecraft:grass":372,"minecraft:polished_blackstone_wall":141,"minecraft:player_head":19,"minecraft:deepslate_bricks":223,"minecraft:debug_stick":122,"minecraft:polished_blackstone_bricks":2333,"minecraft:oak_leaves":1,"minecraft:white_candle":4,"minecraft:spruce_leaves":1847,"minecraft:polished_blackstone_pressure_plate":2,"minecraft:polished_deepslate_slab":6,"minecraft:stripped_mangrove_wood":25,"minecraft:sand":7,"minecraft:diamond_block":309,"minecraft:dirt":190,"minecraft:soul_sand":1,"minecraft:lime_terracotta":11,"minecraft:mangrove_trapdoor":13,"minecraft:spruce_stairs":4,"minecraft:birch_sign":7,"minecraft:pink_terracotta":2,"minecraft:stone_stairs":10,"minecraft:deepslate_tile_slab":339,"minecraft:cracked_deepslate_tiles":2,"minecraft:deepslate_brick_slab":130,"minecraft:sponge":12,"minecraft:painting":4,"minecraft:glow_lichen":83,"minecraft:spruce_fence":184,"minecraft:cobbled_deepslate_stairs":93,"minecraft:light_blue_stained_glass":10,"minecraft:spruce_log":31,"minecraft:deepslate_brick_stairs":80,"minecraft:polished_deepslate_stairs":6,"minecraft:polished_diorite":121,"minecraft:fern":59,"minecraft:deepslate_tiles":1543,"minecraft:birch_fence":1,"minecraft:andesite_wall":18,"minecraft:sticky_piston":7,"minecraft:polished_blackstone_slab":14,"minecraft:flower_pot":1,"minecraft:lever":11,"minecraft:firework_rocket":569,"minecraft:gray_stained_glass_pane":65,"minecraft:mangrove_stairs":26,"minecraft:red_wool":168,"minecraft:black_stained_glass_pane":237,"minecraft:spruce_wood":2342,"minecraft:grass_block":145,"minecraft:barrier":1,"minecraft:string":3,"minecraft:slime_block":15,"minecraft:light_gray_candle":3,"minecraft:polished_deepslate_wall":311,"minecraft:polished_andesite_stairs":65,"minecraft:stone_slab":141,"minecraft:dark_oak_leaves":2,"minecraft:polished_blackstone_brick_stairs":950,"minecraft:spruce_trapdoor":34,"minecraft:gray_concrete_powder":23,"minecraft:deepslate":1185,"minecraft:barrel":9,"minecraft:polished_andesite_slab":27,"minecraft:soul_lantern":3,"minecraft:blackstone_slab":14,"minecraft:green_candle":1,"minecraft:reinforced_deepslate":2,"minecraft:redstone_lamp":40,"minecraft:azalea_leaves":1,"minecraft:emerald_block":2,"minecraft:cobbled_deepslate_slab":404,"minecraft:gray_glazed_terracotta":16,"minecraft:mangrove_slab":100,"minecraft:soul_soil":22,"minecraft:red_concrete_powder":4,"minecraft:deepslate_tile_stairs":231,"minecraft:white_stained_glass_pane":3,"minecraft:podzol":161,"minecraft:acacia_wood":132,"minecraft:polished_diorite_stairs":40,"minecraft:andesite":4,"minecraft:chain":57,"minecraft:polished_blackstone_button":6,"minecraft:gold_block":6,"minecraft:wither_rose":8,"minecraft:skeleton_skull":13,"minecraft:sea_pickle":42,"minecraft:pearlescent_froglight":1,"minecraft:coarse_dirt":131,"minecraft:cobbled_deepslate":318,"minecraft:seagrass":3,"minecraft:candle":399,"minecraft:pumpkin":86,"minecraft:large_fern":19,"minecraft:polished_blackstone_stairs":130,"minecraft:cobweb":7,"minecraft:diorite_slab":80,"minecraft:mangrove_leaves":286},"minecraft:custom":{"minecraft:pot_flower":1,"minecraft:leave_game":28,"minecraft:time_since_death":1581636,"minecraft:climb_one_cm":2833,"minecraft:time_since_rest":1581636,"minecraft:sprint_one_cm":558431,"minecraft:damage_taken":30,"minecraft:walk_one_cm":961476,"minecraft:drop":4,"minecraft:swim_one_cm":865,"minecraft:fly_one_cm":7404041,"minecraft:open_chest":9,"minecraft:crouch_one_cm":108090,"minecraft:play_time":1581636,"minecraft:sneak_time":93077,"minecraft:walk_under_water_one_cm":39292,"minecraft:interact_with_lectern":3,"minecraft:aviate_one_cm":2580255,"minecraft:jump":4801,"minecraft:walk_on_water_one_cm":64750,"minecraft:total_world_time":1581636,"minecraft:inspect_dispenser":3},"minecraft:dropped":{"minecraft:debug_stick":1,"minecraft:elytra":1,"minecraft:wooden_axe":1,"minecraft:firework_rocket":1}},"DataVersion":3120}