{"stats":{"minecraft:used":{"minecraft:deepslate_tiles":59,"minecraft:waxed_oxidized_copper":14,"minecraft:nether_brick_fence":7,"minecraft:waxed_exposed_cut_copper":6,"minecraft:polished_blackstone_brick_slab":21,"minecraft:lava_bucket":32,"minecraft:waxed_exposed_cut_copper_stairs":3,"minecraft:waxed_weathered_copper":38,"minecraft:dirt_path":1,"minecraft:polished_deepslate":11,"minecraft:orange_concrete":2,"minecraft:lime_carpet":2,"minecraft:command_block":2,"minecraft:waxed_cut_copper":23,"minecraft:black_stained_glass_pane":57,"minecraft:polished_deepslate_wall":25,"minecraft:orange_shulker_box":1,"minecraft:waxed_oxidized_cut_copper":11,"minecraft:stone":34,"minecraft:polished_blackstone_brick_stairs":69,"minecraft:structure_void":2,"minecraft:sculk":4,"minecraft:waxed_weathered_cut_copper":25,"minecraft:deepslate":81,"minecraft:waxed_weathered_cut_copper_stairs":2,"minecraft:waxed_exposed_cut_copper_slab":1,"minecraft:blackstone_slab":3,"minecraft:waxed_copper_block":8,"minecraft:soul_lantern":3,"minecraft:green_terracotta":24,"minecraft:polished_blackstone_bricks":90,"minecraft:orange_stained_glass":1,"minecraft:waxed_exposed_copper":2,"minecraft:coal_block":91,"minecraft:magma_block":4,"minecraft:waxed_cut_copper_slab":2,"minecraft:waxed_weathered_cut_copper_slab":5,"minecraft:waxed_oxidized_cut_copper_stairs":3,"minecraft:netherite_pickaxe":148,"minecraft:repeating_command_block":1,"minecraft:waxed_cut_copper_stairs":2,"minecraft:black_concrete_powder":27,"minecraft:orange_terracotta":3,"minecraft:sculk_catalyst":1},"minecraft:custom":{"minecraft:time_since_rest":68401,"minecraft:sprint_one_cm":240690,"minecraft:damage_taken":2010,"minecraft:walk_one_cm":98779,"minecraft:fly_one_cm":1407600,"minecraft:crouch_one_cm":11026,"minecraft:play_time":180064,"minecraft:open_shulker_box":2,"minecraft:deaths":3,"minecraft:sneak_time":8620,"minecraft:jump":2328,"minecraft:leave_game":32,"minecraft:time_since_death":68400,"minecraft:walk_on_water_one_cm":13493,"minecraft:total_world_time":180064,"minecraft:climb_one_cm":2641,"minecraft:fall_one_cm":58430},"minecraft:mined":{"minecraft:stone":148,"minecraft:sculk":4}},"DataVersion":3120}