{"stats":{"minecraft:used":{"minecraft:orange_concrete_powder":39},"minecraft:custom":{"minecraft:jump":281,"minecraft:time_since_rest":14983,"minecraft:crouch_one_cm":469,"minecraft:play_time":14983,"minecraft:leave_game":5,"minecraft:sprint_one_cm":39757,"minecraft:walk_on_water_one_cm":186,"minecraft:time_since_death":14983,"minecraft:walk_one_cm":2349,"minecraft:sneak_time":364,"minecraft:climb_one_cm":1110,"minecraft:total_world_time":14983,"minecraft:fly_one_cm":345786}},"DataVersion":3120}