{"stats":{"minecraft:picked_up":{"minecraft:stripped_oak_log":1,"minecraft:debug_stick":2},"minecraft:killed":{"minecraft:drowned":2},"minecraft:used":{"minecraft:calcite":4,"minecraft:moss_block":93,"minecraft:oak_fence":17,"minecraft:chiseled_polished_blackstone":12,"minecraft:moss_carpet":1,"minecraft:water_bucket":23,"minecraft:jack_o_lantern":2,"minecraft:blue_terracotta":76,"minecraft:diorite":3,"minecraft:writable_book":3,"minecraft:red_sand":25,"minecraft:crimson_fence":5,"minecraft:spruce_door":3,"minecraft:chiseled_deepslate":7,"minecraft:polished_deepslate":8,"minecraft:dead_bush":1,"minecraft:flint_and_steel":15,"minecraft:melon":2,"minecraft:cut_red_sandstone_slab":19,"minecraft:red_nether_bricks":1,"minecraft:polished_blackstone":30,"minecraft:elytra":1,"minecraft:mangrove_planks":17,"minecraft:oak_planks":18,"minecraft:stone":405,"minecraft:brown_mushroom":9,"minecraft:sculk":192,"minecraft:structure_void":4,"minecraft:warped_sign":1,"minecraft:mangrove_fence":5,"minecraft:grass":1,"minecraft:player_head":33,"minecraft:farmland":2,"minecraft:netherrack":17,"minecraft:green_terracotta":63,"minecraft:debug_stick":194,"minecraft:white_candle":13,"minecraft:spruce_leaves":26,"minecraft:polished_blackstone_pressure_plate":1,"minecraft:polished_deepslate_slab":1,"minecraft:ancient_debris":5,"minecraft:dirt":4,"minecraft:yellow_terracotta":1,"minecraft:red_nether_brick_slab":1,"minecraft:terracotta":7,"minecraft:vine":11,"minecraft:oak_slab":4,"minecraft:crimson_trapdoor":1,"minecraft:smooth_red_sandstone":47,"minecraft:crimson_hyphae":2,"minecraft:warped_door":1,"minecraft:deepslate_tile_slab":2,"minecraft:oak_wood":8,"minecraft:purple_terracotta":25,"minecraft:black_concrete_powder":80,"minecraft:spruce_fence":21,"minecraft:smooth_red_sandstone_stairs":10,"minecraft:warped_planks":8,"minecraft:red_sandstone_wall":8,"minecraft:purple_concrete_powder":4,"minecraft:polished_diorite":5,"minecraft:lightning_rod":29,"minecraft:fern":1,"minecraft:red_sandstone_stairs":11,"minecraft:oak_log":2,"minecraft:deepslate_tiles":15,"minecraft:black_terracotta":6,"minecraft:polished_blackstone_slab":1,"minecraft:mud":8,"minecraft:gray_terracotta":4,"minecraft:light":2,"minecraft:netherite_block":6,"minecraft:green_concrete":7,"minecraft:red_sandstone":67,"minecraft:flowering_azalea":3,"minecraft:lava_bucket":41,"minecraft:firework_rocket":231,"minecraft:bricks":1,"minecraft:bookshelf":12,"minecraft:command_block":3,"minecraft:lime_carpet":6,"minecraft:heavy_weighted_pressure_plate":8,"minecraft:grass_block":20,"minecraft:light_weighted_pressure_plate":5,"minecraft:oak_stairs":5,"minecraft:slime_block":20,"minecraft:light_gray_candle":1,"minecraft:gray_candle":4,"minecraft:verdant_froglight":47,"minecraft:crimson_slab":1,"minecraft:copper_ore":1,"minecraft:warped_nylium":8,"minecraft:stone_slab":1,"minecraft:polished_blackstone_brick_stairs":3,"minecraft:smooth_quartz":31,"minecraft:iron_door":8,"minecraft:cut_red_sandstone":7,"minecraft:crimson_planks":14,"minecraft:crimson_nylium":33,"minecraft:soul_lantern":10,"minecraft:smooth_red_sandstone_slab":4,"minecraft:nether_wart_block":11,"minecraft:blue_candle":3,"minecraft:diamond_sword":2,"minecraft:redstone_lamp":1,"minecraft:brown_carpet":4,"minecraft:snow":30,"minecraft:emerald_block":1,"minecraft:hay_block":3,"minecraft:tall_grass":16,"minecraft:stripped_crimson_hyphae":1,"minecraft:crimson_stairs":9,"minecraft:podzol":37,"minecraft:crimson_door":2,"minecraft:green_concrete_powder":33,"minecraft:chain":15,"minecraft:glass_pane":1,"minecraft:black_candle":27,"minecraft:stripped_oak_log":16,"minecraft:pearlescent_froglight":5,"minecraft:coarse_dirt":27,"minecraft:sculk_vein":46,"minecraft:large_fern":1,"minecraft:polished_blackstone_stairs":15,"minecraft:brown_concrete_powder":5},"minecraft:custom":{"minecraft:mob_kills":2,"minecraft:leave_game":37,"minecraft:time_since_death":118381,"minecraft:climb_one_cm":12608,"minecraft:damage_resisted":11710,"minecraft:time_since_rest":118384,"minecraft:sprint_one_cm":923118,"minecraft:damage_taken":4521,"minecraft:walk_one_cm":439880,"minecraft:drop":2,"minecraft:damage_dealt":524,"minecraft:swim_one_cm":2171,"minecraft:fly_one_cm":5724993,"minecraft:player_kills":1,"minecraft:open_chest":4,"minecraft:crouch_one_cm":47833,"minecraft:play_time":720171,"minecraft:deaths":4,"minecraft:sneak_time":31177,"minecraft:walk_under_water_one_cm":80209,"minecraft:interact_with_lectern":2,"minecraft:aviate_one_cm":423322,"minecraft:jump":7704,"minecraft:walk_on_water_one_cm":34259,"minecraft:total_world_time":720171,"minecraft:fall_one_cm":275636},"minecraft:killed_by":{"minecraft:player":1,"minecraft:drowned":1},"minecraft:dropped":{"minecraft:debug_stick":2}},"DataVersion":3120}