{"stats":{"minecraft:used":{"minecraft:calcite":1,"minecraft:oak_fence":14,"minecraft:nether_brick_fence":3,"minecraft:water_bucket":36,"minecraft:jack_o_lantern":2,"minecraft:netherite_sword":6,"minecraft:blue_terracotta":139,"minecraft:polished_blackstone_brick_slab":9,"minecraft:dirt_path":220,"minecraft:crimson_fence":12,"minecraft:flint_and_steel":45,"minecraft:orange_concrete":9,"minecraft:snow_block":65,"minecraft:carved_pumpkin":6,"minecraft:smooth_quartz_slab":1,"minecraft:spruce_slab":82,"minecraft:redstone":5,"minecraft:mangrove_planks":1,"minecraft:oak_planks":37,"minecraft:oak_sign":1,"minecraft:mycelium":2,"minecraft:andesite_slab":9,"minecraft:spruce_planks":10,"minecraft:stone":1317,"minecraft:brown_mushroom":3,"minecraft:structure_void":14,"minecraft:spruce_sign":2,"minecraft:mangrove_fence":1,"minecraft:grass":16,"minecraft:player_head":1,"minecraft:deepslate_bricks":2,"minecraft:green_terracotta":9,"minecraft:smooth_quartz_stairs":3,"minecraft:polished_blackstone_bricks":12,"minecraft:oak_door":3,"minecraft:white_candle":8,"minecraft:spruce_leaves":1,"minecraft:torch":8,"minecraft:end_stone_brick_wall":2,"minecraft:stripped_mangrove_wood":1,"minecraft:diamond_block":1,"minecraft:dirt":120,"minecraft:orange_carpet":25,"minecraft:sand":51,"minecraft:ancient_debris":4,"minecraft:yellow_terracotta":6,"minecraft:oak_slab":7,"minecraft:chorus_flower":8,"minecraft:birch_sign":1,"minecraft:spruce_stairs":2,"minecraft:smooth_red_sandstone":12,"minecraft:blue_ice":9,"minecraft:yellow_carpet":19,"minecraft:stone_stairs":12,"minecraft:deepslate_tile_slab":9,"minecraft:oak_wood":50,"minecraft:purple_terracotta":45,"minecraft:ochre_froglight":8,"minecraft:beehive":40,"minecraft:granite":3,"minecraft:spruce_fence":114,"minecraft:end_stone":7,"minecraft:spruce_log":5,"minecraft:deepslate_brick_stairs":7,"minecraft:mushroom_stem":13,"minecraft:deepslate_tiles":1,"minecraft:fern":6,"minecraft:birch_fence":3,"minecraft:redstone_torch":5,"minecraft:oak_log":3,"minecraft:sticky_piston":4,"minecraft:flower_pot":3,"minecraft:light":33,"minecraft:cyan_terracotta":4,"minecraft:lava_bucket":2,"minecraft:firework_rocket":13,"minecraft:bricks":11,"minecraft:gray_shulker_box":4,"minecraft:spruce_wood":47,"minecraft:grass_block":630,"minecraft:light_weighted_pressure_plate":3,"minecraft:slime_block":26,"minecraft:spruce_button":6,"minecraft:acacia_slab":1,"minecraft:polished_andesite_stairs":2,"minecraft:crimson_slab":17,"minecraft:polished_blackstone_brick_wall":3,"minecraft:stone_slab":36,"minecraft:polished_blackstone_brick_stairs":90,"minecraft:red_terracotta":31,"minecraft:purpur_slab":1,"minecraft:gray_concrete_powder":7,"minecraft:smooth_quartz":28,"minecraft:iron_door":8,"minecraft:raw_gold_block":3,"minecraft:deepslate":5,"minecraft:polished_andesite_slab":40,"minecraft:soul_lantern":4,"minecraft:green_candle":17,"minecraft:repeater":1,"minecraft:purple_concrete":3,"minecraft:red_carpet":28,"minecraft:redstone_lamp":2,"minecraft:snow":59,"minecraft:stripped_crimson_hyphae":13,"minecraft:gray_glazed_terracotta":131,"minecraft:mangrove_roots":49,"minecraft:deepslate_tile_stairs":7,"minecraft:dark_oak_fence":2,"minecraft:podzol":260,"minecraft:acacia_fence":12,"minecraft:andesite":16,"minecraft:chain":20,"minecraft:glass_pane":11,"minecraft:gold_block":1,"minecraft:smooth_stone_slab":21,"minecraft:sea_pickle":21,"minecraft:chorus_plant":21,"minecraft:pearlescent_froglight":7,"minecraft:coarse_dirt":16,"minecraft:seagrass":11,"minecraft:candle":65,"minecraft:orange_terracotta":208,"minecraft:powder_snow_bucket":17,"minecraft:pumpkin":25,"minecraft:brown_concrete_powder":6,"minecraft:stripped_spruce_wood":125},"minecraft:custom":{"minecraft:mob_kills":2,"minecraft:open_barrel":1,"minecraft:open_shulker_box":1,"minecraft:pot_flower":3,"minecraft:leave_game":27,"minecraft:time_since_death":186444,"minecraft:climb_one_cm":8344,"minecraft:time_since_rest":186454,"minecraft:sprint_one_cm":712983,"minecraft:damage_taken":20870,"minecraft:walk_one_cm":556884,"minecraft:drop":8,"minecraft:damage_dealt":381,"minecraft:swim_one_cm":1541,"minecraft:fly_one_cm":4944448,"minecraft:open_chest":1,"minecraft:crouch_one_cm":104656,"minecraft:play_time":575250,"minecraft:deaths":2,"minecraft:sneak_time":47638,"minecraft:walk_under_water_one_cm":51889,"minecraft:aviate_one_cm":66478,"minecraft:jump":5799,"minecraft:walk_on_water_one_cm":59803,"minecraft:total_world_time":575250,"minecraft:fall_one_cm":5584},"minecraft:killed_by":{"minecraft:player":1},"minecraft:picked_up":{"minecraft:wooden_axe":1,"minecraft:fishing_rod":2,"minecraft:leather_chestplate":1,"minecraft:wheat":27,"minecraft:feather":5,"minecraft:suspicious_stew":1,"minecraft:light":1,"minecraft:gunpowder":1,"minecraft:map":3,"minecraft:iron_ingot":4,"minecraft:player_head":1,"minecraft:iron_nugget":11,"minecraft:book":2,"minecraft:poisonous_potato":6,"minecraft:structure_void":1,"minecraft:diamond_shovel":2,"minecraft:rotten_flesh":7,"minecraft:emerald":2,"minecraft:coal":12},"minecraft:dropped":{"minecraft:player_head":1,"minecraft:smooth_stone_slab":1,"minecraft:diamond_shovel":3,"minecraft:structure_void":1,"minecraft:light":1,"minecraft:wooden_axe":1},"minecraft:killed":{"minecraft:drowned":2}},"DataVersion":3120}