{"stats":{"minecraft:used":{"minecraft:mangrove_leaves":33,"minecraft:calcite":12,"minecraft:water_bucket":23,"minecraft:jack_o_lantern":3,"minecraft:red_sand":38,"minecraft:writable_book":3,"minecraft:mangrove_wood":3,"minecraft:wither_skeleton_skull":2,"minecraft:flint_and_steel":24,"minecraft:carved_pumpkin":3,"minecraft:gray_carpet":2,"minecraft:netherite_chestplate":1,"minecraft:elytra":1,"minecraft:bone_block":1,"minecraft:oak_sign":1,"minecraft:ender_pearl":18,"minecraft:stone":96,"minecraft:nether_wart":8,"minecraft:sculk":4,"minecraft:spruce_sign":1,"minecraft:glow_ink_sac":2,"minecraft:farmland":1,"minecraft:polished_blackstone_bricks":10,"minecraft:debug_stick":15,"minecraft:orange_stained_glass":3,"minecraft:glow_item_frame":6,"minecraft:polished_deepslate_slab":4,"minecraft:soul_sand":12,"minecraft:netherite_leggings":1,"minecraft:twisting_vines":18,"minecraft:netherite_helmet":1,"minecraft:tuff":8,"minecraft:mud_brick_stairs":7,"minecraft:nether_brick_stairs":1,"minecraft:obsidian":10,"minecraft:deepslate_tiles":3,"minecraft:gray_terracotta":8,"minecraft:mud":124,"minecraft:wooden_hoe":1,"minecraft:green_concrete":2,"minecraft:light":83,"minecraft:black_concrete":8,"minecraft:lava_bucket":19,"minecraft:mangrove_log":10,"minecraft:muddy_mangrove_roots":11,"minecraft:mangrove_propagule":3,"minecraft:polished_deepslate_wall":1,"minecraft:slime_block":2,"minecraft:barrier":1,"minecraft:warped_fence":1,"minecraft:stone_button":11,"minecraft:red_terracotta":40,"minecraft:polished_blackstone_brick_stairs":4,"minecraft:raw_gold_block":31,"minecraft:soul_lantern":4,"minecraft:item_frame":4,"minecraft:netherite_boots":1,"minecraft:coal_block":17,"minecraft:brown_carpet":46,"minecraft:nether_wart_block":5,"minecraft:magma_block":6,"minecraft:red_carpet":12,"minecraft:honeycomb_block":21,"minecraft:cobblestone":6,"minecraft:snow":12,"minecraft:soul_soil":65,"minecraft:iron_trapdoor":2,"minecraft:mangrove_roots":3,"minecraft:green_concrete_powder":1,"minecraft:andesite":7,"minecraft:chain":1,"minecraft:glass_pane":12,"minecraft:smooth_stone_slab":34,"minecraft:skeleton_skull":4,"minecraft:cooked_beef":2,"minecraft:red_dye":1,"minecraft:acacia_planks":24,"minecraft:sculk_vein":8,"minecraft:enchanted_golden_apple":5,"minecraft:bone_meal":24,"minecraft:cobweb":11},"minecraft:custom":{"minecraft:open_barrel":1,"minecraft:leave_game":12,"minecraft:time_since_death":12862,"minecraft:climb_one_cm":12206,"minecraft:damage_resisted":271,"minecraft:time_since_rest":12882,"minecraft:damage_absorbed":537,"minecraft:sprint_one_cm":752231,"minecraft:damage_taken":22473,"minecraft:walk_one_cm":296843,"minecraft:drop":2,"minecraft:damage_dealt":19,"minecraft:swim_one_cm":956,"minecraft:fly_one_cm":2533841,"minecraft:open_chest":2,"minecraft:crouch_one_cm":24785,"minecraft:play_time":434733,"minecraft:deaths":13,"minecraft:sneak_time":15757,"minecraft:walk_under_water_one_cm":44647,"minecraft:interact_with_lectern":3,"minecraft:aviate_one_cm":19393,"minecraft:jump":7060,"minecraft:walk_on_water_one_cm":22515,"minecraft:total_world_time":434733,"minecraft:fall_one_cm":569657},"minecraft:killed_by":{"minecraft:player":9},"minecraft:picked_up":{"minecraft:light":1},"minecraft:dropped":{"minecraft:light":1,"minecraft:poppy":1}},"DataVersion":3120}