{"stats":{"minecraft:killed":{"minecraft:drowned":1},"minecraft:custom":{"minecraft:mob_kills":1,"minecraft:leave_game":15,"minecraft:time_since_death":38033,"minecraft:climb_one_cm":16600,"minecraft:time_since_rest":38034,"minecraft:sprint_one_cm":1343813,"minecraft:damage_taken":930,"minecraft:walk_one_cm":187580,"minecraft:damage_dealt":191,"minecraft:swim_one_cm":13086,"minecraft:fly_one_cm":5169781,"minecraft:crouch_one_cm":30593,"minecraft:play_time":755977,"minecraft:sneak_time":21013,"minecraft:deaths":2,"minecraft:walk_under_water_one_cm":68306,"minecraft:interact_with_lectern":3,"minecraft:aviate_one_cm":34111,"minecraft:jump":14556,"minecraft:walk_on_water_one_cm":24869,"minecraft:total_world_time":757667,"minecraft:fall_one_cm":53554},"minecraft:used":{"minecraft:mangrove_leaves":3,"minecraft:crimson_stem":2,"minecraft:oak_fence":42,"minecraft:water_bucket":33,"minecraft:orange_concrete_powder":1,"minecraft:blue_terracotta":14,"minecraft:netherite_sword":2,"minecraft:jack_o_lantern":8,"minecraft:writable_book":2,"minecraft:red_sand":4,"minecraft:dirt_path":26,"minecraft:chiseled_deepslate":7,"minecraft:dead_bush":4,"minecraft:cut_red_sandstone_slab":1,"minecraft:mangrove_planks":7,"minecraft:diamond_hoe":33,"minecraft:oak_planks":67,"minecraft:bone_block":25,"minecraft:ladder":14,"minecraft:waxed_oxidized_cut_copper":4,"minecraft:stone":211,"minecraft:nether_wart":25,"minecraft:blue_concrete_powder":2,"minecraft:structure_void":15,"minecraft:farmland":17,"minecraft:spruce_leaves":1,"minecraft:debug_stick":79,"minecraft:respawn_anchor":4,"minecraft:sand":73,"minecraft:soul_sand":25,"minecraft:dirt":4,"minecraft:lime_terracotta":6,"minecraft:warped_wart_block":1,"minecraft:vine":4,"minecraft:oak_slab":3,"minecraft:smooth_red_sandstone":1,"minecraft:acacia_leaves":21,"minecraft:oak_wood":25,"minecraft:purple_terracotta":10,"minecraft:dripstone_block":3,"minecraft:black_concrete_powder":4,"minecraft:smooth_red_sandstone_stairs":1,"minecraft:weeping_vines":10,"minecraft:polished_diorite":1,"minecraft:polished_deepslate_stairs":7,"minecraft:oak_log":49,"minecraft:mud":17,"minecraft:firework_rocket":3,"minecraft:command_block":19,"minecraft:black_stained_glass_pane":1,"minecraft:grass_block":163,"minecraft:light_weighted_pressure_plate":21,"minecraft:oak_stairs":3,"minecraft:slime_block":3,"minecraft:warped_fence":2,"minecraft:polished_deepslate_wall":1,"minecraft:crimson_slab":4,"minecraft:polished_granite":1,"minecraft:crimson_planks":1,"minecraft:soul_lantern":1,"minecraft:nether_wart_block":64,"minecraft:coal_block":51,"minecraft:redstone_lamp":7,"minecraft:red_nether_brick_wall":3,"minecraft:soul_soil":13,"minecraft:crimson_stairs":6,"minecraft:podzol":1,"minecraft:repeating_command_block":1,"minecraft:smooth_stone_slab":7,"minecraft:stripped_oak_log":7,"minecraft:coarse_dirt":1,"minecraft:orange_stained_glass_pane":1},"minecraft:picked_up":{"minecraft:light":1,"minecraft:wheat_seeds":1}},"DataVersion":3120}