[
  {
    "positionGroups": {
      "2": {
        "positions": {
          "-64,209,153": {
            "current": {
              "block": "minecraft:slime_block",
              "sound": "BLOCK_SLIME_BLOCK_PLACE",
              "pitch": 0.8
            },
            "previous": {
              "block": "minecraft:air",
              "sound": "BLOCK_STONE_PLACE",
              "pitch": 0.8
            },
            "placed": true,
            "step": 1
          },
          "-66,209,155": {
            "current": {
              "block": "minecraft:slime_block",
              "sound": "BLOCK_SLIME_BLOCK_PLACE",
              "pitch": 0.8
            },
            "previous": {
              "block": "minecraft:air",
              "sound": "BLOCK_STONE_PLACE",
              "pitch": 0.8
            },
            "placed": true,
            "step": 2
          },
          "-67,209,156": {
            "current": {
              "block": "minecraft:slime_block",
              "sound": "BLOCK_SLIME_BLOCK_PLACE",
              "pitch": 0.8
            },
            "previous": {
              "block": "minecraft:air",
              "sound": "BLOCK_STONE_PLACE",
              "pitch": 0.8
            },
            "placed": true,
            "step": 3
          },
          "-65,209,153": {
            "current": {
              "block": "minecraft:slime_block",
              "sound": "BLOCK_SLIME_BLOCK_PLACE",
              "pitch": 0.8
            },
            "previous": {
              "block": "minecraft:air",
              "sound": "BLOCK_STONE_PLACE",
              "pitch": 0.8
            },
            "placed": true,
            "step": 4
          }
        }
      },
      "3": {
        "positions": {
          "-65,209,155": {
            "current": {
              "block": "minecraft:slime_block",
              "sound": "BLOCK_SLIME_BLOCK_PLACE",
              "pitch": 0.8
            },
            "previous": {
              "block": "minecraft:air",
              "sound": "BLOCK_STONE_PLACE",
              "pitch": 0.8
            },
            "placed": true,
            "step": 6
          },
          "-64,209,154": {
            "current": {
              "block": "minecraft:slime_block",
              "sound": "BLOCK_SLIME_BLOCK_PLACE",
              "pitch": 0.8
            },
            "previous": {
              "block": "minecraft:air",
              "sound": "BLOCK_STONE_PLACE",
              "pitch": 0.8
            },
            "placed": true,
            "step": 8
          },
          "-63,209,153": {
            "current": {
              "block": "minecraft:slime_block",
              "sound": "BLOCK_SLIME_BLOCK_PLACE",
              "pitch": 0.8
            },
            "previous": {
              "block": "minecraft:air",
              "sound": "BLOCK_STONE_PLACE",
              "pitch": 0.8
            },
            "placed": true,
            "step": 9
          },
          "-67,209,157": {
            "current": {
              "block": "minecraft:slime_block",
              "sound": "BLOCK_SLIME_BLOCK_PLACE",
              "pitch": 0.8
            },
            "previous": {
              "block": "minecraft:air",
              "sound": "BLOCK_STONE_PLACE",
              "pitch": 0.8
            },
            "placed": true,
            "step": 12
          },
          "-63,209,152": {
            "current": {
              "block": "minecraft:slime_block",
              "sound": "BLOCK_SLIME_BLOCK_PLACE",
              "pitch": 0.8
            },
            "previous": {
              "block": "minecraft:air",
              "sound": "BLOCK_STONE_PLACE",
              "pitch": 0.8
            },
            "placed": true,
            "step": 10
          },
          "-64,209,152": {
            "current": {
              "block": "minecraft:slime_block",
              "sound": "BLOCK_SLIME_BLOCK_PLACE",
              "pitch": 0.8
            },
            "previous": {
              "block": "minecraft:air",
              "sound": "BLOCK_STONE_PLACE",
              "pitch": 0.8
            },
            "placed": true,
            "step": 5
          },
          "-66,209,154": {
            "current": {
              "block": "minecraft:slime_block",
              "sound": "BLOCK_SLIME_BLOCK_PLACE",
              "pitch": 0.8
            },
            "previous": {
              "block": "minecraft:air",
              "sound": "BLOCK_STONE_PLACE",
              "pitch": 0.8
            },
            "placed": true,
            "step": 7
          },
          "-67,209,154": {
            "current": {
              "block": "minecraft:slime_block",
              "sound": "BLOCK_SLIME_BLOCK_PLACE",
              "pitch": 0.8
            },
            "previous": {
              "block": "minecraft:air",
              "sound": "BLOCK_STONE_PLACE",
              "pitch": 0.8
            },
            "placed": true,
            "step": 11
          }
        }
      },
      "4": {
        "positions": {
          "-63,209,154": {
            "current": {
              "block": "minecraft:slime_block",
              "sound": "BLOCK_SLIME_BLOCK_PLACE",
              "pitch": 0.8
            },
            "previous": {
              "block": "minecraft:air",
              "sound": "BLOCK_STONE_PLACE",
              "pitch": 0.8
            },
            "placed": true,
            "step": 17
          },
          "-62,209,152": {
            "current": {
              "block": "minecraft:slime_block",
              "sound": "BLOCK_SLIME_BLOCK_PLACE",
              "pitch": 0.8
            },
            "previous": {
              "block": "minecraft:air",
              "sound": "BLOCK_STONE_PLACE",
              "pitch": 0.8
            },
            "placed": true,
            "step": 18
          },
          "-65,209,154": {
            "current": {
              "block": "minecraft:slime_block",
              "sound": "BLOCK_SLIME_BLOCK_PLACE",
              "pitch": 0.8
            },
            "previous": {
              "block": "minecraft:air",
              "sound": "BLOCK_STONE_PLACE",
              "pitch": 0.8
            },
            "placed": true,
            "step": 13
          },
          "-62,209,151": {
            "current": {
              "block": "minecraft:slime_block",
              "sound": "BLOCK_SLIME_BLOCK_PLACE",
              "pitch": 0.8
            },
            "previous": {
              "block": "minecraft:air",
              "sound": "BLOCK_STONE_PLACE",
              "pitch": 0.8
            },
            "placed": true,
            "step": 16
          },
          "-67,209,155": {
            "current": {
              "block": "minecraft:slime_block",
              "sound": "BLOCK_SLIME_BLOCK_PLACE",
              "pitch": 0.8
            },
            "previous": {
              "block": "minecraft:air",
              "sound": "BLOCK_STONE_PLACE",
              "pitch": 0.8
            },
            "placed": true,
            "step": 19
          },
          "-68,209,156": {
            "current": {
              "block": "minecraft:slime_block",
              "sound": "BLOCK_SLIME_BLOCK_PLACE",
              "pitch": 0.8
            },
            "previous": {
              "block": "minecraft:air",
              "sound": "BLOCK_STONE_PLACE",
              "pitch": 0.8
            },
            "placed": true,
            "step": 20
          },
          "-66,209,153": {
            "current": {
              "block": "minecraft:slime_block",
              "sound": "BLOCK_SLIME_BLOCK_PLACE",
              "pitch": 0.8
            },
            "previous": {
              "block": "minecraft:air",
              "sound": "BLOCK_STONE_PLACE",
              "pitch": 0.8
            },
            "placed": true,
            "step": 14
          },
          "-65,209,152": {
            "current": {
              "block": "minecraft:slime_block",
              "sound": "BLOCK_SLIME_BLOCK_PLACE",
              "pitch": 0.8
            },
            "previous": {
              "block": "minecraft:air",
              "sound": "BLOCK_STONE_PLACE",
              "pitch": 0.8
            },
            "placed": true,
            "step": 15
          }
        }
      },
      "5": {
        "positions": {
          "-63,209,155": {
            "current": {
              "block": "minecraft:slime_block",
              "sound": "BLOCK_SLIME_BLOCK_PLACE",
              "pitch": 0.8
            },
            "previous": {
              "block": "minecraft:air",
              "sound": "BLOCK_STONE_PLACE",
              "pitch": 0.8
            },
            "placed": true,
            "step": 22
          },
          "-61,209,153": {
            "current": {
              "block": "minecraft:slime_block",
              "sound": "BLOCK_SLIME_BLOCK_PLACE",
              "pitch": 0.8
            },
            "previous": {
              "block": "minecraft:air",
              "sound": "BLOCK_STONE_PLACE",
              "pitch": 0.8
            },
            "placed": true,
            "step": 28
          },
          "-66,209,156": {
            "current": {
              "block": "minecraft:slime_block",
              "sound": "BLOCK_SLIME_BLOCK_PLACE",
              "pitch": 0.8
            },
            "previous": {
              "block": "minecraft:air",
              "sound": "BLOCK_STONE_PLACE",
              "pitch": 0.8
            },
            "placed": true,
            "step": 24
          },
          "-68,209,157": {
            "current": {
              "block": "minecraft:slime_block",
              "sound": "BLOCK_SLIME_BLOCK_PLACE",
              "pitch": 0.8
            },
            "previous": {
              "block": "minecraft:air",
              "sound": "BLOCK_STONE_PLACE",
              "pitch": 0.8
            },
            "placed": true,
            "step": 27
          },
          "-63,209,151": {
            "current": {
              "block": "minecraft:slime_block",
              "sound": "BLOCK_SLIME_BLOCK_PLACE",
              "pitch": 0.8
            },
            "previous": {
              "block": "minecraft:air",
              "sound": "BLOCK_STONE_PLACE",
              "pitch": 0.8
            },
            "placed": true,
            "step": 21
          },
          "-65,209,151": {
            "current": {
              "block": "minecraft:slime_block",
              "sound": "BLOCK_SLIME_BLOCK_PLACE",
              "pitch": 0.8
            },
            "previous": {
              "block": "minecraft:air",
              "sound": "BLOCK_STONE_PLACE",
              "pitch": 0.8
            },
            "placed": true,
            "step": 23
          }
        }
      },
      "6": {
        "positions": {
          "-63,209,150": {
            "current": {
              "block": "minecraft:slime_block",
              "sound": "BLOCK_SLIME_BLOCK_PLACE",
              "pitch": 0.8
            },
            "previous": {
              "block": "minecraft:air",
              "sound": "BLOCK_STONE_PLACE",
              "pitch": 0.8
            },
            "placed": true,
            "step": 29
          }
        }
      }
    },
    "worldID": "76657273-696f-6e20-6874-7470733a2f2f",
    "isActive": true,
    name: "slime",
    "config": {
      name: "slime",
      "countOnAction": true,
      "placeSound": true,
      "destroyBlock": false,
      "loopMode": "NONE",
      "loopDelay": 10,
      "loopTimer": -1,
      "generatePhases": 0
    },
    "time": 6,
    "step": 29
  }
]