{
    "parent": "main:easter_eggs/root",
    "display": {
        "title": {
            "text": "Spiral-ception",
            "color": "white",
            "bold": true
        },
        "description": {
            "text": "Discover and climb the mini Parkour Spiral",
            "color": "white",
            "bold": false
        },
        "icon": {
            "id": "minecraft:light_gray_candle"
       },
        "frame": "challenge",
        "show_toast": true,
        "announce_to_chat": false,
        "hidden": true
    },
    "criteria": {
        "0": {
            "trigger": "minecraft:impossible"
        }
    }
}