{
    "parent": "main:easter_eggs/ee2",
    "display": {
        "title": {
            "text": "Santa's house",
            "color": "white",
            "bold": true
        },
        "description": {
            "text": "Now where are the presents?",
            "color": "white",
            "bold": false
        },
        "icon": {
            "id": "minecraft:player_head",
            "components": {
                "minecraft:profile": {
                  "properties": [
                    {
                      "name": "textures",
                      "value": "eyJ0ZXh0dXJlcyI6eyJTS0lOIjp7InVybCI6Imh0dHA6Ly90ZXh0dXJlcy5taW5lY3JhZnQubmV0L3RleHR1cmUvMzM2ZjdjMjc1MzAxMGNmMDk3NmEzODBmMjRiMWY3N2Y5MzU3OTcwM2VlNjJkMzQ2Y2QzNjk0YTY4NDg1YzMifX19"
                    }
                  ]
                }
              }
         },
        "frame": "challenge",
        "show_toast": true,
        "announce_to_chat": false,
        "hidden": true
    },
    "criteria": {
        "0": {
            "trigger": "minecraft:impossible"
        }
    }
}