{
    "parent": "main:easter_eggs/ee3",
    "display": {
        "title": {
            "text": "Kaboom!",
            "color": "white",
            "bold": true
        },
        "description": {
            "text": "Cellar cleanup? Just add TNT!",
            "color": "white",
            "bold": false
        },
        "icon": {
            "id": "minecraft:tnt"
         },
        "frame": "challenge",
        "show_toast": true,
        "announce_to_chat": false,
        "hidden": true
    },
    "criteria": {
        "0": {
            "trigger": "minecraft:impossible"
        }
    }
}