{
    "parent": "main:easter_eggs/ee5",
    "display": {
        "title": {
            "text": "Enter the Nether",
            "color": "white",
            "bold": true
        },
        "description": {
            "text": "Light the portal and journey into a new dimension",
            "color": "white",
            "bold": false
        },
        "icon": {
            "id": "minecraft:nether_wart"
         },
        "frame": "challenge",
        "show_toast": true,
        "announce_to_chat": false,
        "hidden": true
    },
    "criteria": {
        "0": {
            "trigger": "minecraft:impossible"
        }
    }
  }