{
    "display": {
      "icon": {
        "item": "minecraft:trident"
      },
      "title": {
        "text": "Fish out of water",
        "bold": true,
        "color": "aqua"
      },
      "description": {
        "text": "Propel yourself out of water using a Trident!",
        "color": "gray",
        "bold": false
      },
      "show_toast": true,
      "announce_to_chat": false,
      "hidden": false
    },
    "parent": "main:root",
    "criteria": {
      "root": {
        "trigger": "minecraft:impossible"
      }
    }
  }
  