{
    "display": {
      "icon": {
        "id": "minecraft:player_head",
        "components": {
          "minecraft:profile": {
            "properties": [
              {
                "name": "textures",
                "value": "eyJ0ZXh0dXJlcyI6eyJTS0lOIjp7InVybCI6Imh0dHA6Ly90ZXh0dXJlcy5taW5lY3JhZnQubmV0L3RleHR1cmUvYjE1NGJhNDJkMjgyMmY1NjUzNGU3NTU4Mjc4OTJlNDcxOWRlZWYzMjhhYmI1OTU4NGJlNjk2N2YyNWY0OGNiNCJ9fX0="
              }
            ]
          }
        }
      },
      "title": {
        "text": "Frozen River",
        "color": "aqua",
        "bold": true
      },
      "description": "",
      "frame": "goal",
      "show_toast": true,
      "announce_to_chat": false,
      "hidden": true
    },
    "parent": "main:easter_eggs/nether_wart",
    "criteria": {
      "requirement": {
        "trigger": "minecraft:impossible"
      }
    }
  }
  