{
    "parent": "main:easter_eggs/sneak_peek",
    "display": {
        "title": {
            "text": "Go with the flow",
            "color": "light_purple",
            "bold": true
        },
        "description": {
            "text": "Find the hidden diamonds by following the lava flow in level 62",
            "color": "white",
            "bold": false
        },
        "icon": {
            "id": "minecraft:diamond_block"
        },
        "frame": "task",
        "show_toast": true,
        "announce_to_chat": false,
        "hidden": true
    },
    "criteria": {
        "0": {
            "trigger": "minecraft:impossible"
        }
    }
}