{
    "display": {
        "title": {
            "text": "Ranks",
            "color": "yellow",
            "bold": true
        },
        "description": {
            "text": "Use /trigger ranks to see rank times!",
            "color": "white",
            "bold": false
        },
        "icon": {
            "item": "minecraft:clock"
        },
        "frame": "task",
        "show_toast": false,
        "announce_to_chat": false,
        "hidden": true,
        "background": "minecraft:textures/gui/advancements/backgrounds/stone.png"
    },
    "criteria": {
        "root": {
            "trigger": "minecraft:tick"
        }
    }
}