{
    "parent": "main:easter_eggs/root",
    "display": {
        "title": {
            "text": "Lava lover",
            "color": "light_purple",
            "bold": true
        },
        "description": {
            "text": "Find a shortcut in level 67 by jumping in lava",
            "color": "white",
            "bold": false
        },
        "icon": {
            "item": "minecraft:lava_bucket"
        },
        "frame": "task",
        "show_toast": true,
        "announce_to_chat": false,
        "hidden": true
    },
    "criteria": {
        "0": {
            "trigger": "minecraft:impossible"
        }
    }
}