{
    "parent": "main:lava_walker",
    "display": {
        "title": {"text":"Halfway there","color":"yellow","bold":true},
        "description": {"text":"Complete half of Parkour Spiral 3","color":"white","bold":false},
        "icon": {
            "item": "minecraft:nether_star"
        },
        "frame": "goal",
        "show_toast": true,
        "announce_to_chat": true,
        "hidden":true
    },
    "criteria": {
        "elytra": {
            "trigger": "minecraft:impossible"
        }
    }
}