{
	"textures": {
		"0": "item/hielke",
		"1": "item/cape",
		"particle": "item/hielke"
	},
	"elements": [
		{
			"name": "head",
			"from": [4, 23.5, 4],
			"to": [12, 31.5, 12],
			"faces": {
				"north": {"uv": [6, 2, 8, 4], "texture": "#0"},
				"east": {"uv": [4, 2, 6, 4], "texture": "#0"},
				"south": {"uv": [2, 2, 4, 4], "texture": "#0"},
				"west": {"uv": [0, 2, 2, 4], "texture": "#0"},
				"up": {"uv": [2, 0, 4, 2], "texture": "#0"},
				"down": {"uv": [4, 2, 6, 0], "texture": "#0"}
			}
		},
		{
			"name": "body",
			"from": [4, 11.5, 6],
			"to": [12, 23.5, 10],
			"faces": {
				"north": {"uv": [8, 5, 10, 8], "texture": "#0"},
				"east": {"uv": [7, 5, 8, 8], "texture": "#0"},
				"south": {"uv": [5, 5, 7, 8], "texture": "#0"},
				"west": {"uv": [4, 5, 5, 8], "texture": "#0"},
				"up": {"uv": [5, 4, 7, 5], "texture": "#0"},
				"down": {"uv": [7, 5, 9, 4], "texture": "#0"}
			}
		},
		{
			"name": "right_arm",
			"from": [1, 11.5, 6],
			"to": [4, 23.5, 10],
			"faces": {
				"north": {"uv": [12.75, 5, 13.5, 8], "texture": "#0"},
				"east": {"uv": [11.75, 5, 12.75, 8], "texture": "#0"},
				"south": {"uv": [11, 5, 11.75, 8], "texture": "#0"},
				"west": {"uv": [10, 5, 11, 8], "texture": "#0"},
				"up": {"uv": [11, 4, 11.75, 5], "texture": "#0"},
				"down": {"uv": [11.75, 5, 12.5, 4], "texture": "#0"}
			}
		},
		{
			"name": "left_arm",
			"from": [12, 11.5, 6],
			"to": [15, 23.5, 10],
			"faces": {
				"north": {"uv": [10.75, 13, 11.5, 16], "texture": "#0"},
				"east": {"uv": [9.75, 13, 10.75, 16], "texture": "#0"},
				"south": {"uv": [9, 13, 9.75, 16], "texture": "#0"},
				"west": {"uv": [8, 13, 9, 16], "texture": "#0"},
				"up": {"uv": [9, 12, 9.75, 13], "texture": "#0"},
				"down": {"uv": [9.75, 13, 10.5, 12], "texture": "#0"}
			}
		},
		{
			"name": "right_leg",
			"from": [8, -0.5, 6],
			"to": [12, 11.5, 10],
			"faces": {
				"north": {"uv": [7, 13, 8, 16], "texture": "#0"},
				"east": {"uv": [6, 13, 7, 16], "texture": "#0"},
				"south": {"uv": [5, 13, 6, 16], "texture": "#0"},
				"west": {"uv": [4, 13, 5, 16], "texture": "#0"},
				"up": {"uv": [5, 12, 6, 13], "texture": "#0"},
				"down": {"uv": [6, 13, 7, 12], "texture": "#0"}
			}
		},
		{
			"name": "left_leg",
			"from": [4, -0.5, 6],
			"to": [8, 11.5, 10],
			"faces": {
				"north": {"uv": [3, 5, 4, 8], "texture": "#0"},
				"east": {"uv": [2, 5, 3, 8], "texture": "#0"},
				"south": {"uv": [1, 5, 2, 8], "texture": "#0"},
				"west": {"uv": [0, 5, 1, 8], "texture": "#0"},
				"up": {"uv": [1, 4, 2, 5], "texture": "#0"},
				"down": {"uv": [2, 5, 3, 4], "texture": "#0"}
			}
		},
		{
			"name": "head_2nd_layer",
			"from": [3.5, 23, 3.5],
			"to": [12.5, 32, 12.5],
			"faces": {
				"north": {"uv": [14, 2, 16, 4], "texture": "#0"},
				"east": {"uv": [12, 2, 14, 4], "texture": "#0"},
				"south": {"uv": [10, 2, 12, 4], "texture": "#0"},
				"west": {"uv": [8, 2, 10, 4], "texture": "#0"},
				"up": {"uv": [10, 0, 12, 2], "texture": "#0"},
				"down": {"uv": [12, 2, 14, 0], "texture": "#0"}
			}
		},
		{
			"name": "body_2nd_layer",
			"from": [4, 11.02, 5.51],
			"to": [12, 24.03, 10.51],
			"faces": {
				"north": {"uv": [8, 9, 10, 12], "texture": "#0"},
				"east": {"uv": [7, 9, 8, 12], "texture": "#0"},
				"south": {"uv": [5, 9, 7, 12], "texture": "#0"},
				"west": {"uv": [4, 9, 5, 12], "texture": "#0"},
				"up": {"uv": [5, 8, 7, 9], "texture": "#0"},
				"down": {"uv": [7, 9, 9, 8], "texture": "#0"}
			}
		},
		{
			"name": "right_arm_2nd_layer",
			"from": [0.5, 11, 5.5],
			"to": [4.5, 24, 10.5],
			"faces": {
				"north": {"uv": [12.75, 9, 13.5, 12], "texture": "#0"},
				"east": {"uv": [11.75, 9, 12.75, 12], "texture": "#0"},
				"south": {"uv": [10.75, 9, 11.5, 12], "texture": "#0"},
				"west": {"uv": [10, 9, 11, 12], "texture": "#0"},
				"up": {"uv": [11, 8, 11.75, 9], "texture": "#0"},
				"down": {"uv": [11.75, 9, 12.5, 8], "texture": "#0"}
			}
		},
		{
			"name": "left_arm_2nd_layer",
			"from": [11.5, 11, 5.5],
			"to": [15.5, 24, 10.5],
			"faces": {
				"north": {"uv": [14.75, 13, 15.5, 16], "texture": "#0"},
				"east": {"uv": [13.75, 13, 14.75, 16], "texture": "#0"},
				"south": {"uv": [13, 13, 13.75, 16], "texture": "#0"},
				"west": {"uv": [12, 13, 13, 16], "texture": "#0"},
				"up": {"uv": [13, 12, 13.75, 13], "texture": "#0"},
				"down": {"uv": [13.75, 13, 14.5, 12], "texture": "#0"}
			}
		},
		{
			"name": "right_leg_2nd_layer",
			"from": [3.5, -1, 5.5],
			"to": [8.5, 12, 10.5],
			"faces": {
				"north": {"uv": [3, 9, 4, 12], "texture": "#0"},
				"east": {"uv": [0, 9, 1, 12], "texture": "#0"},
				"south": {"uv": [1, 9, 2, 12], "texture": "#0"},
				"west": {"uv": [0, 9, 1, 12], "texture": "#0"},
				"up": {"uv": [1, 8, 2, 9], "texture": "#0"},
				"down": {"uv": [2, 9, 3, 8], "texture": "#0"}
			}
		},
		{
			"name": "left_leg_2nd_layer",
			"from": [7.5, -1, 5.5],
			"to": [12.5, 12, 10.5],
			"faces": {
				"north": {"uv": [3, 13, 4, 16], "texture": "#0"},
				"east": {"uv": [2, 13, 3, 16], "texture": "#0"},
				"south": {"uv": [1, 13, 2, 16], "texture": "#0"},
				"west": {"uv": [0, 13, 1, 16], "texture": "#0"},
				"up": {"uv": [1, 12, 2, 13], "texture": "#0"},
				"down": {"uv": [2, 13, 3, 12], "texture": "#0"}
			}
		},
		{
			"name": "cape",
			"from": [2.5, 6, 2],
			"to": [13.5, 23, 3],
			"faces": {
				"north": {
					"uv": [
						0.4997140984786184,
						0.49971369693153783,
						5.499245091488486,
						8.449713696931537
					],
					"texture": "#1"
				},
				"east": {
					"uv": [
						0,
						0.4997138977050781,
						0.47,
						8.498963807758532
					],
					"texture": "#1"
				},
				"south": {
					"uv": [
						5.999916478207237,
						0.4997138977050781,
						10.99896882709704,
						8.498963807758532
					],
					"texture": "#1"
				},
				"west": {
					"uv": [
						5.499245091488487,
						0.4997138977050781,
						5.998958888806795,
						8.498963807758532
					],
					"texture": "#1"
				},
				"up": {
					"uv": [
						0.4997140984786184,
						0,
						5.49876644736842,
						0.49971379731830795
					],
					"texture": "#1"
				},
				"down": {
					"uv": [
						5.498766447368421,
						0,
						10.497818796258223,
						0.49971379731830795
					],
					"texture": "#1"
				}
			},
			"rotation": {
				"origin": [7.5, 14, 5.5],
				"axis": "x",
				"angle": 22.5
			}
		}
	],
	"display": {
		"head": {
			"translation": [0, -29, 0],
			"scale": [1.6, 1.6, 1.6]
		}
	},
	"groups": [
		{
			"name": "alex",
			"origin": [8, 8, 8],
			"children": [0, 1, 2, 3, 4, 5, 6, 7, 8, 9, 10, 11]
		}
	]
}