{
  "minecraft:recipes/decorations/crafting_table": {
    "criteria": {
      "unlock_right_away": "2024-04-18 06:44:32 +0000"
    },
    "done": true
  },
  "minecraft:adventure/adventuring_time": {
    "criteria": {
      "minecraft:badlands": "2024-10-20 12:08:17 +0000",
      "minecraft:flower_forest": "2024-04-18 10:30:26 +0000",
      "minecraft:dark_forest": "2024-06-16 12:36:07 +0000",
      "minecraft:mushroom_fields": "2024-11-01 16:32:42 +0000",
      "minecraft:lukewarm_ocean": "2024-04-18 10:26:45 +0000",
      "minecraft:lush_caves": "2024-10-20 10:25:17 +0000",
      "minecraft:eroded_badlands": "2024-11-01 16:35:21 +0000",
      "minecraft:ocean": "2024-04-18 06:45:01 +0000",
      "minecraft:jungle": "2024-04-18 06:45:15 +0000",
      "minecraft:swamp": "2024-04-18 06:57:41 +0000",
      "minecraft:old_growth_spruce_taiga": "2024-04-18 10:27:55 +0000",
      "minecraft:savanna": "2024-04-18 06:45:20 +0000",
      "minecraft:plains": "2024-04-18 06:45:27 +0000",
      "minecraft:warm_ocean": "2024-04-18 06:44:33 +0000"
    },
    "done": false
  },
  "minecraft:recipes/transportation/mangrove_boat": {
    "criteria": {
      "in_water": "2024-04-18 06:57:26 +0000"
    },
    "done": true
  },
  "minecraft:recipes/transportation/acacia_boat": {
    "criteria": {
      "in_water": "2024-04-18 06:57:26 +0000"
    },
    "done": true
  },
  "minecraft:recipes/transportation/cherry_boat": {
    "criteria": {
      "in_water": "2024-04-18 06:57:26 +0000"
    },
    "done": true
  },
  "minecraft:recipes/transportation/bamboo_raft": {
    "criteria": {
      "in_water": "2024-04-18 06:57:26 +0000"
    },
    "done": true
  },
  "minecraft:recipes/transportation/spruce_boat": {
    "criteria": {
      "in_water": "2024-04-18 06:57:26 +0000"
    },
    "done": true
  },
  "minecraft:recipes/transportation/birch_boat": {
    "criteria": {
      "in_water": "2024-04-18 06:57:26 +0000"
    },
    "done": true
  },
  "minecraft:recipes/transportation/oak_boat": {
    "criteria": {
      "in_water": "2024-04-18 06:57:26 +0000"
    },
    "done": true
  },
  "minecraft:recipes/transportation/jungle_boat": {
    "criteria": {
      "in_water": "2024-04-18 06:57:26 +0000"
    },
    "done": true
  },
  "minecraft:recipes/transportation/dark_oak_boat": {
    "criteria": {
      "in_water": "2024-04-18 06:57:26 +0000"
    },
    "done": true
  },
  "minecraft:husbandry/balanced_diet": {
    "criteria": {
      "golden_carrot": "2024-06-15 13:22:29 +0000"
    },
    "done": false
  },
  "minecraft:husbandry/root": {
    "criteria": {
      "consumed_item": "2024-06-15 13:22:29 +0000"
    },
    "done": true
  },
  "minecraft:nether/explore_nether": {
    "criteria": {
      "minecraft:nether_wastes": "2024-11-01 16:32:40 +0000",
      "minecraft:basalt_deltas": "2024-06-16 12:47:15 +0000"
    },
    "done": false
  },
  "minecraft:end/enter_end_gateway": {
    "criteria": {
      "entered_end_gateway": "2024-06-19 18:39:42 +0000"
    },
    "done": true
  },
  "minecraft:recipes/decorations/red_carpet": {
    "criteria": {
      "has_red_wool": "2024-06-23 11:49:20 +0000"
    },
    "done": true
  },
  "minecraft:recipes/decorations/red_banner": {
    "criteria": {
      "has_red_wool": "2024-06-23 11:49:20 +0000"
    },
    "done": true
  },
  "minecraft:recipes/decorations/painting": {
    "criteria": {
      "has_wool": "2024-06-23 11:49:20 +0000"
    },
    "done": true
  },
  "minecraft:recipes/decorations/red_bed": {
    "criteria": {
      "has_red_wool": "2024-06-23 11:49:20 +0000"
    },
    "done": true
  },
  "minecraft:recipes/misc/lapis_lazuli": {
    "criteria": {
      "has_lapis_block": "2024-06-25 18:18:51 +0000"
    },
    "done": true
  },
  "DataVersion": 3700
}