{
  "main:root": {
    "criteria": {
      "root": "2025-02-25 01:40:19 -0500"
    },
    "done": true
  },
  "main:easter_eggs/practice": {
    "criteria": {
      "main": "2025-02-25 01:45:06 -0500"
    },
    "done": true
  },
  "main:easter_eggs/larry": {
    "criteria": {
      "main": "2025-02-25 01:47:22 -0500"
    },
    "done": true
  },
  "main:easter_eggs/jimmy": {
    "criteria": {
      "main": "2025-02-25 01:49:46 -0500"
    },
    "done": true
  },
  "main:easter_eggs/giant_pumpkin": {
    "criteria": {
      "main": "2025-02-25 01:55:53 -0500"
    },
    "done": true
  },
  "main:easter_eggs/explosive": {
    "criteria": {
      "main": "2025-02-25 15:36:47 -0500"
    },
    "done": true
  },
  "time:root": {
    "criteria": {
      "root": "2025-02-25 17:01:40 -0500"
    },
    "done": true
  },
  "DataVersion": 4189
}