{
  "minecraft:recipes/misc/charcoal": {
    "criteria": {
      "has_log": "2020-06-18 16:04:53 +0200"
    },
    "done": true
  },
  "minecraft:recipes/building_blocks/oak_planks": {
    "criteria": {
      "has_log": "2020-06-18 16:04:53 +0200"
    },
    "done": true
  },
  "minecraft:end/enter_end_gateway": {
    "criteria": {
      "entered_end_gateway": "2020-06-18 16:05:53 +0200"
    },
    "done": true
  },
  "minecraft:adventure/adventuring_time": {
    "criteria": {
      "minecraft:jungle": "2020-06-18 16:04:53 +0200"
    },
    "done": false
  },
  "DataVersion": 2230
}