{"stats":{"minecraft:custom":{"minecraft:time_since_rest":33142,"minecraft:interact_with_smithing_table":2,"minecraft:sprint_one_cm":170201,"minecraft:damage_taken":320,"minecraft:walk_one_cm":46707,"minecraft:drop":1,"minecraft:fly_one_cm":689042,"minecraft:crouch_one_cm":4331,"minecraft:play_time":107256,"minecraft:walk_under_water_one_cm":8606,"minecraft:deaths":1,"minecraft:sneak_time":4373,"minecraft:jump":1297,"minecraft:leave_game":5,"minecraft:time_since_death":33140,"minecraft:walk_on_water_one_cm":9129,"minecraft:total_world_time":107256,"minecraft:climb_one_cm":1970,"minecraft:fall_one_cm":2155},"minecraft:dropped":{"minecraft:lava_bucket":0},"minecraft:picked_up":{"minecraft:lava_bucket":1},"minecraft:used":{"minecraft:oak_fence":9,"minecraft:orange_concrete_powder":1,"minecraft:jack_o_lantern":1,"minecraft:sea_lantern":1,"minecraft:black_wool":1,"minecraft:lava_bucket":45,"minecraft:orange_concrete":8,"minecraft:carved_pumpkin":3,"minecraft:lantern":1,"minecraft:grass_block":2,"minecraft:spruce_slab":12,"minecraft:prismarine":5,"minecraft:ladder":1,"minecraft:red_nether_bricks":34,"minecraft:mycelium":4,"minecraft:spruce_planks":9,"minecraft:red_terracotta":74,"minecraft:stone":100,"minecraft:gray_concrete_powder":8,"minecraft:structure_void":42,"minecraft:iron_door":1,"minecraft:crimson_planks":22,"minecraft:crimson_nylium":110,"minecraft:netherrack":79,"minecraft:yellow_concrete_powder":1,"minecraft:coal_block":33,"minecraft:basalt":3,"minecraft:redstone_lamp":4,"minecraft:red_nether_brick_wall":16,"minecraft:red_stained_glass_pane":7,"minecraft:dirt":51,"minecraft:sand":1,"minecraft:red_nether_brick_slab":30,"minecraft:crimson_stairs":4,"minecraft:twisting_vines":5,"minecraft:smithing_table":2,"minecraft:jungle_planks":1,"minecraft:spruce_stairs":1,"minecraft:crimson_hyphae":12,"minecraft:acacia_fence":15,"minecraft:glass_pane":5,"minecraft:red_sandstone_wall":2,"minecraft:stripped_spruce_wood":3,"minecraft:cobweb":7}},"DataVersion":2730}