{"stats":{"minecraft:dropped":{"minecraft:gilded_blackstone":0,"minecraft:netherite_sword":0},"minecraft:picked_up":{"minecraft:light_gray_shulker_box":1,"minecraft:gilded_blackstone":1,"minecraft:purple_shulker_box":1,"minecraft:brewing_stand":1,"minecraft:pink_shulker_box":1,"minecraft:black_shulker_box":1,"minecraft:netherite_sword":1,"minecraft:blue_shulker_box":1,"minecraft:lime_shulker_box":1,"minecraft:orange_shulker_box":1,"minecraft:magenta_shulker_box":1,"minecraft:cyan_shulker_box":1,"minecraft:gray_shulker_box":1,"minecraft:red_shulker_box":1,"minecraft:cooked_cod":2,"minecraft:brown_shulker_box":1,"minecraft:white_shulker_box":1,"minecraft:yellow_shulker_box":1,"minecraft:smoker":1,"minecraft:green_shulker_box":1,"minecraft:dropper":1,"minecraft:light_blue_shulker_box":1,"minecraft:blast_furnace":1,"minecraft:shulker_box":1,"minecraft:trapped_chest":1,"minecraft:barrel":1,"minecraft:dispenser":1},"minecraft:used":{"minecraft:oak_trapdoor":6,"minecraft:oak_fence":47,"minecraft:nether_brick_fence":21,"minecraft:orange_concrete_powder":32,"minecraft:netherite_sword":41,"minecraft:jungle_leaves":339,"minecraft:jack_o_lantern":26,"minecraft:red_sand":1,"minecraft:iron_shovel":111,"minecraft:polished_deepslate":16,"minecraft:orange_concrete":277,"minecraft:flint_and_steel":7,"minecraft:carved_pumpkin":16,"minecraft:red_concrete":140,"minecraft:armor_stand":1,"minecraft:spruce_slab":17,"minecraft:ladder":5,"minecraft:bone_block":12,"minecraft:polished_basalt":32,"minecraft:chest":2,"minecraft:spruce_planks":22,"minecraft:stone":2477,"minecraft:deepslate_gold_ore":6,"minecraft:red_nether_brick_stairs":5,"minecraft:grass":20,"minecraft:farmland":2,"minecraft:netherrack":544,"minecraft:green_terracotta":148,"minecraft:sculk_sensor":2,"minecraft:debug_stick":43,"minecraft:orange_stained_glass":14,"minecraft:soul_campfire":1,"minecraft:soul_sand":14,"minecraft:dirt":217,"minecraft:warped_wart_block":23,"minecraft:spruce_stairs":3,"minecraft:nether_bricks":40,"minecraft:crimson_hyphae":22,"minecraft:nether_brick_slab":6,"minecraft:glow_lichen":16,"minecraft:weeping_vines":57,"minecraft:nether_brick_stairs":6,"minecraft:polished_deepslate_stairs":15,"minecraft:shroomlight":4,"minecraft:jungle_sapling":53,"minecraft:sea_lantern":6,"minecraft:lava_bucket":417,"minecraft:warped_hyphae":12,"minecraft:yellow_stained_glass":6,"minecraft:grass_block":441,"minecraft:light_weighted_pressure_plate":2,"minecraft:slime_block":8,"minecraft:acacia_slab":1,"minecraft:jungle_log":93,"minecraft:polished_blackstone_brick_wall":34,"minecraft:warped_nylium":88,"minecraft:netherite_hoe":5,"minecraft:dark_oak_leaves":1,"minecraft:polished_blackstone_brick_stairs":107,"minecraft:crimson_roots":2,"minecraft:bamboo":1,"minecraft:yellow_concrete_powder":73,"minecraft:basalt":14,"minecraft:deepslate_diamond_ore":4,"minecraft:redstone_lamp":1,"minecraft:warped_fungus":3,"minecraft:horn_coral":4,"minecraft:hay_block":3,"minecraft:jungle_button":1,"minecraft:soul_soil":29,"minecraft:furnace":1,"minecraft:deepslate_tile_stairs":4,"minecraft:podzol":41,"minecraft:acacia_fence":5,"minecraft:gold_block":26,"minecraft:skeleton_skull":15,"minecraft:horn_coral_block":14,"minecraft:acacia_planks":8,"minecraft:orange_terracotta":44,"minecraft:pumpkin":63,"minecraft:horn_coral_fan":2,"minecraft:wheat_seeds":5,"minecraft:water_bucket":138,"minecraft:dirt_path":4,"minecraft:wither_skeleton_skull":13,"minecraft:acacia_trapdoor":4,"minecraft:prismarine":15,"minecraft:red_nether_bricks":11,"minecraft:blackstone":2,"minecraft:sandstone":32,"minecraft:structure_void":11,"minecraft:cobblestone_slab":46,"minecraft:warped_roots":7,"minecraft:oak_leaves":317,"minecraft:polished_blackstone_bricks":775,"minecraft:gilded_blackstone":8,"minecraft:polished_deepslate_slab":41,"minecraft:diamond_block":107,"minecraft:sand":538,"minecraft:lime_terracotta":189,"minecraft:vine":117,"minecraft:yellow_concrete":170,"minecraft:stone_brick_wall":19,"minecraft:smooth_red_sandstone_stairs":18,"minecraft:warped_planks":1,"minecraft:pumpkin_seeds":1,"minecraft:deepslate_tiles":1,"minecraft:oak_log":5,"minecraft:netherite_block":113,"minecraft:black_concrete":95,"minecraft:acacia_stairs":30,"minecraft:black_wool":5,"minecraft:firework_rocket":27,"minecraft:acacia_door":1,"minecraft:command_block":7,"minecraft:cracked_polished_blackstone_bricks":67,"minecraft:deepslate_iron_ore":5,"minecraft:spruce_trapdoor":12,"minecraft:deepslate":223,"minecraft:crimson_nylium":148,"minecraft:soul_lantern":1,"minecraft:green_candle":18,"minecraft:nether_wart_block":142,"minecraft:coal_block":90,"minecraft:wooden_sword":2,"minecraft:crimson_stairs":2,"minecraft:red_concrete_powder":52,"minecraft:dark_oak_fence":10,"minecraft:deepslate_coal_ore":5,"minecraft:black_candle":11,"minecraft:polished_blackstone_button":5,"minecraft:wither_rose":7,"minecraft:sea_pickle":6,"minecraft:stripped_oak_log":3,"minecraft:coarse_dirt":232,"minecraft:bone_meal":114,"minecraft:soul_torch":2,"minecraft:cobweb":205,"minecraft:lime_candle":8},"minecraft:custom":{"minecraft:mob_kills":37,"minecraft:leave_game":13,"minecraft:time_since_death":9219,"minecraft:climb_one_cm":15348,"minecraft:sprint_one_cm":978493,"minecraft:walk_one_cm":416127,"minecraft:drop":2,"minecraft:play_time":529426,"minecraft:deaths":2,"minecraft:sneak_time":47808,"minecraft:walk_under_water_one_cm":9936,"minecraft:jump":6456,"minecraft:walk_on_water_one_cm":34006,"minecraft:total_world_time":532924,"minecraft:interact_with_furnace":1,"minecraft:time_since_rest":9220,"minecraft:damage_taken":2710,"minecraft:damage_dealt":10012,"minecraft:fly_one_cm":4216483,"minecraft:player_kills":1,"minecraft:open_chest":3,"minecraft:crouch_one_cm":96985,"minecraft:aviate_one_cm":135835,"minecraft:fall_one_cm":37984},"minecraft:killed":{"minecraft:strider":5,"minecraft:hoglin":14,"minecraft:zombie":18}},"DataVersion":2730}