{"stats":{"minecraft:killed_by":{"minecraft:player":45},"minecraft:custom":{"minecraft:time_since_rest":5127,"minecraft:open_chest":2,"minecraft:interact_with_furnace":1,"minecraft:crouch_one_cm":5723,"minecraft:deaths":48,"minecraft:play_time":53330,"minecraft:sprint_one_cm":90317,"minecraft:walk_one_cm":68585,"minecraft:damage_taken":28329,"minecraft:sneak_time":2725,"minecraft:walk_under_water_one_cm":2141,"minecraft:drop":2,"minecraft:aviate_one_cm":1663762,"minecraft:jump":883,"minecraft:damage_dealt":6732,"minecraft:leave_game":2,"minecraft:walk_on_water_one_cm":13362,"minecraft:time_since_death":5126,"minecraft:climb_one_cm":2518,"minecraft:total_world_time":53330,"minecraft:swim_one_cm":2090,"minecraft:fall_one_cm":40177,"minecraft:fly_one_cm":168192,"minecraft:player_kills":30},"minecraft:dropped":{"minecraft:arrow":0,"minecraft:bow":0},"minecraft:used":{"minecraft:netherite_sword":103,"minecraft:firework_rocket":111,"minecraft:bow":334}},"DataVersion":2730}