{"stats":{"minecraft:dropped":{"minecraft:orange_concrete_powder":0,"minecraft:red_concrete_powder":0},"minecraft:custom":{"minecraft:time_since_rest":91584,"minecraft:interact_with_furnace":2,"minecraft:crouch_one_cm":29642,"minecraft:play_time":91584,"minecraft:sprint_one_cm":195650,"minecraft:damage_taken":150,"minecraft:walk_one_cm":69859,"minecraft:sneak_time":11758,"minecraft:drop":2,"minecraft:jump":1080,"minecraft:leave_game":3,"minecraft:walk_on_water_one_cm":1935,"minecraft:time_since_death":91584,"minecraft:climb_one_cm":2121,"minecraft:total_world_time":91584,"minecraft:fall_one_cm":2286,"minecraft:fly_one_cm":646137,"minecraft:open_chest":1},"minecraft:used":{"minecraft:crimson_nylium":98,"minecraft:shroomlight":7,"minecraft:debug_stick":6,"minecraft:netherrack":192,"minecraft:yellow_concrete_powder":6,"minecraft:nether_brick_fence":7,"minecraft:nether_wart_block":14,"minecraft:jack_o_lantern":7,"minecraft:red_nether_brick_wall":4,"minecraft:lava_bucket":76,"minecraft:crimson_fungus":2,"minecraft:red_concrete":4,"minecraft:red_concrete_powder":14,"minecraft:carved_pumpkin":1,"minecraft:furnace":1,"minecraft:dead_horn_coral_block":13,"minecraft:nether_bricks":39,"minecraft:crimson_hyphae":2,"minecraft:nether_brick_slab":39,"minecraft:warped_nylium":8,"minecraft:stone":18,"minecraft:coarse_dirt":1,"minecraft:structure_void":24,"minecraft:crimson_roots":2,"minecraft:weeping_vines":18,"minecraft:nether_brick_stairs":7}},"DataVersion":2730}