{"stats":{"minecraft:dropped":{"minecraft:bamboo":0,"minecraft:red_sand":0},"minecraft:picked_up":{"minecraft:wither_rose":12,"minecraft:red_sand":1},"minecraft:custom":{"minecraft:pot_flower":1,"minecraft:leave_game":5,"minecraft:time_since_death":383184,"minecraft:climb_one_cm":10858,"minecraft:damage_resisted":102912,"minecraft:time_since_rest":383184,"minecraft:sprint_one_cm":442664,"minecraft:walk_one_cm":264269,"minecraft:drop":2,"minecraft:fly_one_cm":2605536,"minecraft:crouch_one_cm":12628,"minecraft:play_time":383184,"minecraft:sneak_time":14801,"minecraft:walk_under_water_one_cm":345,"minecraft:jump":2464,"minecraft:walk_on_water_one_cm":8065,"minecraft:total_world_time":383184,"minecraft:fall_one_cm":16670},"minecraft:used":{"minecraft:deepslate_emerald_ore":2,"minecraft:oak_fence":27,"minecraft:moss_carpet":2,"minecraft:water_bucket":6,"minecraft:nether_brick_fence":35,"minecraft:orange_concrete_powder":38,"minecraft:red_sand":48,"minecraft:orange_concrete":62,"minecraft:dirt_path":23,"minecraft:iron_shovel":1,"minecraft:polished_deepslate":15,"minecraft:dead_bush":23,"minecraft:flint_and_steel":1,"minecraft:red_concrete":4,"minecraft:carved_pumpkin":3,"minecraft:poppy":1,"minecraft:blackstone_stairs":1,"minecraft:spruce_slab":11,"minecraft:polished_andesite":39,"minecraft:prismarine":88,"minecraft:bone_block":54,"minecraft:ladder":8,"minecraft:blue_wool":1,"minecraft:blackstone":1,"minecraft:cactus":22,"minecraft:andesite_slab":1,"minecraft:polished_basalt":55,"minecraft:chest":1,"minecraft:spruce_planks":59,"minecraft:sandstone":3,"minecraft:stone":313,"minecraft:grass":11,"minecraft:chiseled_nether_bricks":6,"minecraft:green_terracotta":10,"minecraft:netherrack":898,"minecraft:oak_leaves":215,"minecraft:debug_stick":163,"minecraft:polished_deepslate_slab":2,"minecraft:diamond_block":9,"minecraft:lime_terracotta":4,"minecraft:dirt":424,"minecraft:soul_sand":13,"minecraft:sand":366,"minecraft:yellow_terracotta":2,"minecraft:cyan_glazed_terracotta":1,"minecraft:crafting_table":2,"minecraft:spruce_stairs":18,"minecraft:nether_bricks":163,"minecraft:yellow_concrete":24,"minecraft:cobblestone_wall":7,"minecraft:deepslate_redstone_ore":4,"minecraft:cracked_deepslate_tiles":1,"minecraft:nether_brick_slab":2,"minecraft:deepslate_tile_slab":1,"minecraft:campfire":2,"minecraft:pink_terracotta":1,"minecraft:purple_terracotta":15,"minecraft:glow_lichen":14,"minecraft:cyan_wool":1,"minecraft:smooth_red_sandstone_stairs":5,"minecraft:spruce_log":9,"minecraft:nether_brick_stairs":10,"minecraft:orange_candle":11,"minecraft:polished_deepslate_stairs":14,"minecraft:deepslate_tiles":13,"minecraft:shroomlight":4,"minecraft:oak_log":31,"minecraft:black_terracotta":2,"minecraft:flower_pot":1,"minecraft:red_sandstone":12,"minecraft:black_concrete":162,"minecraft:black_wool":15,"minecraft:lava_bucket":141,"minecraft:daylight_detector":7,"minecraft:dark_oak_log":7,"minecraft:grass_block":163,"minecraft:slime_block":2,"minecraft:jungle_log":1,"minecraft:crimson_slab":30,"minecraft:cyan_concrete":1,"minecraft:cracked_nether_bricks":13,"minecraft:dark_oak_wood":16,"minecraft:stone_slab":14,"minecraft:dark_oak_leaves":77,"minecraft:spruce_trapdoor":30,"minecraft:crimson_roots":1,"minecraft:deepslate":336,"minecraft:crimson_nylium":119,"minecraft:polished_andesite_slab":7,"minecraft:bamboo":33,"minecraft:yellow_concrete_powder":18,"minecraft:green_candle":27,"minecraft:green_carpet":9,"minecraft:nether_wart_block":43,"minecraft:coal_block":45,"minecraft:redstone_lamp":9,"minecraft:red_nether_brick_wall":8,"minecraft:horn_coral":4,"minecraft:soul_soil":45,"minecraft:crimson_stairs":1,"minecraft:red_concrete_powder":24,"minecraft:deepslate_tile_stairs":9,"minecraft:podzol":185,"minecraft:andesite":12,"minecraft:cyan_concrete_powder":1,"minecraft:wither_rose":7,"minecraft:horn_coral_block":15,"minecraft:stripped_oak_log":4,"minecraft:coarse_dirt":33,"minecraft:seagrass":3,"minecraft:orange_terracotta":159,"minecraft:pumpkin":38,"minecraft:bone_meal":107,"minecraft:horn_coral_fan":3,"minecraft:cobweb":146,"minecraft:lime_candle":25}},"DataVersion":2730}