{"stats":{"minecraft:killed_by":{"minecraft:zombie":9},"minecraft:custom":{"minecraft:jump":765,"minecraft:time_since_rest":47182,"minecraft:leave_game":1,"minecraft:damage_dealt":9,"minecraft:crouch_one_cm":201,"minecraft:deaths":11,"minecraft:damage_taken":2865,"minecraft:sprint_one_cm":172917,"minecraft:play_time":58152,"minecraft:walk_on_water_one_cm":2727,"minecraft:time_since_death":47181,"minecraft:walk_one_cm":26653,"minecraft:sneak_time":1125,"minecraft:climb_one_cm":1782,"minecraft:total_world_time":58152,"minecraft:fall_one_cm":14366,"minecraft:fly_one_cm":353065},"minecraft:used":{"minecraft:cooked_beef":2}},"DataVersion":2730}