{"stats":{"minecraft:custom":{"minecraft:jump":1628,"minecraft:time_since_rest":130359,"minecraft:damage_dealt":198,"minecraft:crouch_one_cm":1543,"minecraft:leave_game":8,"minecraft:sprint_one_cm":165165,"minecraft:play_time":130359,"minecraft:time_since_death":130359,"minecraft:walk_on_water_one_cm":11794,"minecraft:walk_one_cm":21445,"minecraft:sneak_time":1709,"minecraft:total_world_time":130359,"minecraft:climb_one_cm":5408,"minecraft:walk_under_water_one_cm":854,"minecraft:fly_one_cm":838232,"minecraft:aviate_one_cm":8389},"minecraft:used":{"minecraft:mycelium":1,"minecraft:dirt":2,"minecraft:firework_rocket":1,"minecraft:sand":2,"minecraft:player_head":13}},"DataVersion":2730}