{"stats":{"minecraft:killed_by":{"minecraft:zombie":2,"minecraft:player":84},"minecraft:custom":{"minecraft:time_since_rest":525,"minecraft:open_chest":1,"minecraft:crouch_one_cm":6961,"minecraft:play_time":73839,"minecraft:interact_with_furnace":1,"minecraft:sprint_one_cm":149428,"minecraft:walk_one_cm":51227,"minecraft:damage_taken":30026,"minecraft:deaths":89,"minecraft:sneak_time":3451,"minecraft:walk_under_water_one_cm":1980,"minecraft:aviate_one_cm":1444411,"minecraft:jump":1479,"minecraft:damage_dealt":8850,"minecraft:leave_game":2,"minecraft:walk_on_water_one_cm":22200,"minecraft:time_since_death":524,"minecraft:climb_one_cm":2412,"minecraft:total_world_time":73839,"minecraft:swim_one_cm":2233,"minecraft:fall_one_cm":41587,"minecraft:fly_one_cm":270222,"minecraft:player_kills":64},"minecraft:broken":{"minecraft:bow":1},"minecraft:used":{"minecraft:netherite_sword":124,"minecraft:firework_rocket":87,"minecraft:bow":384}},"DataVersion":2730}