{"stats":{"minecraft:dropped":{"minecraft:wither_rose":0},"minecraft:picked_up":{"minecraft:wither_rose":52,"minecraft:cod":4},"minecraft:custom":{"minecraft:time_since_rest":141398,"minecraft:sprint_one_cm":225199,"minecraft:damage_taken":910,"minecraft:walk_one_cm":170811,"minecraft:drop":13,"minecraft:fly_one_cm":716550,"minecraft:crouch_one_cm":23008,"minecraft:play_time":141398,"minecraft:interact_with_campfire":6,"minecraft:sneak_time":9993,"minecraft:jump":2365,"minecraft:leave_game":1,"minecraft:walk_on_water_one_cm":653,"minecraft:time_since_death":141398,"minecraft:climb_one_cm":3537,"minecraft:total_world_time":141398,"minecraft:fall_one_cm":15896},"minecraft:used":{"minecraft:polished_deepslate_stairs":47,"minecraft:shroomlight":14,"minecraft:nether_brick_fence":2,"minecraft:acacia_stairs":4,"minecraft:jack_o_lantern":5,"minecraft:polished_blackstone_brick_slab":3,"minecraft:lava_bucket":265,"minecraft:red_sand":1,"minecraft:dark_oak_log":20,"minecraft:polished_deepslate":1,"minecraft:flint_and_steel":8,"minecraft:dead_bush":2,"minecraft:grass_block":96,"minecraft:armor_stand":1,"minecraft:cracked_polished_blackstone_bricks":89,"minecraft:polished_blackstone":1,"minecraft:bone_block":17,"minecraft:dark_oak_sign":1,"minecraft:spruce_slab":1,"minecraft:slime_block":1,"minecraft:red_nether_bricks":3,"minecraft:ladder":10,"minecraft:blackstone":61,"minecraft:cracked_nether_bricks":22,"minecraft:spruce_planks":2,"minecraft:dark_oak_leaves":52,"minecraft:polished_blackstone_brick_stairs":4,"minecraft:stone":65,"minecraft:spruce_trapdoor":1,"minecraft:crimson_roots":28,"minecraft:white_dye":1,"minecraft:chiseled_nether_bricks":16,"minecraft:glow_ink_sac":1,"minecraft:cobblestone_slab":10,"minecraft:crimson_nylium":1,"minecraft:netherrack":88,"minecraft:polished_blackstone_bricks":147,"minecraft:soul_campfire":2,"minecraft:nether_wart_block":140,"minecraft:polished_deepslate_slab":27,"minecraft:soul_sand":37,"minecraft:crimson_fungus":15,"minecraft:lime_terracotta":1,"minecraft:potion":1,"minecraft:brown_carpet":2,"minecraft:vine":1,"minecraft:soul_soil":50,"minecraft:deepslate_tile_stairs":1,"minecraft:nether_bricks":4,"minecraft:podzol":2,"minecraft:spruce_stairs":1,"minecraft:crimson_hyphae":15,"minecraft:nether_brick_slab":6,"minecraft:gold_block":3,"minecraft:coarse_dirt":1,"minecraft:weeping_vines":84,"minecraft:pumpkin":3,"minecraft:cobweb":5}},"DataVersion":2730}