{"stats":{"minecraft:killed_by":{"minecraft:player":58},"minecraft:custom":{"minecraft:time_since_rest":5034,"minecraft:crouch_one_cm":6301,"minecraft:walk_one_cm":93735,"minecraft:play_time":68382,"minecraft:sprint_one_cm":170038,"minecraft:damage_taken":29099,"minecraft:deaths":61,"minecraft:sneak_time":2182,"minecraft:walk_under_water_one_cm":2041,"minecraft:mob_kills":2,"minecraft:drop":61,"minecraft:aviate_one_cm":1931127,"minecraft:jump":1215,"minecraft:damage_dealt":10745,"minecraft:leave_game":2,"minecraft:walk_on_water_one_cm":19945,"minecraft:time_since_death":5034,"minecraft:climb_one_cm":4257,"minecraft:total_world_time":68382,"minecraft:swim_one_cm":1414,"minecraft:fall_one_cm":64540,"minecraft:fly_one_cm":263718,"minecraft:player_kills":92},"minecraft:dropped":{"minecraft:arrow":0,"minecraft:netherite_sword":0},"minecraft:killed":{"minecraft:strider":2},"minecraft:used":{"minecraft:netherite_sword":140,"minecraft:firework_rocket":236,"minecraft:bow":335,"minecraft:command_block":1}},"DataVersion":2730}