{"stats":{"minecraft:custom":{"minecraft:time_since_rest":14763,"minecraft:crouch_one_cm":38537,"minecraft:play_time":142256,"minecraft:sprint_one_cm":244632,"minecraft:deaths":6,"minecraft:damage_taken":4730,"minecraft:walk_one_cm":141203,"minecraft:sneak_time":15141,"minecraft:jump":2090,"minecraft:leave_game":6,"minecraft:walk_on_water_one_cm":2454,"minecraft:time_since_death":14761,"minecraft:climb_one_cm":2214,"minecraft:total_world_time":142256,"minecraft:fall_one_cm":62125,"minecraft:fly_one_cm":818418},"minecraft:used":{"minecraft:crimson_nylium":213,"minecraft:shroomlight":5,"minecraft:netherrack":443,"minecraft:jack_o_lantern":22,"minecraft:nether_brick_fence":35,"minecraft:nether_wart_block":60,"minecraft:lava_bucket":91,"minecraft:iron_bars":4,"minecraft:red_nether_brick_slab":46,"minecraft:crimson_fence":2,"minecraft:crimson_stairs":24,"minecraft:podzol":10,"minecraft:nether_bricks":114,"minecraft:slime_block":4,"minecraft:crimson_hyphae":36,"minecraft:crimson_slab":20,"minecraft:nether_brick_slab":136,"minecraft:black_carpet":2,"minecraft:stone":29,"minecraft:crimson_roots":6,"minecraft:nether_brick_stairs":82,"minecraft:red_nether_brick_stairs":6,"minecraft:chiseled_nether_bricks":8}},"DataVersion":2730}