{"stats":{"minecraft:used":{"minecraft:oak_fence":3,"minecraft:wheat_seeds":17,"minecraft:jack_o_lantern":6,"minecraft:black_wool":1,"minecraft:black_concrete":1,"minecraft:nether_brick_fence":2,"minecraft:orange_concrete_powder":15,"minecraft:honey_block":1,"minecraft:sea_lantern":8,"minecraft:lava_bucket":4,"minecraft:red_sand":14,"minecraft:diamond_shovel":67,"minecraft:dead_bush":1,"minecraft:jungle_fence_gate":1,"minecraft:command_block":4,"minecraft:grass_block":3,"minecraft:light_weighted_pressure_plate":67,"minecraft:elytra":2,"minecraft:prismarine":1,"minecraft:slime_block":2,"minecraft:ladder":2,"minecraft:red_nether_bricks":1,"minecraft:jungle_log":10,"minecraft:oak_sign":1,"minecraft:mycelium":13,"minecraft:blackstone":11,"minecraft:leather_helmet":2,"minecraft:spruce_planks":3,"minecraft:red_terracotta":1,"minecraft:stone":50,"minecraft:red_mushroom_block":13,"minecraft:brown_mushroom":1,"minecraft:gray_concrete_powder":5,"minecraft:grass":1,"minecraft:crimson_nylium":2,"minecraft:farmland":17,"minecraft:soul_lantern":3,"minecraft:bamboo":20,"minecraft:yellow_concrete_powder":31,"minecraft:oak_leaves":10,"minecraft:debug_stick":114,"minecraft:nether_wart_block":15,"minecraft:jungle_wood":2,"minecraft:fire_coral_block":25,"minecraft:coal_block":23,"minecraft:sand":29,"minecraft:cocoa_beans":1,"minecraft:snow":14,"minecraft:horn_coral":3,"minecraft:white_carpet":4,"minecraft:red_concrete_powder":26,"minecraft:red_mushroom":1,"minecraft:twisting_vines":94,"minecraft:podzol":1,"minecraft:skeleton_skull":1,"minecraft:jungle_slab":11,"minecraft:light_gray_concrete_powder":8,"minecraft:repeating_command_block":5,"minecraft:smooth_stone_slab":8,"minecraft:horn_coral_block":13,"minecraft:fire_coral":21,"minecraft:fire_coral_fan":13,"minecraft:coarse_dirt":1,"minecraft:orange_terracotta":2,"minecraft:pumpkin":50,"minecraft:bone_meal":3,"minecraft:stripped_spruce_wood":1},"minecraft:custom":{"minecraft:time_since_rest":8472,"minecraft:sprint_one_cm":469918,"minecraft:damage_taken":4822,"minecraft:walk_one_cm":70860,"minecraft:swim_one_cm":2171,"minecraft:fly_one_cm":1192848,"minecraft:crouch_one_cm":6070,"minecraft:play_time":245409,"minecraft:deaths":23,"minecraft:sneak_time":4097,"minecraft:walk_under_water_one_cm":8814,"minecraft:aviate_one_cm":65753,"minecraft:jump":4420,"minecraft:leave_game":13,"minecraft:time_since_death":8471,"minecraft:walk_on_water_one_cm":11658,"minecraft:total_world_time":249236,"minecraft:climb_one_cm":10311,"minecraft:fall_one_cm":87210}},"DataVersion":2730}