{
    "parent": "main:root",
    "display": {
        "title": {
            "text": "Explosive",
            "color": "blue",
            "bold": true
        },
        "description": {
            "text": "A fun way to win bedwars!",
            "color": "white",
            "bold": false
        },
        "icon": {
            "id": "minecraft:tnt"
        },
        "frame": "goal",
        "show_toast": true,
        "announce_to_chat": false,
        "hidden": false
    },
    "criteria": {
        "main": {
            "trigger": "minecraft:impossible"
        }
    }
}