{
    "parent": "main:root",
    "display": {
        "title": {
            "text": "Practice Parkour",
            "color": "dark_green",
            "bold": true
        },
        "description": {
            "text": "Complete the practice parkour!",
            "color": "white",
            "bold": false
        },
        "icon": {
            "id": "minecraft:cake"
        },
        "frame": "goal",
        "show_toast": true,
        "announce_to_chat": false,
        "hidden": false
    },
    "criteria": {
        "main": {
            "trigger": "minecraft:impossible"
        }
    }
}