{
  "advancements:streaker_1": {
    "criteria": {
      "streaker_1": "2020-11-06 15:20:54 +0000"
    },
    "done": true
  },
  "advancements:victorious": {
    "criteria": {
      "victorious": "2020-11-06 14:57:12 +0000"
    },
    "done": true
  },
  "advancements:cosmetic_character": {
    "criteria": {
      "cosmetic_character": "2020-11-06 14:57:24 +0000"
    },
    "done": true
  },
  "advancements:root": {
    "criteria": {
      "root": "2020-11-06 14:51:02 +0000"
    },
    "done": true
  },
  "DataVersion": 2580
}