{
  "advancements:streaker_1": {
    "criteria": {
      "streaker_1": "2020-10-30 20:10:24 +0000"
    },
    "done": true
  },
  "advancements:victorious": {
    "criteria": {
      "victorious": "2020-10-30 19:55:35 +0000"
    },
    "done": true
  },
  "advancements:root": {
    "criteria": {
      "root": "2020-10-30 19:37:04 +0000"
    },
    "done": true
  },
  "advancements:cosmetic_character": {
    "criteria": {
      "cosmetic_character": "2020-10-30 21:00:23 +0000"
    },
    "done": true
  },
  "DataVersion": 2580
}