{
  "advancements:streaker_1": {
    "criteria": {
      "streaker_1": "2020-10-30 20:32:07 +0000"
    },
    "done": true
  },
  "advancements:victorious": {
    "criteria": {
      "victorious": "2020-10-30 20:03:08 +0000"
    },
    "done": true
  },
  "advancements:root": {
    "criteria": {
      "root": "2020-10-30 19:37:03 +0000"
    },
    "done": true
  },
  "advancements:cosmetic_character": {
    "criteria": {
      "cosmetic_character": "2020-10-30 20:03:15 +0000"
    },
    "done": true
  },
  "DataVersion": 2580
}