{
  "advancements:streaker_1": {
    "criteria": {
      "streaker_1": "2020-10-30 21:01:27 +0000"
    },
    "done": true
  },
  "advancements:victorious": {
    "criteria": {
      "victorious": "2020-10-30 21:00:16 +0000"
    },
    "done": true
  },
  "advancements:cosmetic_character": {
    "criteria": {
      "cosmetic_character": "2020-10-30 21:00:35 +0000"
    },
    "done": true
  },
  "advancements:root": {
    "criteria": {
      "root": "2020-10-30 20:38:50 +0000"
    },
    "done": true
  },
  "DataVersion": 2580
}