{
  "advancements:streaker_1": {
    "criteria": {
      "streaker_1": "2020-10-30 21:01:27 +0000"
    },
    "done": true
  },
  "advancements:victorious": {
    "criteria": {
      "victorious": "2020-10-30 21:00:16 +0000"
    },
    "done": true
  },
  "advancements:streaker_2": {
    "criteria": {
      "streaker_2": "2020-10-30 21:07:59 +0000"
    },
    "done": true
  },
  "advancements:root": {
    "criteria": {
      "root": "2020-10-28 16:39:33 +0000"
    },
    "done": true
  },
  "DataVersion": 2580
}