{
  "advancements:streaker_1": {
    "criteria": {
      "streaker_1": "2020-10-29 21:31:44 +0000"
    },
    "done": true
  },
  "advancements:victorious": {
    "criteria": {
      "victorious": "2020-10-28 16:48:00 +0000"
    },
    "done": true
  },
  "advancements:streaker_2": {
    "criteria": {
      "streaker_2": "2020-10-30 21:04:16 +0000"
    },
    "done": true
  },
  "advancements:cosmetic_master": {
    "criteria": {
      "cosmetic_master": "2020-04-16 13:09:14 +0100"
    },
    "done": true
  },
  "advancements:root": {
    "criteria": {
      "root": "2020-04-16 13:09:14 +0100"
    },
    "done": true
  },
  "advancements:streaker_3": {
    "criteria": {
      "streaker_3": "2020-11-06 15:22:39 +0000"
    },
    "done": true
  },
  "advancements:adventurist": {
    "criteria": {
      "adventurist": "2020-11-07 20:18:52 +0000"
    },
    "done": true
  },
  "DataVersion": 2586
}