{
  "advancements:streaker_1": {
    "criteria": {
      "streaker_1": "2021-03-03 16:12:55 +0100"
    },
    "done": true
  },
  "advancements:streaker_2": {
    "criteria": {
      "streaker_2": "2021-03-03 16:12:55 +0100"
    },
    "done": true
  },
  "advancements:cosmetic_master": {
    "criteria": {
      "cosmetic_master": "2021-03-03 16:12:55 +0100"
    },
    "done": true
  },
  "advancements:root": {
    "criteria": {
      "root": "2021-03-03 16:12:55 +0100"
    },
    "done": true
  },
  "advancements:adventurist": {
    "criteria": {
      "adventurist": "2021-03-03 16:12:55 +0100"
    },
    "done": true
  },
  "advancements:streaker_3": {
    "criteria": {
      "streaker_3": "2021-03-03 16:12:55 +0100"
    },
    "done": true
  },
  "DataVersion": 2865
}