{
  "minecraft:recipes/misc/orange_dye_from_orange_tulip": {
    "criteria": {
      "has_red_flower": "2020-04-16 14:19:51 +0200"
    },
    "done": true
  },
  "advancements:cosmetic_master": {
    "criteria": {
      "cosmetic_master": "2020-04-16 14:09:14 +0200"
    },
    "done": true
  },
  "minecraft:recipes/misc/red_dye_from_tulip": {
    "criteria": {
      "has_red_flower": "2020-04-16 14:19:50 +0200"
    },
    "done": true
  },
  "minecraft:recipes/misc/light_blue_dye_from_blue_orchid": {
    "criteria": {
      "has_red_flower": "2020-04-16 14:20:00 +0200"
    },
    "done": true
  },
  "minecraft:recipes/misc/blue_dye_from_cornflower": {
    "criteria": {
      "has_blue_flower": "2020-04-16 14:20:01 +0200"
    },
    "done": true
  },
  "advancements:root": {
    "criteria": {
      "root": "2020-04-16 14:09:14 +0200"
    },
    "done": true
  },
  "minecraft:recipes/misc/red_dye_from_poppy": {
    "criteria": {
      "has_red_flower": "2020-04-16 14:19:56 +0200"
    },
    "done": true
  },
  "DataVersion": 2230
}