{
    "display": {
        "title": {
            "text": "Streaker III",
            "color": "blue",
            "bold": true
        },
        "description": {
            "text": "Win 10 games in a row",
            "color": "gray",
            "bold": false
        },
        "icon": {
            "item": "minecraft:blue_ice",
            "nbt": "{Enchantments:[{id:\"unbreaking\",lvl:0}]}"
        },
        "frame": "goal",
        "show_toast": true,
        "announce_to_chat": false,
        "hidden": false
    },
    "criteria": {
        "streaker_3": {
            "trigger": "minecraft:impossible"
        }
    },
    "parent": "advancements:streaker_2"
}