{
    "display": {
        "title": {
            "text": "Victorious",
            "color": "yellow",
            "bold": true
        },
        "description": {
            "text": "Win a game",
            "color": "gray",
            "bold": false
        },
        "icon": {
            "item": "minecraft:totem_of_undying"
        },
        "frame": "task",
        "show_toast": true,
        "announce_to_chat": false,
        "hidden": false
    },
    "criteria": {
        "victorious": {
            "trigger": "minecraft:impossible"
        }
    },
    "parent": "advancements:root"
}