{"stats":{"minecraft:used":{"minecraft:azalea":26,"minecraft:moss_block":1,"minecraft:short_grass":33,"minecraft:flower_pot":1,"minecraft:dark_oak_stairs":4,"minecraft:dark_prismarine":27,"minecraft:dark_oak_planks":46,"minecraft:blue_terracotta":17,"minecraft:cyan_terracotta":4,"minecraft:pink_tulip":2,"minecraft:dirt_path":50,"minecraft:prismarine_brick_slab":64,"minecraft:birch_slab":1,"minecraft:spruce_wood":12,"minecraft:grass_block":35,"minecraft:spruce_slab":14,"minecraft:verdant_froglight":3,"minecraft:lime_wool":7,"minecraft:poppy":3,"minecraft:mycelium":1,"minecraft:light_blue_terracotta":61,"minecraft:spruce_planks":27,"minecraft:red_terracotta":2,"minecraft:stone":66,"minecraft:smooth_quartz":110,"minecraft:cobblestone_slab":29,"minecraft:netherrack":2526,"minecraft:green_terracotta":111,"minecraft:oak_door":1,"minecraft:white_wool":1,"minecraft:soul_campfire":1,"minecraft:dirt":27,"minecraft:lime_terracotta":114,"minecraft:mangrove_trapdoor":3,"minecraft:lily_of_the_valley":5,"minecraft:yellow_terracotta":9,"minecraft:lime_stained_glass_pane":1,"minecraft:red_bed":2,"minecraft:prismarine_bricks":95,"minecraft:spruce_stairs":8,"minecraft:pink_terracotta":10,"minecraft:andesite":13,"minecraft:smooth_stone_slab":6,"minecraft:infested_cobblestone":135,"minecraft:cyan_concrete_powder":7,"minecraft:painting":22,"minecraft:spruce_fence":1,"minecraft:spruce_log":50,"minecraft:stripped_spruce_log":9,"minecraft:polished_diorite":71},"minecraft:custom":{"minecraft:time_since_rest":196932,"minecraft:sprint_one_cm":575909,"minecraft:damage_taken":2220,"minecraft:walk_one_cm":157287,"minecraft:drop":1,"minecraft:damage_dealt":4,"minecraft:swim_one_cm":27691,"minecraft:fly_one_cm":1687416,"minecraft:open_barrel":6,"minecraft:open_chest":1,"minecraft:open_shulker_box":2,"minecraft:crouch_one_cm":8963,"minecraft:play_time":196932,"minecraft:sneak_time":11043,"minecraft:walk_under_water_one_cm":16952,"minecraft:jump":2812,"minecraft:leave_game":9,"minecraft:time_since_death":196932,"minecraft:walk_on_water_one_cm":5716,"minecraft:total_world_time":196932,"minecraft:climb_one_cm":7037,"minecraft:fall_one_cm":47846},"minecraft:dropped":{"minecraft:stone":1},"minecraft:picked_up":{"minecraft:stone":1}},"DataVersion":3700}