{"stats":{"minecraft:mined":{"minecraft:short_grass":2},"minecraft:custom":{"minecraft:interact_with_crafting_table":1,"minecraft:open_barrel":26,"minecraft:open_shulker_box":5,"minecraft:eat_cake_slice":8,"minecraft:leave_game":359,"minecraft:time_since_death":34734,"minecraft:damage_resisted":8813,"minecraft:sprint_one_cm":7097141,"minecraft:drop":31,"minecraft:talked_to_villager":38,"minecraft:play_time":6769411,"minecraft:deaths":68,"minecraft:jump":64202,"minecraft:interact_with_brewingstand":9,"minecraft:walk_on_water_one_cm":233654,"minecraft:interact_with_furnace":6,"minecraft:interact_with_loom":4,"minecraft:damage_dealt":4446,"minecraft:player_kills":7,"minecraft:crouch_one_cm":140498,"minecraft:interact_with_smoker":1,"minecraft:horse_one_cm":38607,"minecraft:interact_with_anvil":3,"minecraft:inspect_hopper":9,"minecraft:climb_one_cm":95768,"minecraft:walk_one_cm":2267555,"minecraft:damage_dealt_absorbed":76,"minecraft:target_hit":2,"minecraft:sneak_time":261999,"minecraft:walk_under_water_one_cm":550922,"minecraft:interact_with_lectern":13,"minecraft:boat_one_cm":6740,"minecraft:interact_with_blast_furnace":12,"minecraft:total_world_time":6769411,"minecraft:tune_noteblock":8,"minecraft:pot_flower":9,"minecraft:time_since_rest":34736,"minecraft:damage_taken":97661,"minecraft:minecart_one_cm":18690,"minecraft:swim_one_cm":256572,"minecraft:fly_one_cm":50835202,"minecraft:open_chest":18,"minecraft:fall_one_cm":2016933},"minecraft:killed_by":{"minecraft:player":4},"minecraft:picked_up":{"minecraft:wooden_axe":1,"minecraft:oak_stairs":1,"minecraft:farmland":1,"minecraft:barrier":1,"minecraft:cooked_beef":20,"minecraft:orange_carpet":1,"minecraft:diamond_block":2,"minecraft:bone_meal":1,"minecraft:spruce_sign":1,"minecraft:chicken":2,"minecraft:stripped_cherry_log":1,"minecraft:beef":2,"minecraft:stone":1,"minecraft:mangrove_planks":1,"minecraft:lava_bucket":1,"minecraft:crimson_stairs":1},"minecraft:dropped":{"minecraft:spruce_sign":1,"minecraft:iron_sword":1,"minecraft:mangrove_planks":1,"minecraft:elytra":1,"minecraft:structure_void":1,"minecraft:dark_oak_log":1,"minecraft:orange_carpet":1,"minecraft:bone_meal":1,"minecraft:diamond_block":2,"minecraft:iron_bars":1,"minecraft:beef":4,"minecraft:oak_fence":1,"minecraft:barrier":1,"minecraft:crimson_stairs":1,"minecraft:light_blue_stained_glass":1,"minecraft:repeater":1,"minecraft:wooden_axe":1,"minecraft:oak_stairs":1,"minecraft:farmland":1,"minecraft:soul_soil":1,"minecraft:player_head":1,"minecraft:chicken":4,"minecraft:stone":1,"minecraft:stripped_cherry_log":1},"minecraft:used":{"minecraft:moss_block":23,"minecraft:light_blue_banner":9,"minecraft:nether_brick_fence":13,"minecraft:moss_carpet":21,"minecraft:waxed_exposed_cut_copper":9,"minecraft:jack_o_lantern":2,"minecraft:blue_terracotta":323,"minecraft:writable_book":2,"minecraft:red_sand":1,"minecraft:cut_red_sandstone_slab":20,"minecraft:smooth_quartz_slab":30,"minecraft:bone_block":396,"minecraft:spruce_slab":399,"minecraft:polished_blackstone":40,"minecraft:bamboo_sign":2,"minecraft:ladder":19,"minecraft:suspicious_sand":12,"minecraft:mangrove_fence_gate":1,"minecraft:oak_sign":52,"minecraft:mangrove_button":6,"minecraft:polished_basalt":163,"minecraft:decorated_pot":2,"minecraft:chest":6,"minecraft:white_terracotta":1769,"minecraft:brown_concrete":317,"minecraft:stone":14958,"minecraft:iron_sword":6,"minecraft:nether_wart":79,"minecraft:stripped_jungle_wood":6,"minecraft:warped_sign":56,"minecraft:bell":2,"minecraft:bubble_coral":2,"minecraft:mossy_stone_brick_slab":1,"minecraft:player_head":46,"minecraft:farmland":24,"minecraft:stripped_crimson_stem":88,"minecraft:green_terracotta":323,"minecraft:tube_coral":3,"minecraft:spruce_leaves":330,"minecraft:debug_stick":165,"minecraft:soul_campfire":4,"minecraft:chiseled_red_sandstone":57,"minecraft:pink_candle":8,"minecraft:soul_sand":276,"minecraft:cut_copper":245,"minecraft:brick_slab":7,"minecraft:jungle_planks":202,"minecraft:prismarine_brick_stairs":4,"minecraft:allium":4,"minecraft:jungle_slab":397,"minecraft:orange_wool":28,"minecraft:deepslate_tile_slab":50,"minecraft:pink_terracotta":56,"minecraft:tuff":130,"minecraft:snowball":9,"minecraft:stripped_spruce_log":181,"minecraft:crimson_button":1,"minecraft:honeycomb":8,"minecraft:cyan_terracotta":14,"minecraft:lava_bucket":263,"minecraft:mangrove_log":3,"minecraft:stripped_dark_oak_wood":448,"minecraft:coal_ore":69,"minecraft:quartz_pillar":9,"minecraft:mangrove_stairs":446,"minecraft:red_wool":255,"minecraft:black_stained_glass_pane":4,"minecraft:lantern":49,"minecraft:grass_block":959,"minecraft:blue_orchid":4,"minecraft:packed_mud":804,"minecraft:polished_andesite_stairs":14,"minecraft:green_wool":52,"minecraft:polished_blackstone_brick_wall":2,"minecraft:warped_nylium":2,"minecraft:dark_oak_wood":111,"minecraft:cherry_leaves":494,"minecraft:dark_oak_slab":430,"minecraft:cherry_button":3,"minecraft:mossy_cobblestone_slab":9,"minecraft:gray_concrete_powder":100,"minecraft:crimson_roots":2,"minecraft:waxed_weathered_cut_copper":89,"minecraft:dark_oak_button":9,"minecraft:diorite_wall":18,"minecraft:stone_brick_stairs":9,"minecraft:stone_bricks":17,"minecraft:blue_banner":18,"minecraft:item_frame":1,"minecraft:bedrock":229,"minecraft:stripped_mangrove_log":296,"minecraft:exposed_cut_copper_slab":34,"minecraft:red_stained_glass_pane":21,"minecraft:repeater":17,"minecraft:red_nether_brick_wall":1,"minecraft:redstone_lamp":41,"minecraft:brown_carpet":12,"minecraft:magma_block":108,"minecraft:snow":26,"minecraft:scaffolding":5,"minecraft:horn_coral":3,"minecraft:hay_block":22,"minecraft:written_book":15,"minecraft:sweet_berries":55,"minecraft:jungle_button":3,"minecraft:furnace":4,"minecraft:mangrove_slab":701,"minecraft:acacia_fence":25,"minecraft:gold_block":20,"minecraft:pink_concrete_powder":744,"minecraft:pearlescent_froglight":549,"minecraft:seagrass":109,"minecraft:dead_brain_coral_fan":10,"minecraft:brown_concrete_powder":196,"minecraft:dark_prismarine_stairs":13,"minecraft:polished_blackstone_stairs":38,"minecraft:stripped_spruce_wood":78,"minecraft:mangrove_leaves":99,"minecraft:deepslate_brick_wall":7,"minecraft:short_grass":21,"minecraft:chiseled_polished_blackstone":2,"minecraft:dark_oak_stairs":80,"minecraft:waxed_oxidized_cut_copper_slab":11,"minecraft:end_rod":4,"minecraft:torchflower":12,"minecraft:brick_wall":3,"minecraft:spruce_door":3,"minecraft:stripped_acacia_log":58,"minecraft:stripped_birch_log":23,"minecraft:red_stained_glass":57,"minecraft:powered_rail":1,"minecraft:cut_copper_slab":12,"minecraft:jungle_fence":49,"minecraft:birch_leaves":1,"minecraft:blackstone_stairs":15,"minecraft:acacia_trapdoor":14,"minecraft:dark_oak_sign":8,"minecraft:prismarine":211,"minecraft:mangrove_planks":429,"minecraft:oak_planks":66,"minecraft:birch_wood":226,"minecraft:blackstone":387,"minecraft:orange_tulip":1,"minecraft:cactus":4,"minecraft:lime_concrete_powder":32,"minecraft:sandstone":13,"minecraft:composter":34,"minecraft:jungle_pressure_plate":2,"minecraft:black_glazed_terracotta":27,"minecraft:redstone_block":22,"minecraft:structure_void":230,"minecraft:sugar_cane":1,"minecraft:large_amethyst_bud":11,"minecraft:smooth_quartz_stairs":31,"minecraft:oak_leaves":137,"minecraft:brain_coral":16,"minecraft:respawn_anchor":1,"minecraft:dark_oak_trapdoor":1,"minecraft:blue_dye":2,"minecraft:sand":202,"minecraft:loom":2,"minecraft:blast_furnace":4,"minecraft:light_blue_wool":66,"minecraft:light_gray_terracotta":95,"minecraft:smooth_red_sandstone":8,"minecraft:weathered_cut_copper_slab":4,"minecraft:yellow_concrete":36,"minecraft:acacia_leaves":4,"minecraft:chiseled_quartz_block":2,"minecraft:purple_terracotta":1060,"minecraft:sponge":46,"minecraft:blackstone_wall":14,"minecraft:camel_spawn_egg":1,"minecraft:note_block":7,"minecraft:dripstone_block":42,"minecraft:black_concrete_powder":49,"minecraft:end_stone":1,"minecraft:cobbled_deepslate_stairs":2,"minecraft:red_sandstone_wall":12,"minecraft:pumpkin_seeds":2,"minecraft:crimson_fence_gate":1,"minecraft:purple_concrete_powder":16,"minecraft:birch_fence":59,"minecraft:redstone_torch":34,"minecraft:deepslate_tiles":4,"minecraft:sticky_piston":1,"minecraft:black_terracotta":60,"minecraft:lever":34,"minecraft:red_sandstone":12,"minecraft:black_concrete":885,"minecraft:daylight_detector":5,"minecraft:acacia_door":5,"minecraft:chiseled_sandstone":17,"minecraft:crying_obsidian":1,"minecraft:mangrove_door":5,"minecraft:dark_oak_log":19,"minecraft:lime_carpet":3,"minecraft:birch_slab":67,"minecraft:brown_wool":4,"minecraft:warped_slab":35,"minecraft:barrier":4,"minecraft:verdant_froglight":48,"minecraft:stone_button":3,"minecraft:lectern":1,"minecraft:red_terracotta":201,"minecraft:oak_pressure_plate":2,"minecraft:cherry_sign":17,"minecraft:diamond_ore":2,"minecraft:iron_door":37,"minecraft:cut_red_sandstone":81,"minecraft:gravel":264,"minecraft:polished_andesite_slab":9,"minecraft:soul_lantern":34,"minecraft:granite_slab":17,"minecraft:blackstone_slab":67,"minecraft:magenta_stained_glass_pane":14,"minecraft:stripped_warped_hyphae":27,"minecraft:jungle_sign":3,"minecraft:nether_wart_block":63,"minecraft:smooth_red_sandstone_slab":29,"minecraft:coal_block":142,"minecraft:suspicious_gravel":1,"minecraft:medium_amethyst_bud":5,"minecraft:crimson_door":1,"minecraft:stripped_oak_wood":2,"minecraft:grindstone":3,"minecraft:birch_log":21,"minecraft:dark_oak_fence":260,"minecraft:white_stained_glass":8,"minecraft:bubble_coral_block":10,"minecraft:green_concrete_powder":228,"minecraft:andesite":355,"minecraft:chain":14,"minecraft:mossy_cobblestone_wall":2,"minecraft:pink_stained_glass":48,"minecraft:smooth_stone_slab":220,"minecraft:waxed_cut_copper_stairs":15,"minecraft:stripped_cherry_log":1420,"minecraft:white_concrete":1312,"minecraft:coarse_dirt":75,"minecraft:bamboo_mosaic_slab":8,"minecraft:bone_meal":188,"minecraft:cobweb":6,"minecraft:azalea":3,"minecraft:oak_trapdoor":1,"minecraft:oak_fence":101,"minecraft:stripped_acacia_wood":99,"minecraft:orange_concrete_powder":164,"minecraft:jungle_leaves":3,"minecraft:iron_bars":30,"minecraft:cherry_wood":219,"minecraft:polished_blackstone_brick_slab":1,"minecraft:rose_bush":2,"minecraft:enchanting_table":31,"minecraft:acacia_log":16,"minecraft:crimson_fence":120,"minecraft:flint_and_steel":17,"minecraft:dead_tube_coral_block":19,"minecraft:orange_concrete":111,"minecraft:brain_coral_fan":7,"minecraft:dead_bush":40,"minecraft:carved_pumpkin":14,"minecraft:red_concrete":97,"minecraft:redstone":3,"minecraft:mycelium":227,"minecraft:light_blue_terracotta":33,"minecraft:stripped_warped_stem":2,"minecraft:spruce_planks":974,"minecraft:tinted_glass":3,"minecraft:mangrove_fence":128,"minecraft:netherrack":52,"minecraft:cut_copper_stairs":2,"minecraft:oak_door":1,"minecraft:orange_stained_glass":3,"minecraft:exposed_cut_copper_stairs":11,"minecraft:torch":25,"minecraft:brewing_stand":19,"minecraft:dirt":1160,"minecraft:ancient_debris":10,"minecraft:warped_wart_block":4,"minecraft:anvil":10,"minecraft:light_blue_dye":1,"minecraft:hopper":2,"minecraft:prismarine_bricks":19,"minecraft:spruce_stairs":281,"minecraft:cobblestone_wall":4,"minecraft:stone_stairs":40,"minecraft:nether_brick_slab":292,"minecraft:warped_door":2,"minecraft:oak_wood":50,"minecraft:bee_nest":1,"minecraft:golden_shovel":23,"minecraft:jungle_trapdoor":16,"minecraft:glow_lichen":28,"minecraft:granite":8,"minecraft:spruce_fence":268,"minecraft:dead_brain_coral_block":4,"minecraft:light_blue_stained_glass":57,"minecraft:mud_brick_stairs":59,"minecraft:nether_brick_stairs":6,"minecraft:fern":17,"minecraft:andesite_wall":11,"minecraft:purple_banner":5,"minecraft:birch_door":1,"minecraft:shroomlight":24,"minecraft:mossy_cobblestone_stairs":5,"minecraft:stone_brick_slab":16,"minecraft:dark_oak_planks":527,"minecraft:brown_terracotta":98,"minecraft:bamboo_fence":16,"minecraft:oak_stairs":23,"minecraft:light_weighted_pressure_plate":4,"minecraft:waxed_cut_copper":1,"minecraft:brick_stairs":15,"minecraft:acacia_slab":103,"minecraft:muddy_mangrove_roots":1,"minecraft:cherry_slab":154,"minecraft:rooted_dirt":1,"minecraft:slime_block":416,"minecraft:spruce_button":2,"minecraft:warped_fence":28,"minecraft:smooth_sandstone":15,"minecraft:crimson_slab":142,"minecraft:cherry_trapdoor":34,"minecraft:polished_blackstone_brick_stairs":3,"minecraft:smooth_quartz":3,"minecraft:pink_stained_glass_pane":114,"minecraft:mud_bricks":132,"minecraft:crimson_planks":136,"minecraft:prismarine_slab":25,"minecraft:barrel":20,"minecraft:smooth_basalt":1,"minecraft:glowstone":79,"minecraft:lime_concrete":32,"minecraft:warped_stairs":6,"minecraft:soul_soil":1154,"minecraft:iron_trapdoor":6,"minecraft:magenta_terracotta":737,"minecraft:pitcher_plant":16,"minecraft:dark_oak_pressure_plate":2,"minecraft:lime_stained_glass":7,"minecraft:deepslate_tile_stairs":4,"minecraft:podzol":759,"minecraft:acacia_wood":32,"minecraft:infested_cobblestone":26,"minecraft:horn_coral_block":17,"minecraft:orange_terracotta":1238,"minecraft:stone_pressure_plate":1,"minecraft:cherry_log":152,"minecraft:red_dye":2,"minecraft:acacia_planks":295,"minecraft:cobbled_deepslate":30,"minecraft:cherry_fence":95,"minecraft:orange_stained_glass_pane":10,"minecraft:powder_snow_bucket":2,"minecraft:pumpkin":119,"minecraft:brown_bed":3,"minecraft:pointed_dripstone":1,"minecraft:brain_coral_block":17,"minecraft:calcite":6,"minecraft:water_bucket":231,"minecraft:warped_stem":31,"minecraft:amethyst_block":38,"minecraft:mangrove_wood":3,"minecraft:iron_ore":65,"minecraft:tube_coral_block":27,"minecraft:cobblestone_stairs":29,"minecraft:dirt_path":188,"minecraft:sandstone_stairs":16,"minecraft:birch_planks":186,"minecraft:polished_andesite":4,"minecraft:mud_brick_slab":14,"minecraft:waxed_oxidized_cut_copper":52,"minecraft:blue_wool":4,"minecraft:andesite_slab":29,"minecraft:cherry_planks":498,"minecraft:red_mushroom_block":89,"minecraft:cut_sandstone":2,"minecraft:brown_mushroom":10,"minecraft:spruce_sign":9,"minecraft:cauldron":1,"minecraft:fletching_table":89,"minecraft:red_glazed_terracotta":87,"minecraft:glow_ink_sac":22,"minecraft:cobblestone_slab":32,"minecraft:gold_ore":12,"minecraft:polished_blackstone_bricks":61,"minecraft:pink_concrete":62,"minecraft:lime_terracotta":27,"minecraft:polished_blackstone_pressure_plate":2,"minecraft:mossy_cobblestone":2,"minecraft:diamond_block":77,"minecraft:mangrove_trapdoor":17,"minecraft:orange_carpet":28,"minecraft:rail":13,"minecraft:stripped_dark_oak_log":75,"minecraft:terracotta":5,"minecraft:vine":8,"minecraft:dark_prismarine_slab":11,"minecraft:oak_slab":17,"minecraft:tnt":215,"minecraft:crafting_table":6,"minecraft:red_bed":5,"minecraft:crimson_trapdoor":22,"minecraft:magenta_bed":5,"minecraft:dead_fire_coral_block":13,"minecraft:red_mushroom":13,"minecraft:brown_banner":15,"minecraft:birch_sign":11,"minecraft:bamboo_block":36,"minecraft:yellow_stained_glass_pane":5,"minecraft:campfire":12,"minecraft:fire_coral":5,"minecraft:smooth_red_sandstone_stairs":57,"minecraft:painting":63,"minecraft:spruce_log":207,"minecraft:mangrove_sign":43,"minecraft:cake":4,"minecraft:smoker":2,"minecraft:warped_planks":33,"minecraft:mushroom_stem":36,"minecraft:book":1,"minecraft:dark_oak_door":1,"minecraft:small_amethyst_bud":1,"minecraft:oak_log":2,"minecraft:purple_stained_glass":1,"minecraft:gray_terracotta":52,"minecraft:amethyst_cluster":5,"minecraft:blue_stained_glass_pane":7,"minecraft:mud":4,"minecraft:dark_prismarine":16,"minecraft:netherite_block":1,"minecraft:flower_pot":12,"minecraft:yellow_dye":1,"minecraft:activator_rail":1,"minecraft:acacia_stairs":121,"minecraft:cornflower":4,"minecraft:warped_trapdoor":2,"minecraft:mangrove_pressure_plate":6,"minecraft:acacia_sign":17,"minecraft:cherry_door":2,"minecraft:stripped_jungle_log":209,"minecraft:command_block":49,"minecraft:map":2,"minecraft:jungle_stairs":66,"minecraft:cyan_concrete":7,"minecraft:stone_slab":157,"minecraft:purpur_slab":15,"minecraft:spruce_trapdoor":6,"minecraft:spruce_sapling":3,"minecraft:crimson_nylium":7,"minecraft:yellow_wool":33,"minecraft:crimson_sign":2,"minecraft:magenta_banner":3,"minecraft:pink_bed":6,"minecraft:pink_petals":8,"minecraft:green_carpet":2,"minecraft:chiseled_stone_bricks":9,"minecraft:brown_stained_glass_pane":3,"minecraft:fire_coral_block":10,"minecraft:crimson_fungus":2,"minecraft:cobblestone":161,"minecraft:cherry_stairs":383,"minecraft:crimson_stairs":31,"minecraft:cobbled_deepslate_slab":7,"minecraft:mud_brick_wall":5,"minecraft:red_concrete_powder":30,"minecraft:white_banner":25,"minecraft:andesite_stairs":16,"minecraft:jungle_door":6,"minecraft:sandstone_slab":15,"minecraft:chain_command_block":16,"minecraft:glass_pane":7,"minecraft:magenta_glazed_terracotta":2,"minecraft:wither_rose":10,"minecraft:sea_pickle":75,"minecraft:stripped_oak_log":59,"minecraft:gray_wool":4,"minecraft:dandelion":2,"minecraft:sculk_vein":2,"minecraft:brown_mushroom_block":24,"minecraft:smooth_stone":10,"minecraft:birch_stairs":41,"minecraft:soul_torch":2}},"DataVersion":3700}