{"stats":{"minecraft:custom":{"minecraft:mob_kills":1,"minecraft:inspect_hopper":1,"minecraft:open_barrel":18,"minecraft:open_shulker_box":17,"minecraft:leave_game":33,"minecraft:time_since_death":108364,"minecraft:climb_one_cm":27025,"minecraft:sprint_one_cm":1728625,"minecraft:walk_one_cm":867322,"minecraft:drop":1,"minecraft:talked_to_villager":12,"minecraft:play_time":893806,"minecraft:deaths":7,"minecraft:sneak_time":60993,"minecraft:walk_under_water_one_cm":85967,"minecraft:interact_with_lectern":27,"minecraft:jump":13238,"minecraft:interact_with_brewingstand":1,"minecraft:walk_on_water_one_cm":78812,"minecraft:total_world_time":893806,"minecraft:interact_with_furnace":3,"minecraft:play_record":1,"minecraft:traded_with_villager":1,"minecraft:interact_with_cartography_table":1,"minecraft:pot_flower":1,"minecraft:sleep_in_bed":6,"minecraft:time_since_rest":52854,"minecraft:damage_taken":14154,"minecraft:trigger_trapped_chest":1,"minecraft:damage_dealt":130,"minecraft:swim_one_cm":80357,"minecraft:fly_one_cm":8395751,"minecraft:open_chest":28,"minecraft:crouch_one_cm":131788,"minecraft:interact_with_smoker":6,"minecraft:fall_one_cm":139307,"minecraft:inspect_dispenser":1},"minecraft:picked_up":{"minecraft:light_gray_shulker_box":1,"minecraft:diamond_sword":2,"minecraft:purple_shulker_box":1,"minecraft:brewing_stand":1,"minecraft:smooth_stone_slab":1,"minecraft:iron_shovel":1,"minecraft:pink_shulker_box":1,"minecraft:black_shulker_box":3,"minecraft:chest":1,"minecraft:blue_shulker_box":1,"minecraft:furnace":1,"minecraft:lime_shulker_box":1,"minecraft:orange_shulker_box":1,"minecraft:music_disc_pigstep":1,"minecraft:magenta_shulker_box":1,"minecraft:cyan_shulker_box":1,"minecraft:gray_shulker_box":1,"minecraft:red_shulker_box":1,"minecraft:brown_shulker_box":1,"minecraft:white_shulker_box":1,"minecraft:yellow_shulker_box":1,"minecraft:green_shulker_box":1,"minecraft:dropper":1,"minecraft:light_blue_shulker_box":1,"minecraft:blast_furnace":1,"minecraft:trapped_chest":1,"minecraft:barrel":1,"minecraft:shulker_box":1,"minecraft:dispenser":1},"minecraft:dropped":{"minecraft:smooth_stone_slab":1},"minecraft:used":{"minecraft:azalea":20,"minecraft:oak_trapdoor":3,"minecraft:oak_fence":22,"minecraft:moss_block":12,"minecraft:light_blue_stained_glass_pane":1,"minecraft:moss_carpet":23,"minecraft:blue_terracotta":123,"minecraft:netherite_sword":1,"minecraft:jack_o_lantern":56,"minecraft:enchanting_table":3,"minecraft:flint_and_steel":4,"minecraft:spruce_slab":40,"minecraft:redstone":15,"minecraft:bone_block":348,"minecraft:ladder":9,"minecraft:oak_sign":2,"minecraft:light_blue_terracotta":54,"minecraft:chest":5,"minecraft:decorated_pot":2,"minecraft:spruce_planks":208,"minecraft:tinted_glass":135,"minecraft:stone":929,"minecraft:debug_stick":112,"minecraft:green_terracotta":102,"minecraft:sculk_sensor":3,"minecraft:soul_campfire":1,"minecraft:oak_door":15,"minecraft:spruce_leaves":7,"minecraft:orange_stained_glass":135,"minecraft:torch":3,"minecraft:dirt":53,"minecraft:anvil":2,"minecraft:blue_stained_glass":481,"minecraft:spruce_stairs":103,"minecraft:deepslate_tile_slab":1,"minecraft:pink_terracotta":59,"minecraft:yellow_candle":4,"minecraft:glow_lichen":56,"minecraft:spruce_fence":9,"minecraft:blue_concrete":23,"minecraft:milk_bucket":1,"minecraft:small_dripleaf":22,"minecraft:fern":7,"minecraft:big_dripleaf":130,"minecraft:packed_ice":78,"minecraft:flowering_azalea":1,"minecraft:lava_bucket":1,"minecraft:bookshelf":15,"minecraft:lime_banner":2,"minecraft:music_disc_pigstep":1,"minecraft:mangrove_stairs":5,"minecraft:lantern":14,"minecraft:red_wool":1,"minecraft:spruce_wood":12,"minecraft:grass_block":214,"minecraft:light_weighted_pressure_plate":5,"minecraft:slime_block":20,"minecraft:light_blue_bed":8,"minecraft:gray_concrete_powder":1,"minecraft:pink_stained_glass_pane":2,"minecraft:barrel":6,"minecraft:item_frame":3,"minecraft:bamboo":1,"minecraft:magma_block":3,"minecraft:birch_trapdoor":2,"minecraft:tripwire_hook":4,"minecraft:stripped_mangrove_log":2,"minecraft:red_stained_glass_pane":3,"minecraft:repeater":2,"minecraft:bow":2,"minecraft:red_carpet":1,"minecraft:redstone_lamp":3,"minecraft:warped_stairs":1,"minecraft:snow":530,"minecraft:written_book":2,"minecraft:iron_trapdoor":32,"minecraft:yellow_glazed_terracotta":1,"minecraft:furnace":2,"minecraft:podzol":188,"minecraft:acacia_wood":5,"minecraft:seagrass":26,"minecraft:pumpkin":5,"minecraft:enchanted_golden_apple":1,"minecraft:orange_terracotta":7,"minecraft:powder_snow_bucket":1,"minecraft:green_stained_glass_pane":2,"minecraft:light_blue_carpet":2,"minecraft:short_grass":35,"minecraft:bamboo_trapdoor":2,"minecraft:water_bucket":342,"minecraft:dirt_path":1,"minecraft:snow_block":647,"minecraft:birch_leaves":1,"minecraft:cartography_table":4,"minecraft:black_shulker_box":2,"minecraft:structure_void":76,"minecraft:blue_bed":1,"minecraft:fletching_table":4,"minecraft:clay":338,"minecraft:sugar_cane":6,"minecraft:calibrated_sculk_sensor":3,"minecraft:oak_leaves":8,"minecraft:white_wool":12,"minecraft:glow_berries":1,"minecraft:diamond_block":8,"minecraft:lime_terracotta":309,"minecraft:yellow_terracotta":49,"minecraft:comparator":1,"minecraft:lime_bed":6,"minecraft:lime_stained_glass_pane":4,"minecraft:crafting_table":1,"minecraft:red_bed":10,"minecraft:bamboo_block":1,"minecraft:yellow_stained_glass_pane":1,"minecraft:sculk_shrieker":1,"minecraft:blue_ice":72,"minecraft:white_bed":1,"minecraft:sponge":52,"minecraft:painting":24,"minecraft:spruce_log":97,"minecraft:smoker":2,"minecraft:book":2,"minecraft:redstone_torch":9,"minecraft:deepslate_tiles":1,"minecraft:oak_log":1,"minecraft:light_blue_candle":4,"minecraft:blue_stained_glass_pane":3,"minecraft:mud":583,"minecraft:lever":4,"minecraft:light":8,"minecraft:firework_rocket":9,"minecraft:daylight_detector":3,"minecraft:command_block":6,"minecraft:lime_carpet":8,"minecraft:oak_button":1,"minecraft:barrier":3,"minecraft:string":4,"minecraft:verdant_froglight":1,"minecraft:suspicious_stew":2,"minecraft:lectern":2,"minecraft:stone_slab":1,"minecraft:red_terracotta":142,"minecraft:spruce_trapdoor":22,"minecraft:iron_door":1,"minecraft:gravel":12,"minecraft:flowering_azalea_leaves":1,"minecraft:soul_lantern":4,"minecraft:magenta_stained_glass_pane":2,"minecraft:green_candle":4,"minecraft:green_carpet":6,"minecraft:diamond_sword":1,"minecraft:coal_block":12,"minecraft:wooden_sword":1,"minecraft:suspicious_gravel":2,"minecraft:potion":1,"minecraft:azalea_leaves":1,"minecraft:crimson_stairs":1,"minecraft:smithing_table":1,"minecraft:repeating_command_block":2,"minecraft:red_banner":1,"minecraft:bucket":183,"minecraft:glass_pane":1,"minecraft:smooth_stone_slab":104,"minecraft:ice":133,"minecraft:sea_pickle":7,"minecraft:wither_rose":1,"minecraft:polished_blackstone_button":3,"minecraft:brush":6,"minecraft:white_concrete":1,"minecraft:coarse_dirt":37,"minecraft:candle":3,"minecraft:jukebox":7,"minecraft:soul_torch":10,"minecraft:lime_candle":4},"minecraft:killed":{"minecraft:villager":1},"minecraft:crafted":{"minecraft:potion":1}},"DataVersion":3700}