{"stats":{"minecraft:custom":{"minecraft:jump":2825,"minecraft:time_since_rest":75400,"minecraft:damage_taken":20,"minecraft:crouch_one_cm":1799,"minecraft:leave_game":13,"minecraft:sprint_one_cm":436437,"minecraft:play_time":75400,"minecraft:time_since_death":75400,"minecraft:walk_on_water_one_cm":8648,"minecraft:walk_one_cm":34874,"minecraft:sneak_time":1831,"minecraft:total_world_time":75400,"minecraft:climb_one_cm":5122,"minecraft:walk_under_water_one_cm":20126,"minecraft:swim_one_cm":24045,"minecraft:fall_one_cm":2409,"minecraft:fly_one_cm":1369713}},"DataVersion":3700}