{"stats":{"minecraft:mined":{"minecraft:twisting_vines_plant":1,"minecraft:lily_pad":1,"minecraft:ice":5},"minecraft:custom":{"minecraft:interact_with_anvil":2,"minecraft:open_barrel":8,"minecraft:open_shulker_box":23,"minecraft:eat_cake_slice":1,"minecraft:leave_game":267,"minecraft:time_since_death":156234,"minecraft:climb_one_cm":101591,"minecraft:sprint_one_cm":4572039,"minecraft:walk_one_cm":1542223,"minecraft:drop":130,"minecraft:talked_to_villager":3,"minecraft:strider_one_cm":14300,"minecraft:play_time":2252570,"minecraft:deaths":10,"minecraft:sneak_time":71011,"minecraft:walk_under_water_one_cm":154016,"minecraft:boat_one_cm":451,"minecraft:interact_with_lectern":37,"minecraft:jump":37269,"minecraft:interact_with_blast_furnace":3,"minecraft:walk_on_water_one_cm":89886,"minecraft:total_world_time":2252570,"minecraft:interact_with_grindstone":1,"minecraft:time_since_rest":156234,"minecraft:damage_taken":24177,"minecraft:damage_dealt":10,"minecraft:interact_with_beacon":1,"minecraft:swim_one_cm":127984,"minecraft:fly_one_cm":22259111,"minecraft:open_chest":9,"minecraft:crouch_one_cm":198715,"minecraft:interact_with_smoker":6,"minecraft:fall_one_cm":493928},"minecraft:picked_up":{"minecraft:cocoa_beans":527,"minecraft:chain":1,"minecraft:spruce_fence":1,"minecraft:brown_dye":587,"minecraft:dark_oak_planks":1,"minecraft:bamboo_sign":1,"minecraft:sponge":2,"minecraft:barrier":1,"minecraft:chipped_anvil":1,"minecraft:acacia_planks":1,"minecraft:spruce_log":1,"minecraft:acacia_stairs":1,"minecraft:dark_oak_wood":1},"minecraft:dropped":{"minecraft:crimson_planks":1,"minecraft:spruce_sign":1,"minecraft:daylight_detector":1,"minecraft:warped_stem":1,"minecraft:acacia_wood":1,"minecraft:moss_block":1,"minecraft:mangrove_leaves":64,"minecraft:lime_stained_glass":1,"minecraft:barrier":1,"minecraft:yellow_terracotta":64,"minecraft:red_stained_glass":1,"minecraft:polished_blackstone_brick_wall":1,"minecraft:acacia_log":2,"minecraft:grass_block":1,"minecraft:rail":1,"minecraft:structure_void":2,"minecraft:spruce_leaves":3,"minecraft:cracked_polished_blackstone_bricks":1,"minecraft:dirt":1,"minecraft:redstone_lamp":1,"minecraft:diorite":1,"minecraft:sponge":2,"minecraft:mangrove_wood":64,"minecraft:dark_oak_wood":2,"minecraft:smooth_quartz":1,"minecraft:bone_block":1,"minecraft:black_concrete":1,"minecraft:mangrove_stairs":64,"minecraft:flowering_azalea":1,"minecraft:mud":64,"minecraft:white_banner":1,"minecraft:stripped_birch_log":1,"minecraft:chain":1,"minecraft:acacia_fence_gate":1,"minecraft:sand":1,"minecraft:chipped_anvil":2,"minecraft:dark_oak_planks":1,"minecraft:acacia_planks":6,"minecraft:white_wool":1,"minecraft:diorite_slab":1,"minecraft:lapis_block":2,"minecraft:dandelion":1,"minecraft:polished_blackstone_wall":1,"minecraft:anvil":1,"minecraft:moss_carpet":1,"minecraft:brown_dye":576,"minecraft:soul_soil":1,"minecraft:mangrove_roots":64,"minecraft:polished_diorite_slab":1,"minecraft:cocoa_beans":512,"minecraft:soul_lantern":1,"minecraft:stripped_oak_log":1,"minecraft:mangrove_door":64,"minecraft:end_stone":2,"minecraft:bamboo_sign":2,"minecraft:warped_sign":1,"minecraft:ender_eye":1,"minecraft:stone_stairs":1,"minecraft:white_terracotta":64,"minecraft:acacia_stairs":2,"minecraft:end_stone_brick_wall":1,"minecraft:spruce_fence":4,"minecraft:mangrove_fence":64,"minecraft:muddy_mangrove_roots":64,"minecraft:snow":1,"minecraft:stone":2,"minecraft:end_stone_brick_stairs":1,"minecraft:azalea_leaves":1,"minecraft:crimson_slab":1,"minecraft:orange_terracotta":64,"minecraft:spruce_trapdoor":2,"minecraft:spruce_planks":1,"minecraft:quartz_block":2,"minecraft:cake":1,"minecraft:azalea":1,"minecraft:ladder":1,"minecraft:end_portal_frame":1,"minecraft:spruce_wood":1,"minecraft:spruce_log":1,"minecraft:blackstone_slab":1,"minecraft:basalt":1,"minecraft:end_stone_bricks":1,"minecraft:red_sand":4,"minecraft:glass":1,"minecraft:flowering_azalea_leaves":1,"minecraft:calcite":2,"minecraft:acacia_fence":2,"minecraft:netherrack":1,"minecraft:terracotta":64},"minecraft:used":{"minecraft:azalea":1,"minecraft:moss_block":2,"minecraft:purpur_block":1,"minecraft:orange_concrete_powder":12,"minecraft:moss_carpet":6,"minecraft:jack_o_lantern":13,"minecraft:polished_blackstone_brick_slab":163,"minecraft:writable_book":2,"minecraft:red_sand":27,"minecraft:acacia_log":520,"minecraft:crimson_fence":16,"minecraft:flint_and_steel":44,"minecraft:dead_brain_coral":1,"minecraft:bone_block":6,"minecraft:carved_pumpkin":5,"minecraft:redstone_ore":1,"minecraft:armor_stand":2,"minecraft:spruce_slab":319,"minecraft:polished_blackstone":13,"minecraft:redstone":7,"minecraft:ladder":34,"minecraft:bamboo_sign":1,"minecraft:poppy":9,"minecraft:oak_sign":5,"minecraft:mycelium":26,"minecraft:polished_basalt":1,"minecraft:white_concrete_powder":3,"minecraft:spruce_planks":113,"minecraft:white_terracotta":461,"minecraft:stone":1961,"minecraft:warped_sign":2,"minecraft:quartz_stairs":43,"minecraft:mangrove_fence":6,"minecraft:polished_blackstone_wall":76,"minecraft:player_head":1,"minecraft:farmland":65,"minecraft:netherrack":222,"minecraft:debug_stick":541,"minecraft:spruce_leaves":83,"minecraft:green_glazed_terracotta":276,"minecraft:torch":6,"minecraft:end_stone_brick_wall":18,"minecraft:dirt":1011,"minecraft:warped_wart_block":41,"minecraft:anvil":7,"minecraft:spruce_stairs":72,"minecraft:jungle_planks":2,"minecraft:nether_bricks":4,"minecraft:crimson_hyphae":7,"minecraft:deepslate_tile_slab":13,"minecraft:stone_stairs":9,"minecraft:dead_tube_coral":1,"minecraft:tuff":11,"minecraft:glow_lichen":74,"minecraft:spruce_fence":108,"minecraft:weeping_vines":17,"minecraft:polished_diorite":84,"minecraft:fern":4,"minecraft:andesite_wall":18,"minecraft:polished_blackstone_slab":15,"minecraft:mossy_cobblestone_stairs":1,"minecraft:glass":42,"minecraft:stone_brick_slab":2,"minecraft:dark_oak_planks":243,"minecraft:honey_block":148,"minecraft:flowering_azalea":4,"minecraft:lava_bucket":1128,"minecraft:mangrove_log":31,"minecraft:chipped_anvil":1,"minecraft:grass_block":353,"minecraft:quartz_pillar":34,"minecraft:oak_stairs":3,"minecraft:yellow_stained_glass":36,"minecraft:mangrove_stairs":71,"minecraft:warped_hyphae":1,"minecraft:quartz_slab":263,"minecraft:spruce_wood":58,"minecraft:lantern":18,"minecraft:muddy_mangrove_roots":32,"minecraft:slime_block":82,"minecraft:warped_fence":1,"minecraft:acacia_slab":218,"minecraft:crimson_slab":27,"minecraft:quartz_block":12,"minecraft:polished_blackstone_brick_wall":11,"minecraft:warped_nylium":14,"minecraft:dark_oak_wood":178,"minecraft:dark_oak_leaves":512,"minecraft:dark_oak_slab":22,"minecraft:polished_blackstone_brick_stairs":3,"minecraft:mossy_cobblestone_slab":8,"minecraft:smooth_quartz":4,"minecraft:crimson_planks":1,"minecraft:stone_brick_stairs":65,"minecraft:stone_bricks":26,"minecraft:item_frame":12,"minecraft:smooth_basalt":3,"minecraft:red_stained_glass_pane":2,"minecraft:basalt":12,"minecraft:repeater":1,"minecraft:reinforced_deepslate":10,"minecraft:warped_stairs":2,"minecraft:redstone_lamp":10,"minecraft:magma_block":59,"minecraft:snow":4,"minecraft:scaffolding":33,"minecraft:soul_soil":8,"minecraft:emerald_block":34,"minecraft:mangrove_roots":43,"minecraft:yellow_glazed_terracotta":151,"minecraft:lime_stained_glass":6,"minecraft:deepslate_tile_stairs":180,"minecraft:mangrove_slab":19,"minecraft:podzol":288,"minecraft:acacia_wood":21,"minecraft:acacia_fence":131,"minecraft:polished_diorite_stairs":7,"minecraft:gold_block":17,"minecraft:crimson_pressure_plate":4,"minecraft:end_stone_brick_stairs":1,"minecraft:acacia_planks":810,"minecraft:powder_snow_bucket":2,"minecraft:orange_terracotta":246,"minecraft:orange_stained_glass_pane":37,"minecraft:large_fern":8,"minecraft:dark_oak_sapling":4,"minecraft:mangrove_leaves":302,"minecraft:crimson_stem":18,"minecraft:calcite":584,"minecraft:short_grass":4,"minecraft:wheat_seeds":32,"minecraft:chiseled_polished_blackstone":2,"minecraft:dark_oak_stairs":5,"minecraft:water_bucket":346,"minecraft:warped_stem":6,"minecraft:diorite":12,"minecraft:end_stone_bricks":4,"minecraft:damaged_anvil":2,"minecraft:mangrove_wood":134,"minecraft:cobblestone_stairs":6,"minecraft:lodestone":4,"minecraft:snow_block":4,"minecraft:stripped_birch_log":146,"minecraft:red_stained_glass":1,"minecraft:blackstone_stairs":108,"minecraft:mangrove_planks":68,"minecraft:oak_planks":90,"minecraft:andesite_slab":16,"minecraft:blackstone":603,"minecraft:ender_pearl":366,"minecraft:redstone_block":8,"minecraft:end_stone_brick_slab":10,"minecraft:structure_void":459,"minecraft:glow_ink_sac":1,"minecraft:cobblestone_slab":6,"minecraft:smooth_quartz_stairs":78,"minecraft:oak_leaves":30,"minecraft:polished_blackstone_bricks":53,"minecraft:gilded_blackstone":65,"minecraft:white_wool":7,"minecraft:mossy_cobblestone":14,"minecraft:glow_berries":15,"minecraft:diamond_block":2,"minecraft:sand":29,"minecraft:vine":2,"minecraft:rail":16,"minecraft:terracotta":410,"minecraft:yellow_terracotta":295,"minecraft:tnt":10,"minecraft:oak_slab":2,"minecraft:green_dye":2,"minecraft:blast_furnace":5,"minecraft:acacia_leaves":12,"minecraft:dead_bubble_coral":1,"minecraft:campfire":3,"minecraft:sponge":3,"minecraft:end_stone":39,"minecraft:cake":1,"minecraft:spruce_log":366,"minecraft:bamboo_button":5,"minecraft:deepslate_tiles":343,"minecraft:oak_log":2,"minecraft:sticky_piston":2,"minecraft:black_terracotta":223,"minecraft:mud":70,"minecraft:piston":3,"minecraft:netherite_block":179,"minecraft:ender_eye":36,"minecraft:red_sandstone":8,"minecraft:acacia_stairs":130,"minecraft:black_concrete":4,"minecraft:daylight_detector":4,"minecraft:mangrove_door":2,"minecraft:mangrove_pressure_plate":1,"minecraft:acacia_door":2,"minecraft:dark_oak_log":394,"minecraft:heavy_weighted_pressure_plate":3,"minecraft:cracked_polished_blackstone_bricks":3,"minecraft:mangrove_propagule":10,"minecraft:barrier":2,"minecraft:warped_slab":9,"minecraft:jungle_stairs":1,"minecraft:stone_slab":26,"minecraft:red_terracotta":171,"minecraft:spruce_trapdoor":16,"minecraft:iron_door":5,"minecraft:flowering_azalea_leaves":1,"minecraft:crimson_nylium":1,"minecraft:blackstone_slab":173,"minecraft:soul_lantern":1,"minecraft:acacia_fence_gate":7,"minecraft:crimson_sign":6,"minecraft:stripped_warped_hyphae":2,"minecraft:chiseled_stone_bricks":11,"minecraft:nether_wart_block":95,"minecraft:green_shulker_box":5,"minecraft:cobblestone":392,"minecraft:azalea_leaves":10,"minecraft:stripped_crimson_hyphae":39,"minecraft:crimson_stairs":3,"minecraft:grindstone":7,"minecraft:dark_oak_fence":2,"minecraft:white_stained_glass":369,"minecraft:lapis_block":8,"minecraft:chain":41,"minecraft:ice":6,"minecraft:smooth_stone_slab":3,"minecraft:mossy_cobblestone_wall":2,"minecraft:end_portal_frame":49,"minecraft:oak_boat":1,"minecraft:stripped_oak_log":8,"minecraft:white_concrete":12,"minecraft:dandelion":10,"minecraft:bone_meal":66,"minecraft:smooth_stone":1,"minecraft:diorite_slab":9,"minecraft:green_stained_glass":11}},"DataVersion":3700}