{"stats":{"minecraft:killed_by":{"minecraft:player":2},"minecraft:custom":{"minecraft:jump":1286,"minecraft:open_chest":1,"minecraft:time_since_rest":98,"minecraft:leave_game":1,"minecraft:crouch_one_cm":1105,"minecraft:walk_on_water_one_cm":7463,"minecraft:deaths":11,"minecraft:sprint_one_cm":282866,"minecraft:play_time":40403,"minecraft:damage_taken":5148,"minecraft:time_since_death":95,"minecraft:walk_one_cm":59950,"minecraft:sneak_time":394,"minecraft:climb_one_cm":2951,"minecraft:total_world_time":40403,"minecraft:walk_under_water_one_cm":7138,"minecraft:talked_to_villager":1,"minecraft:swim_one_cm":10148,"minecraft:interact_with_lectern":1,"minecraft:fall_one_cm":70832,"minecraft:fly_one_cm":319479}},"DataVersion":3700}