{"stats":{"minecraft:mined":{"minecraft:slime_block":2,"minecraft:sugar_cane":1,"minecraft:repeater":2,"minecraft:wheat":1},"minecraft:custom":{"minecraft:interact_with_crafting_table":5,"minecraft:open_barrel":16,"minecraft:open_shulker_box":8,"minecraft:leave_game":295,"minecraft:time_since_death":638614,"minecraft:sprint_one_cm":5760314,"minecraft:drop":358,"minecraft:talked_to_villager":3,"minecraft:play_time":4799666,"minecraft:deaths":24,"minecraft:jump":30568,"minecraft:interact_with_brewingstand":6,"minecraft:walk_on_water_one_cm":168507,"minecraft:interact_with_furnace":5,"minecraft:damage_dealt":271,"minecraft:player_kills":2,"minecraft:crouch_one_cm":78055,"minecraft:interact_with_smoker":3,"minecraft:climb_one_cm":78923,"minecraft:walk_one_cm":3592938,"minecraft:sneak_time":82183,"minecraft:walk_under_water_one_cm":78387,"minecraft:interact_with_lectern":14,"minecraft:interact_with_blast_furnace":1,"minecraft:total_world_time":4799666,"minecraft:pot_flower":12,"minecraft:time_since_rest":638615,"minecraft:damage_taken":32868,"minecraft:swim_one_cm":91537,"minecraft:fly_one_cm":31185392,"minecraft:open_chest":72,"minecraft:fall_one_cm":665331},"minecraft:picked_up":{"minecraft:oak_sign":2,"minecraft:written_book":18,"minecraft:warped_trapdoor":1,"minecraft:dead_bush":1,"minecraft:writable_book":1,"minecraft:player_head":1,"minecraft:lime_shulker_box":1,"minecraft:filled_map":1},"minecraft:dropped":{"minecraft:crimson_nylium":4,"minecraft:iron_sword":18,"minecraft:warped_stem":1,"minecraft:moss_block":7,"minecraft:short_grass":1,"minecraft:warped_fungus":1,"minecraft:spore_blossom":1,"minecraft:jungle_fence":1,"minecraft:glow_berries":3,"minecraft:warped_roots":2,"minecraft:lantern":2,"minecraft:red_wool":1,"minecraft:spruce_leaves":1,"minecraft:dirt":2,"minecraft:stone_button":2,"minecraft:crimson_roots":1,"minecraft:bone_meal":1,"minecraft:sunflower":192,"minecraft:verdant_froglight":1,"minecraft:black_concrete":1,"minecraft:green_wool":1,"minecraft:red_glazed_terracotta":1,"minecraft:crimson_fungus":1,"minecraft:twisting_vines":2,"minecraft:pointed_dripstone":4,"minecraft:stone_stairs":2,"minecraft:acacia_slab":2,"minecraft:beef":1,"minecraft:prismarine_bricks":1,"minecraft:warped_wart_block":3,"minecraft:netherrack":6,"minecraft:torchflower":2,"minecraft:water_bucket":1,"minecraft:dripstone_block":8,"minecraft:grass_block":3,"minecraft:warped_trapdoor":3,"minecraft:lava_bucket":5,"minecraft:wooden_axe":1,"minecraft:nether_wart_block":1,"minecraft:dead_bush":2,"minecraft:nether_sprouts":5,"minecraft:mud":1,"minecraft:iron_shovel":1,"minecraft:redstone":2,"minecraft:red_concrete":1,"minecraft:moss_carpet":5,"minecraft:warped_nylium":8,"minecraft:oak_trapdoor":1,"minecraft:player_head":6,"minecraft:pitcher_plant":1,"minecraft:sticky_piston":2,"minecraft:chicken":1,"minecraft:slime_block":1,"minecraft:stone_slab":1,"minecraft:diamond_ore":1,"minecraft:debug_stick":1,"minecraft:spruce_fence":1,"minecraft:oak_sign":4,"minecraft:diamond_sword":1,"minecraft:shroomlight":1,"minecraft:stone":7,"minecraft:black_concrete_powder":1,"minecraft:warped_fence":1,"minecraft:golden_sword":1,"minecraft:redstone_torch":2,"minecraft:spruce_log":1,"minecraft:stripped_acacia_log":1,"minecraft:dead_brain_coral_block":1,"minecraft:green_concrete_powder":2,"minecraft:magma_block":3},"minecraft:used":{"minecraft:moss_block":1123,"minecraft:orange_dye":1,"minecraft:cherry_sapling":4,"minecraft:nether_brick_fence":1,"minecraft:moss_carpet":237,"minecraft:jack_o_lantern":4,"minecraft:writable_book":4,"minecraft:red_sand":395,"minecraft:polished_deepslate":489,"minecraft:dead_horn_coral_block":13,"minecraft:red_sandstone_slab":9,"minecraft:spruce_slab":98,"minecraft:suspicious_sand":60,"minecraft:poppy":4,"minecraft:ladder":16,"minecraft:oak_sign":133,"minecraft:white_concrete_powder":566,"minecraft:chest":15,"minecraft:white_terracotta":32,"minecraft:stone":4211,"minecraft:warped_sign":1,"minecraft:quartz_stairs":35,"minecraft:mossy_stone_brick_slab":49,"minecraft:player_head":281,"minecraft:waxed_weathered_cut_copper_stairs":121,"minecraft:green_terracotta":42,"minecraft:spruce_leaves":390,"minecraft:debug_stick":487,"minecraft:chiseled_red_sandstone":4,"minecraft:soul_sand":4,"minecraft:birch_pressure_plate":1,"minecraft:jungle_planks":1,"minecraft:jungle_slab":40,"minecraft:allium":12,"minecraft:orange_wool":54,"minecraft:tuff":221,"minecraft:stripped_spruce_log":39,"minecraft:milk_bucket":2,"minecraft:polished_deepslate_stairs":3,"minecraft:waxed_oxidized_copper":93,"minecraft:honey_block":65,"minecraft:cyan_terracotta":39,"minecraft:lava_bucket":249,"minecraft:stripped_dark_oak_wood":2,"minecraft:coal_ore":26,"minecraft:spruce_wood":20,"minecraft:warped_hyphae":34,"minecraft:red_wool":1,"minecraft:black_stained_glass_pane":2,"minecraft:lantern":61,"minecraft:grass_block":1024,"minecraft:green_wool":1,"minecraft:quartz_block":12,"minecraft:copper_ore":12,"minecraft:warped_nylium":177,"minecraft:dark_oak_slab":30,"minecraft:light_blue_bed":1,"minecraft:mossy_cobblestone_slab":5,"minecraft:cherry_leaves":46,"minecraft:crimson_roots":6,"minecraft:raw_gold_block":6,"minecraft:waxed_weathered_cut_copper":26,"minecraft:stone_brick_stairs":15,"minecraft:stone_bricks":138,"minecraft:blue_banner":10,"minecraft:item_frame":12,"minecraft:bedrock":86,"minecraft:birch_button":4,"minecraft:deepslate_diamond_ore":1,"minecraft:red_carpet":13,"minecraft:repeater":72,"minecraft:redstone_lamp":7,"minecraft:magma_block":7,"minecraft:warped_fungus":26,"minecraft:written_book":61,"minecraft:scaffolding":5,"minecraft:furnace":17,"minecraft:mangrove_slab":1,"minecraft:gray_bed":3,"minecraft:acacia_fence":7,"minecraft:gold_block":41,"minecraft:skeleton_skull":3,"minecraft:pearlescent_froglight":2,"minecraft:seagrass":43,"minecraft:large_fern":5,"minecraft:stripped_spruce_wood":82,"minecraft:mangrove_leaves":3,"minecraft:short_grass":43,"minecraft:emerald_ore":93,"minecraft:mossy_stone_bricks":91,"minecraft:waxed_oxidized_cut_copper_slab":72,"minecraft:end_rod":3,"minecraft:torchflower":41,"minecraft:stripped_acacia_log":3,"minecraft:birch_leaves":230,"minecraft:blackstone_stairs":1,"minecraft:jungle_fence":48,"minecraft:oak_planks":70,"minecraft:birch_wood":9,"minecraft:cactus":3,"minecraft:orange_tulip":11,"minecraft:blackstone":172,"minecraft:lime_concrete_powder":205,"minecraft:mossy_stone_brick_stairs":19,"minecraft:sandstone":26,"minecraft:redstone_block":3,"minecraft:structure_void":77,"minecraft:sugar_cane":19,"minecraft:large_amethyst_bud":3,"minecraft:oak_leaves":4,"minecraft:white_wool":1,"minecraft:glow_berries":155,"minecraft:stripped_mangrove_wood":1,"minecraft:sand":407,"minecraft:yellow_terracotta":49,"minecraft:light_blue_concrete":14,"minecraft:cut_sandstone_slab":8,"minecraft:waxed_weathered_cut_copper_slab":19,"minecraft:light_blue_wool":66,"minecraft:smooth_red_sandstone":205,"minecraft:blast_furnace":1,"minecraft:light_gray_terracotta":43,"minecraft:yellow_concrete":121,"minecraft:cyan_dye":2,"minecraft:sponge":2,"minecraft:dripstone_block":669,"minecraft:ochre_froglight":25,"minecraft:stone_brick_wall":17,"minecraft:black_concrete_powder":2,"minecraft:exposed_copper":2,"minecraft:birch_fence":20,"minecraft:redstone_torch":31,"minecraft:deepslate_tiles":47,"minecraft:black_terracotta":52,"minecraft:sticky_piston":11,"minecraft:lever":2,"minecraft:red_sandstone":80,"minecraft:black_concrete":135,"minecraft:daylight_detector":2,"minecraft:birch_slab":2,"minecraft:lime_carpet":12,"minecraft:nether_sprouts":26,"minecraft:stone_button":32,"minecraft:barrier":46,"minecraft:verdant_froglight":168,"minecraft:lectern":4,"minecraft:spore_blossom":33,"minecraft:cherry_sign":1,"minecraft:oak_pressure_plate":1,"minecraft:diamond_ore":29,"minecraft:iron_door":17,"minecraft:deepslate":1,"minecraft:gravel":31,"minecraft:polished_andesite_slab":35,"minecraft:soul_lantern":26,"minecraft:blackstone_slab":55,"minecraft:green_candle":1,"minecraft:nether_wart_block":27,"minecraft:smooth_red_sandstone_slab":85,"minecraft:suspicious_gravel":4,"minecraft:grindstone":2,"minecraft:stripped_oak_wood":135,"minecraft:dark_oak_fence":17,"minecraft:andesite":16,"minecraft:waxed_oxidized_cut_copper_stairs":43,"minecraft:green_concrete_powder":20,"minecraft:birch_log":48,"minecraft:chain":48,"minecraft:mossy_cobblestone_wall":3,"minecraft:smooth_stone_slab":1,"minecraft:stripped_cherry_log":8,"minecraft:white_concrete":201,"minecraft:coarse_dirt":400,"minecraft:warped_button":1,"minecraft:oak_hanging_sign":9,"minecraft:bone_meal":95,"minecraft:azalea":5,"minecraft:oak_trapdoor":66,"minecraft:oak_fence":175,"minecraft:orange_concrete_powder":2,"minecraft:iron_bars":26,"minecraft:netherite_sword":54,"minecraft:jungle_leaves":41,"minecraft:polished_blackstone_brick_slab":1,"minecraft:enchanting_table":1,"minecraft:cherry_wood":11,"minecraft:waxed_weathered_copper":126,"minecraft:crimson_fence":4,"minecraft:flint_and_steel":13,"minecraft:orange_concrete":19,"minecraft:dead_bush":10,"minecraft:armor_stand":2,"minecraft:carved_pumpkin":30,"minecraft:redstone_ore":22,"minecraft:red_concrete":58,"minecraft:redstone":103,"minecraft:mycelium":50,"minecraft:spruce_planks":60,"minecraft:sculk":26,"minecraft:stripped_birch_wood":88,"minecraft:sandstone_wall":16,"minecraft:netherrack":248,"minecraft:orange_bed":1,"minecraft:torch":67,"minecraft:brewing_stand":1,"minecraft:dirt":798,"minecraft:warped_wart_block":123,"minecraft:ancient_debris":1,"minecraft:white_carpet":5,"minecraft:light_blue_dye":4,"minecraft:nether_quartz_ore":1,"minecraft:spruce_stairs":15,"minecraft:twisting_vines":25,"minecraft:cobblestone_wall":4,"minecraft:stone_stairs":48,"minecraft:nether_brick_slab":1,"minecraft:shulker_box":2,"minecraft:yellow_carpet":6,"minecraft:oak_wood":1,"minecraft:raw_iron_block":17,"minecraft:glow_lichen":211,"minecraft:spruce_fence":131,"minecraft:blue_concrete":10,"minecraft:fern":31,"minecraft:orange_candle":3,"minecraft:shroomlight":10,"minecraft:mossy_cobblestone_stairs":16,"minecraft:stone_brick_slab":16,"minecraft:flowering_azalea":2,"minecraft:bamboo_fence":4,"minecraft:bookshelf":15,"minecraft:red_tulip":3,"minecraft:acacia_slab":5,"minecraft:rooted_dirt":11,"minecraft:muddy_mangrove_roots":81,"minecraft:light_weighted_pressure_plate":1,"minecraft:oak_stairs":2,"minecraft:cherry_slab":5,"minecraft:slime_block":231,"minecraft:spruce_button":13,"minecraft:warped_fence":47,"minecraft:smooth_sandstone":103,"minecraft:jungle_log":1,"minecraft:cherry_trapdoor":5,"minecraft:barrel":15,"minecraft:smooth_basalt":1,"minecraft:yellow_concrete_powder":50,"minecraft:glowstone":294,"minecraft:lime_concrete":96,"minecraft:warped_stairs":23,"minecraft:tall_grass":4,"minecraft:iron_trapdoor":5,"minecraft:pitcher_plant":11,"minecraft:black_dye":1,"minecraft:podzol":396,"minecraft:infested_cobblestone":4,"minecraft:orange_terracotta":185,"minecraft:cobbled_deepslate":173,"minecraft:acacia_planks":2,"minecraft:cherry_fence":16,"minecraft:cherry_log":13,"minecraft:mossy_stone_brick_wall":27,"minecraft:pumpkin":34,"minecraft:light_gray_bed":2,"minecraft:pointed_dripstone":217,"minecraft:deepslate_emerald_ore":1,"minecraft:crimson_stem":4,"minecraft:calcite":2,"minecraft:water_bucket":234,"minecraft:chiseled_bookshelf":34,"minecraft:warped_stem":128,"minecraft:iron_ore":22,"minecraft:jigsaw":4,"minecraft:amethyst_block":1,"minecraft:cobblestone_stairs":9,"minecraft:dirt_path":135,"minecraft:warped_hanging_sign":2,"minecraft:snow_block":9,"minecraft:birch_planks":33,"minecraft:cyan_candle":20,"minecraft:lime_wool":84,"minecraft:waxed_oxidized_cut_copper":86,"minecraft:andesite_slab":2,"minecraft:smooth_sandstone_slab":11,"minecraft:cherry_planks":3,"minecraft:cut_sandstone":25,"minecraft:brown_mushroom":9,"minecraft:spruce_sign":4,"minecraft:white_dye":3,"minecraft:glow_ink_sac":15,"minecraft:cobblestone_slab":6,"minecraft:gold_ore":9,"minecraft:polished_blackstone_bricks":1,"minecraft:waxed_copper_block":37,"minecraft:warped_roots":18,"minecraft:gilded_blackstone":3,"minecraft:waxed_exposed_copper":35,"minecraft:mossy_cobblestone":8,"minecraft:diamond_block":31,"minecraft:brown_dye":1,"minecraft:orange_carpet":6,"minecraft:terracotta":5,"minecraft:vine":34,"minecraft:oak_slab":109,"minecraft:tnt":7,"minecraft:crafting_table":25,"minecraft:red_bed":2,"minecraft:green_dye":1,"minecraft:dead_fire_coral_block":9,"minecraft:red_mushroom":3,"minecraft:birch_sign":10,"minecraft:bamboo_block":2,"minecraft:fire_coral":3,"minecraft:lime_shulker_box":1,"minecraft:mangrove_sign":1,"minecraft:warped_planks":108,"minecraft:smoker":3,"minecraft:spruce_log":163,"minecraft:mud":2,"minecraft:flower_pot":15,"minecraft:yellow_dye":5,"minecraft:light":99,"minecraft:cornflower":2,"minecraft:waxed_exposed_cut_copper_stairs":1,"minecraft:warped_trapdoor":17,"minecraft:stripped_jungle_log":1,"minecraft:command_block":26,"minecraft:oak_button":22,"minecraft:lapis_ore":1,"minecraft:magenta_concrete":222,"minecraft:stone_slab":275,"minecraft:spruce_trapdoor":81,"minecraft:bamboo_slab":2,"minecraft:spruce_sapling":14,"minecraft:budding_amethyst":1,"minecraft:crimson_nylium":60,"minecraft:yellow_wool":32,"minecraft:blue_carpet":5,"minecraft:pink_petals":138,"minecraft:green_carpet":3,"minecraft:enchanted_book":22,"minecraft:crimson_fungus":3,"minecraft:cobblestone":10,"minecraft:orange_banner":2,"minecraft:cobbled_deepslate_slab":1,"minecraft:mud_brick_wall":1,"minecraft:wither_rose":5,"minecraft:stripped_oak_log":21,"minecraft:dandelion":2,"minecraft:jukebox":2,"minecraft:soul_torch":11,"minecraft:birch_stairs":9}},"DataVersion":3700}