{"stats":{"minecraft:used":{"minecraft:stone":1,"minecraft:grass_block":4},"minecraft:custom":{"minecraft:jump":1848,"minecraft:time_since_rest":35537,"minecraft:damage_taken":440,"minecraft:walk_one_cm":28934,"minecraft:crouch_one_cm":3735,"minecraft:leave_game":4,"minecraft:sprint_one_cm":262883,"minecraft:play_time":68155,"minecraft:time_since_death":35531,"minecraft:walk_on_water_one_cm":3567,"minecraft:deaths":1,"minecraft:sneak_time":1395,"minecraft:total_world_time":68155,"minecraft:climb_one_cm":1180,"minecraft:walk_under_water_one_cm":1238,"minecraft:swim_one_cm":9294,"minecraft:fall_one_cm":8921,"minecraft:fly_one_cm":875735}},"DataVersion":3700}