{"stats":{"minecraft:mined":{"minecraft:obsidian":2,"minecraft:red_bed":57,"minecraft:slime_block":2,"minecraft:oak_planks":4,"minecraft:yellow_wool":5,"minecraft:tnt":4,"minecraft:netherrack":114,"minecraft:stone":1300,"minecraft:blue_bed":2,"minecraft:lime_bed":3,"minecraft:yellow_bed":5},"minecraft:custom":{"minecraft:interact_with_crafting_table":6,"minecraft:open_barrel":68,"minecraft:open_shulker_box":97,"minecraft:eat_cake_slice":1,"minecraft:leave_game":245,"minecraft:time_since_death":13454,"minecraft:damage_resisted":600,"minecraft:sprint_one_cm":7999051,"minecraft:drop":80,"minecraft:talked_to_villager":39,"minecraft:play_time":4580027,"minecraft:deaths":56,"minecraft:jump":64172,"minecraft:interact_with_brewingstand":5,"minecraft:walk_on_water_one_cm":214801,"minecraft:interact_with_furnace":66,"minecraft:traded_with_villager":2,"minecraft:sleep_in_bed":22,"minecraft:damage_dealt":10597,"minecraft:interact_with_beacon":2,"minecraft:player_kills":7,"minecraft:crouch_one_cm":369386,"minecraft:interact_with_smoker":4,"minecraft:interact_with_anvil":9,"minecraft:mob_kills":22,"minecraft:inspect_hopper":98,"minecraft:interact_with_campfire":11,"minecraft:climb_one_cm":116743,"minecraft:walk_one_cm":2237318,"minecraft:target_hit":271,"minecraft:sneak_time":248519,"minecraft:walk_under_water_one_cm":422825,"minecraft:boat_one_cm":105007,"minecraft:interact_with_lectern":5,"minecraft:interact_with_blast_furnace":33,"minecraft:total_world_time":4580027,"minecraft:tune_noteblock":17,"minecraft:pot_flower":1,"minecraft:interact_with_grindstone":3,"minecraft:time_since_rest":13456,"minecraft:damage_taken":102254,"minecraft:minecart_one_cm":12554,"minecraft:swim_one_cm":271060,"minecraft:fly_one_cm":41414611,"minecraft:open_chest":26,"minecraft:fall_one_cm":2043923},"minecraft:picked_up":{"minecraft:written_book":1,"minecraft:wheat_seeds":1,"minecraft:debug_stick":2,"minecraft:chicken":5,"minecraft:cooked_chicken":3,"minecraft:flowering_azalea":5,"minecraft:pumpkin":1},"minecraft:killed_by":{"minecraft:creeper":5,"minecraft:player":2},"minecraft:dropped":{"minecraft:iron_sword":54,"minecraft:glow_ink_sac":1,"minecraft:brush":1,"minecraft:written_book":2,"minecraft:wheat_seeds":1,"minecraft:iron_door":1,"minecraft:pumpkin":1,"minecraft:player_head":1,"minecraft:debug_stick":1,"minecraft:shears":12,"minecraft:filled_map":1,"minecraft:diamond_pickaxe":4},"minecraft:used":{"minecraft:tuff_slab":4,"minecraft:moss_block":49,"minecraft:orange_dye":2,"minecraft:nether_brick_fence":51,"minecraft:moss_carpet":33,"minecraft:jack_o_lantern":23,"minecraft:blue_terracotta":1,"minecraft:writable_book":6,"minecraft:red_sand":202,"minecraft:purple_candle":11,"minecraft:smooth_quartz_slab":2,"minecraft:spruce_slab":110,"minecraft:bamboo_sign":5,"minecraft:polished_blackstone":19,"minecraft:ladder":2,"minecraft:suspicious_sand":9,"minecraft:poppy":4,"minecraft:oak_sign":104,"minecraft:mangrove_button":3,"minecraft:polished_basalt":3,"minecraft:decorated_pot":2,"minecraft:chest":1,"minecraft:stone":5824,"minecraft:iron_sword":142,"minecraft:player_head":9,"minecraft:farmland":30,"minecraft:waxed_weathered_cut_copper_stairs":2,"minecraft:green_terracotta":97,"minecraft:spruce_leaves":127,"minecraft:debug_stick":657,"minecraft:soul_sand":7,"minecraft:blue_stained_glass":12,"minecraft:nether_bricks":131,"minecraft:jungle_planks":14,"minecraft:prismarine_brick_stairs":6,"minecraft:jungle_slab":10,"minecraft:allium":2,"minecraft:orange_wool":140,"minecraft:magenta_candle":3,"minecraft:tuff":3,"minecraft:snowball":575,"minecraft:weeping_vines":27,"minecraft:obsidian":83,"minecraft:polished_blackstone_slab":18,"minecraft:waxed_oxidized_copper":1,"minecraft:honey_block":2,"minecraft:bamboo_pressure_plate":3,"minecraft:packed_ice":210,"minecraft:honeycomb":6,"minecraft:cyan_terracotta":2,"minecraft:lava_bucket":431,"minecraft:stripped_dark_oak_wood":1,"minecraft:coal_ore":17,"minecraft:mangrove_stairs":2,"minecraft:warped_hyphae":1,"minecraft:red_wool":47,"minecraft:black_stained_glass_pane":20,"minecraft:lantern":7,"minecraft:grass_block":728,"minecraft:blue_orchid":5,"minecraft:polished_andesite_stairs":5,"minecraft:polished_blackstone_brick_wall":6,"minecraft:warped_nylium":201,"minecraft:tuff_brick_wall":2,"minecraft:dark_oak_wood":2,"minecraft:dark_oak_slab":46,"minecraft:mossy_cobblestone_slab":22,"minecraft:cherry_leaves":384,"minecraft:crimson_roots":24,"minecraft:dark_oak_button":5,"minecraft:item_frame":4,"minecraft:spruce_hanging_sign":11,"minecraft:bedrock":1,"minecraft:deepslate_diamond_ore":13,"minecraft:reinforced_deepslate":1,"minecraft:repeater":49,"minecraft:redstone_lamp":3,"minecraft:honeycomb_block":2,"minecraft:magma_block":403,"minecraft:snow":1,"minecraft:dark_oak_boat":1,"minecraft:warped_fungus":16,"minecraft:hay_block":1,"minecraft:written_book":9,"minecraft:mangrove_roots":3,"minecraft:yellow_glazed_terracotta":30,"minecraft:furnace":7,"minecraft:mangrove_slab":127,"minecraft:acacia_fence":72,"minecraft:gold_block":118,"minecraft:skeleton_skull":1,"minecraft:pearlescent_froglight":115,"minecraft:seagrass":16,"minecraft:dark_prismarine_stairs":12,"minecraft:brown_concrete_powder":112,"minecraft:stripped_spruce_wood":40,"minecraft:mangrove_leaves":24,"minecraft:short_grass":89,"minecraft:chiseled_polished_blackstone":20,"minecraft:dark_oak_stairs":7,"minecraft:mossy_stone_bricks":5,"minecraft:end_rod":10,"minecraft:torchflower":3,"minecraft:stripped_acacia_log":21,"minecraft:stripped_birch_log":1,"minecraft:red_stained_glass":2,"minecraft:mangrove_planks":124,"minecraft:blackstone_stairs":4,"minecraft:birch_leaves":8,"minecraft:dark_oak_sign":6,"minecraft:acacia_trapdoor":11,"minecraft:gray_carpet":4,"minecraft:prismarine":171,"minecraft:jungle_fence":31,"minecraft:oak_planks":14,"minecraft:prismarine_stairs":9,"minecraft:blackstone":1110,"minecraft:cactus":25,"minecraft:mossy_stone_brick_stairs":8,"minecraft:sandstone":173,"minecraft:redstone_block":37,"minecraft:structure_void":157,"minecraft:clay":1,"minecraft:sugar_cane":1,"minecraft:large_amethyst_bud":12,"minecraft:oak_leaves":37,"minecraft:brain_coral":2,"minecraft:respawn_anchor":1,"minecraft:stripped_mangrove_wood":18,"minecraft:dark_oak_trapdoor":26,"minecraft:sand":436,"minecraft:yellow_terracotta":26,"minecraft:loom":5,"minecraft:light_gray_terracotta":17,"minecraft:yellow_concrete":14,"minecraft:deepslate_redstone_ore":48,"minecraft:note_block":2,"minecraft:sponge":1,"minecraft:dripstone_block":19,"minecraft:purple_terracotta":2,"minecraft:ochre_froglight":56,"minecraft:stone_brick_wall":34,"minecraft:shears":5,"minecraft:end_stone":2,"minecraft:cobbled_deepslate_stairs":10,"minecraft:red_sandstone_wall":2,"minecraft:pumpkin_seeds":18,"minecraft:birch_fence":35,"minecraft:redstone_torch":18,"minecraft:deepslate_tiles":1,"minecraft:sticky_piston":12,"minecraft:black_terracotta":2,"minecraft:lever":21,"minecraft:black_concrete":13,"minecraft:crying_obsidian":8,"minecraft:lime_carpet":1,"minecraft:deepslate_iron_ore":8,"minecraft:nether_sprouts":9,"minecraft:brown_stained_glass":48,"minecraft:warped_slab":42,"minecraft:verdant_froglight":6,"minecraft:barrier":288,"minecraft:tuff_brick_stairs":4,"minecraft:stone_button":38,"minecraft:lectern":3,"minecraft:red_terracotta":19,"minecraft:cherry_sign":8,"minecraft:iron_door":3,"minecraft:deepslate":1216,"minecraft:prismarine_wall":6,"minecraft:gravel":12,"minecraft:flowering_azalea_leaves":2,"minecraft:polished_andesite_slab":34,"minecraft:blackstone_slab":39,"minecraft:chiseled_tuff_bricks":3,"minecraft:stripped_warped_hyphae":87,"minecraft:nether_wart_block":261,"minecraft:smooth_red_sandstone_slab":9,"minecraft:fire_charge":8,"minecraft:stripped_oak_wood":80,"minecraft:dark_oak_fence":49,"minecraft:medium_amethyst_bud":16,"minecraft:white_stained_glass":1,"minecraft:green_concrete_powder":2,"minecraft:andesite":261,"minecraft:chain":13,"minecraft:oak_boat":23,"minecraft:waxed_cut_copper_stairs":1,"minecraft:stripped_cherry_log":1,"minecraft:coarse_dirt":57,"minecraft:oak_hanging_sign":2,"minecraft:waxed_copper_bulb":2,"minecraft:bone_meal":60,"minecraft:golden_pickaxe":114,"minecraft:azalea":1,"minecraft:oak_trapdoor":25,"minecraft:oak_fence":19,"minecraft:stripped_acacia_wood":78,"minecraft:orange_concrete_powder":86,"minecraft:netherite_sword":18,"minecraft:jungle_leaves":6,"minecraft:polished_blackstone_brick_slab":30,"minecraft:cherry_wood":127,"minecraft:iron_bars":9,"minecraft:crimson_fence":20,"minecraft:flint_and_steel":34,"minecraft:orange_concrete":29,"minecraft:dead_bush":15,"minecraft:carved_pumpkin":1,"minecraft:redstone":44,"minecraft:light_gray_carpet":1,"minecraft:mycelium":13,"minecraft:light_blue_terracotta":210,"minecraft:spruce_planks":6,"minecraft:sculk":301,"minecraft:deepslate_gold_ore":12,"minecraft:mangrove_fence":16,"minecraft:wooden_shovel":5,"minecraft:polished_blackstone_wall":9,"minecraft:sandstone_wall":25,"minecraft:netherrack":2566,"minecraft:orange_stained_glass":185,"minecraft:target":2,"minecraft:dirt":542,"minecraft:ancient_debris":279,"minecraft:warped_wart_block":115,"minecraft:anvil":13,"minecraft:light_blue_dye":1,"minecraft:hopper":5,"minecraft:prismarine_bricks":31,"minecraft:spruce_stairs":11,"minecraft:twisting_vines":33,"minecraft:cobblestone_wall":14,"minecraft:stone_stairs":82,"minecraft:nether_brick_slab":67,"minecraft:oak_wood":26,"minecraft:pink_dye":2,"minecraft:glow_lichen":132,"minecraft:spruce_fence":136,"minecraft:dead_brain_coral_block":8,"minecraft:light_blue_stained_glass":34,"minecraft:nether_brick_stairs":32,"minecraft:fern":20,"minecraft:shroomlight":43,"minecraft:mossy_cobblestone_stairs":2,"minecraft:stone_brick_slab":9,"minecraft:dark_oak_planks":57,"minecraft:bamboo_raft":93,"minecraft:sea_lantern":5,"minecraft:flowering_azalea":11,"minecraft:bamboo_fence":15,"minecraft:bookshelf":34,"minecraft:cyan_shulker_box":96,"minecraft:oak_stairs":6,"minecraft:light_weighted_pressure_plate":59,"minecraft:acacia_slab":110,"minecraft:muddy_mangrove_roots":6,"minecraft:iron_block":13,"minecraft:iron_axe":4,"minecraft:cherry_slab":39,"minecraft:rooted_dirt":10,"minecraft:slime_block":313,"minecraft:spruce_button":4,"minecraft:warped_fence":50,"minecraft:smooth_sandstone":344,"minecraft:crimson_slab":2,"minecraft:polished_blackstone_brick_stairs":14,"minecraft:smooth_quartz":8,"minecraft:mud_bricks":2,"minecraft:prismarine_slab":121,"minecraft:barrel":5,"minecraft:smooth_basalt":460,"minecraft:bamboo":249,"minecraft:basalt":59,"minecraft:glowstone":22,"minecraft:raw_copper_block":3,"minecraft:soul_soil":2,"minecraft:tall_grass":15,"minecraft:magenta_terracotta":1,"minecraft:iron_trapdoor":11,"minecraft:pitcher_plant":1,"minecraft:oxidized_copper":2,"minecraft:white_stained_glass_pane":1,"minecraft:podzol":264,"minecraft:netherite_pickaxe":1300,"minecraft:acacia_wood":3,"minecraft:cyan_concrete_powder":1,"minecraft:stone_pressure_plate":1,"minecraft:orange_terracotta":1616,"minecraft:cherry_log":19,"minecraft:acacia_planks":29,"minecraft:cobbled_deepslate":3,"minecraft:cherry_fence":51,"minecraft:observer":6,"minecraft:pumpkin":431,"minecraft:magenta_dye":1,"minecraft:hanging_roots":6,"minecraft:bamboo_planks":1,"minecraft:horn_coral_fan":1,"minecraft:pointed_dripstone":1,"minecraft:calcite":105,"minecraft:water_bucket":202,"minecraft:chiseled_bookshelf":9,"minecraft:warped_stem":11,"minecraft:light_blue_shulker_box":1,"minecraft:nether_brick_wall":25,"minecraft:amethyst_block":699,"minecraft:iron_ore":22,"minecraft:cobblestone_stairs":2,"minecraft:dirt_path":6,"minecraft:sandstone_stairs":3,"minecraft:lodestone":4,"minecraft:prismarine_brick_slab":19,"minecraft:cyan_candle":23,"minecraft:polished_andesite":1,"minecraft:mud_brick_slab":33,"minecraft:copper_block":77,"minecraft:blue_wool":5,"minecraft:andesite_slab":45,"minecraft:cherry_planks":14,"minecraft:blue_concrete_powder":1,"minecraft:spruce_sign":4,"minecraft:cauldron":1,"minecraft:white_dye":9,"minecraft:cobblestone_slab":15,"minecraft:beacon":1,"minecraft:glow_ink_sac":32,"minecraft:spruce_fence_gate":1,"minecraft:polished_blackstone_bricks":160,"minecraft:warped_roots":24,"minecraft:gilded_blackstone":261,"minecraft:glow_item_frame":5,"minecraft:lime_terracotta":19,"minecraft:stripped_dark_oak_log":50,"minecraft:mangrove_trapdoor":13,"minecraft:rail":31,"minecraft:mossy_cobblestone":60,"minecraft:diamond_block":4,"minecraft:brown_dye":5,"minecraft:orange_carpet":33,"minecraft:comparator":8,"minecraft:terracotta":106,"minecraft:vine":36,"minecraft:dark_prismarine_slab":38,"minecraft:oak_slab":13,"minecraft:tnt":11,"minecraft:strider_spawn_egg":2,"minecraft:brown_banner":3,"minecraft:bamboo_block":48,"minecraft:campfire":8,"minecraft:light_gray_concrete_powder":114,"minecraft:lime_shulker_box":5,"minecraft:spruce_log":15,"minecraft:mangrove_sign":9,"minecraft:piglin_head":3,"minecraft:cake":1,"minecraft:smoker":2,"minecraft:warped_planks":2,"minecraft:cyan_stained_glass":30,"minecraft:small_amethyst_bud":25,"minecraft:oak_log":1,"minecraft:amethyst_cluster":30,"minecraft:polished_tuff_slab":3,"minecraft:mud":36,"minecraft:piston":5,"minecraft:dark_prismarine":53,"minecraft:ender_eye":1,"minecraft:diamond_pickaxe":2,"minecraft:acacia_stairs":25,"minecraft:warped_trapdoor":6,"minecraft:acacia_sign":23,"minecraft:command_block":57,"minecraft:map":2,"minecraft:spruce_pressure_plate":3,"minecraft:cracked_nether_bricks":10,"minecraft:stone_slab":315,"minecraft:purpur_slab":1,"minecraft:spruce_trapdoor":29,"minecraft:bamboo_slab":43,"minecraft:spruce_sapling":2,"minecraft:budding_amethyst":22,"minecraft:crimson_nylium":305,"minecraft:yellow_wool":3,"minecraft:tuff_brick_slab":62,"minecraft:crimson_sign":1,"minecraft:magenta_banner":1,"minecraft:pink_petals":103,"minecraft:brown_stained_glass_pane":6,"minecraft:crimson_fungus":7,"minecraft:cherry_stairs":2,"minecraft:cobblestone":123,"minecraft:potion":1,"minecraft:azalea_leaves":223,"minecraft:crimson_stairs":7,"minecraft:mud_brick_wall":24,"minecraft:cobbled_deepslate_slab":71,"minecraft:acacia_pressure_plate":12,"minecraft:red_concrete_powder":3,"minecraft:white_banner":2,"minecraft:andesite_stairs":4,"minecraft:sandstone_slab":24,"minecraft:bucket":6,"minecraft:chain_command_block":13,"minecraft:magenta_glazed_terracotta":3,"minecraft:repeating_command_block":49,"minecraft:polished_blackstone_button":2,"minecraft:end_portal_frame":1,"minecraft:sea_pickle":50,"minecraft:brush":1,"minecraft:kelp":1,"minecraft:dandelion":5,"minecraft:sculk_vein":414,"minecraft:candle":73,"minecraft:smooth_stone":1,"minecraft:splash_potion":1},"minecraft:killed":{"minecraft:shulker":16,"minecraft:pig":3,"minecraft:creeper":1,"minecraft:villager":1},"minecraft:crafted":{"minecraft:sand":4,"minecraft:tnt":1,"minecraft:gunpowder":5}},"DataVersion":3700}