{"stats":{"minecraft:mined":{"minecraft:end_stone":4,"minecraft:obsidian":3,"minecraft:blue_wool":4,"minecraft:red_bed":3,"minecraft:oak_planks":8,"minecraft:blue_bed":3,"minecraft:lime_bed":7,"minecraft:yellow_wool":5,"minecraft:yellow_bed":5},"minecraft:custom":{"minecraft:interact_with_anvil":2,"minecraft:open_barrel":6,"minecraft:open_shulker_box":4,"minecraft:leave_game":92,"minecraft:time_since_death":11688,"minecraft:climb_one_cm":48010,"minecraft:sprint_one_cm":7696879,"minecraft:walk_one_cm":1645086,"minecraft:drop":44,"minecraft:target_hit":5,"minecraft:talked_to_villager":10,"minecraft:boat_one_cm":22130,"minecraft:play_time":4239758,"minecraft:deaths":73,"minecraft:sneak_time":300775,"minecraft:walk_under_water_one_cm":166334,"minecraft:interact_with_lectern":1,"minecraft:jump":42304,"minecraft:interact_with_blast_furnace":17,"minecraft:walk_on_water_one_cm":224193,"minecraft:total_world_time":4239758,"minecraft:interact_with_furnace":23,"minecraft:tune_noteblock":1,"minecraft:interact_with_loom":1,"minecraft:sleep_in_bed":2,"minecraft:time_since_rest":11693,"minecraft:damage_taken":50053,"minecraft:trigger_trapped_chest":3,"minecraft:minecart_one_cm":10609,"minecraft:damage_dealt":136,"minecraft:swim_one_cm":591328,"minecraft:fly_one_cm":29559306,"minecraft:open_chest":5,"minecraft:crouch_one_cm":747474,"minecraft:fall_one_cm":637719},"minecraft:killed_by":{"minecraft:creeper":4},"minecraft:picked_up":{"minecraft:polished_deepslate":1,"minecraft:blackstone":1,"minecraft:stone":1,"minecraft:torch":1,"minecraft:spruce_fence":1,"minecraft:andesite":1,"minecraft:mossy_stone_bricks":1,"minecraft:spruce_door":1},"minecraft:dropped":{"minecraft:stripped_mangrove_wood":1,"minecraft:oak_pressure_plate":1,"minecraft:candle":1,"minecraft:sculk_shrieker":1,"minecraft:mud_brick_slab":1,"minecraft:ender_pearl":1,"minecraft:dripstone_block":1,"minecraft:barrier":1,"minecraft:dark_oak_button":1,"minecraft:red_wool":1,"minecraft:spruce_door":2,"minecraft:spruce_fence_gate":1,"minecraft:cobweb":1,"minecraft:torch":1,"minecraft:cherry_button":1,"minecraft:stripped_oak_wood":1,"minecraft:polished_deepslate":1,"minecraft:oak_door":1,"minecraft:blackstone":1,"minecraft:soul_soil":1,"minecraft:mangrove_button":1,"minecraft:birch_pressure_plate":1,"minecraft:stone_slab":1,"minecraft:glow_lichen":1,"minecraft:dirt_path":1,"minecraft:spruce_fence":1,"minecraft:snow":1,"minecraft:bamboo_raft":1,"minecraft:stone":8,"minecraft:spruce_trapdoor":65,"minecraft:andesite":1,"minecraft:mossy_stone_bricks":1,"minecraft:birch_button":1,"minecraft:warped_wart_block":2},"minecraft:used":{"minecraft:moss_block":282,"minecraft:oak_fence":6,"minecraft:stripped_acacia_wood":2,"minecraft:nether_brick_fence":66,"minecraft:jack_o_lantern":3,"minecraft:blue_terracotta":6,"minecraft:cherry_wood":1,"minecraft:iron_bars":13,"minecraft:red_sand":1,"minecraft:purple_candle":4,"minecraft:acacia_log":49,"minecraft:dead_tube_coral_block":85,"minecraft:polished_deepslate":278,"minecraft:flint_and_steel":10,"minecraft:melon":1,"minecraft:smooth_quartz_slab":61,"minecraft:carved_pumpkin":3,"minecraft:chiseled_tuff":1,"minecraft:dead_horn_coral_block":31,"minecraft:spruce_slab":191,"minecraft:redstone":17,"minecraft:ladder":7,"minecraft:poppy":7,"minecraft:oak_sign":16,"minecraft:mycelium":1,"minecraft:white_concrete_powder":1,"minecraft:spruce_planks":144,"minecraft:chest":6,"minecraft:white_terracotta":9,"minecraft:iron_sword":14,"minecraft:stone":7404,"minecraft:sculk":45,"minecraft:mangrove_fence":34,"minecraft:player_head":1,"minecraft:mossy_stone_brick_slab":51,"minecraft:netherrack":39,"minecraft:sculk_sensor":6,"minecraft:debug_stick":297,"minecraft:oak_door":1,"minecraft:green_glazed_terracotta":5,"minecraft:soul_campfire":2,"minecraft:torch":16,"minecraft:warped_wart_block":209,"minecraft:dirt":39,"minecraft:soul_sand":1,"minecraft:birch_pressure_plate":1,"minecraft:ancient_debris":3,"minecraft:lily_of_the_valley":17,"minecraft:twisting_vines":17,"minecraft:spruce_stairs":62,"minecraft:jungle_planks":11,"minecraft:nether_bricks":74,"minecraft:jungle_slab":9,"minecraft:deepslate_tile_slab":402,"minecraft:oak_wood":9,"minecraft:pink_terracotta":6,"minecraft:yellow_candle":4,"minecraft:snowball":13,"minecraft:tuff":136,"minecraft:glow_lichen":72,"minecraft:spruce_fence":339,"minecraft:granite":9,"minecraft:dead_brain_coral_block":3,"minecraft:light_blue_stained_glass":14,"minecraft:stripped_spruce_log":1,"minecraft:packed_ice":2,"minecraft:iron_axe":6,"minecraft:fern":4,"minecraft:polished_deepslate_stairs":10,"minecraft:shroomlight":11,"minecraft:birch_door":2,"minecraft:grass_block":161,"minecraft:wooden_axe":2,"minecraft:lava_bucket":6,"minecraft:honey_block":1,"minecraft:brown_terracotta":5,"minecraft:dark_oak_planks":17,"minecraft:bamboo_raft":10,"minecraft:flowering_azalea":2,"minecraft:sea_lantern":36,"minecraft:iron_block":32,"minecraft:netherite_shovel":12,"minecraft:mangrove_log":371,"minecraft:red_wool":57,"minecraft:light_weighted_pressure_plate":44,"minecraft:bookshelf":58,"minecraft:yellow_stained_glass":33,"minecraft:oxidized_copper_grate":4,"minecraft:mangrove_stairs":18,"minecraft:blue_orchid":19,"minecraft:warped_hyphae":22,"minecraft:spruce_wood":324,"minecraft:lantern":21,"minecraft:muddy_mangrove_roots":43,"minecraft:cherry_slab":3,"minecraft:slime_block":133,"minecraft:packed_mud":43,"minecraft:polished_deepslate_wall":28,"minecraft:warped_nylium":106,"minecraft:red_candle":6,"minecraft:dark_oak_slab":6,"minecraft:mossy_cobblestone_slab":85,"minecraft:cherry_button":1,"minecraft:smooth_quartz":45,"minecraft:mud_bricks":16,"minecraft:crimson_planks":9,"minecraft:barrel":23,"minecraft:stone_brick_stairs":4,"minecraft:stone_bricks":37,"minecraft:red_stained_glass_pane":4,"minecraft:repeater":16,"minecraft:scaffolding":17,"minecraft:soul_soil":66,"minecraft:pitcher_plant":11,"minecraft:basalt":94,"minecraft:stripped_mangrove_log":7,"minecraft:birch_button":1,"minecraft:snow":6,"minecraft:magma_block":12,"minecraft:glowstone":27,"minecraft:infested_mossy_stone_bricks":44,"minecraft:honeycomb_block":10,"minecraft:lime_concrete":1,"minecraft:brown_carpet":2,"minecraft:black_stained_glass":5,"minecraft:tall_grass":1,"minecraft:hay_block":13,"minecraft:emerald_block":1,"minecraft:iron_trapdoor":1,"minecraft:mangrove_roots":23,"minecraft:lime_stained_glass":6,"minecraft:furnace":36,"minecraft:mangrove_slab":164,"minecraft:podzol":17,"minecraft:acacia_fence":6,"minecraft:acacia_wood":361,"minecraft:gold_block":1,"minecraft:cyan_concrete_powder":1,"minecraft:cobbled_deepslate":42,"minecraft:stone_pressure_plate":4,"minecraft:cooked_beef":4,"minecraft:pearlescent_froglight":14,"minecraft:dead_bubble_coral_block":684,"minecraft:acacia_planks":2,"minecraft:observer":1,"minecraft:cherry_log":2,"minecraft:orange_terracotta":2,"minecraft:pumpkin":4,"minecraft:large_fern":3,"minecraft:bamboo_planks":2,"minecraft:stripped_spruce_wood":36,"minecraft:pointed_dripstone":381,"minecraft:mangrove_leaves":11,"minecraft:crimson_stem":4,"minecraft:short_grass":5,"minecraft:chiseled_bookshelf":4,"minecraft:water_bucket":180,"minecraft:warped_stem":15,"minecraft:torchflower":18,"minecraft:mangrove_wood":3,"minecraft:iron_ore":2,"minecraft:cobblestone_stairs":3,"minecraft:dirt_path":2,"minecraft:spruce_door":3,"minecraft:copper_door":4,"minecraft:snow_block":1,"minecraft:red_stained_glass":127,"minecraft:mud_brick_slab":102,"minecraft:mangrove_planks":423,"minecraft:birch_leaves":1,"minecraft:lime_wool":1,"minecraft:polished_andesite":17,"minecraft:gray_carpet":17,"minecraft:prismarine":49,"minecraft:jungle_fence":25,"minecraft:oak_planks":17,"minecraft:orange_tulip":3,"minecraft:andesite_slab":32,"minecraft:blackstone":288,"minecraft:mossy_stone_brick_stairs":3,"minecraft:cherry_planks":5,"minecraft:redstone_block":63,"minecraft:red_mushroom_block":17,"minecraft:composter":1,"minecraft:structure_void":15,"minecraft:glow_ink_sac":6,"minecraft:clay":7,"minecraft:fletching_table":1,"minecraft:red_glazed_terracotta":65,"minecraft:cobblestone_slab":23,"minecraft:spruce_fence_gate":6,"minecraft:conduit":1,"minecraft:white_wool":136,"minecraft:stripped_mangrove_wood":4,"minecraft:polished_deepslate_slab":10,"minecraft:glow_berries":14,"minecraft:mossy_cobblestone":3,"minecraft:diamond_block":1,"minecraft:sand":1,"minecraft:stripped_dark_oak_log":4,"minecraft:terracotta":136,"minecraft:rail":4,"minecraft:mangrove_trapdoor":81,"minecraft:yellow_terracotta":3,"minecraft:oak_slab":14,"minecraft:crafting_table":3,"minecraft:loom":2,"minecraft:dead_fire_coral_block":119,"minecraft:blast_furnace":12,"minecraft:birch_sign":5,"minecraft:bamboo_block":1,"minecraft:light_gray_terracotta":1,"minecraft:yellow_concrete":1,"minecraft:sculk_shrieker":1,"minecraft:campfire":2,"minecraft:ochre_froglight":38,"minecraft:dark_oak_fence_gate":1,"minecraft:dripstone_block":2397,"minecraft:stone_brick_wall":9,"minecraft:painting":13,"minecraft:shears":8,"minecraft:infested_stone_bricks":2,"minecraft:smoker":2,"minecraft:spruce_log":39,"minecraft:warped_planks":27,"minecraft:crimson_fence_gate":1,"minecraft:deepslate_tiles":25,"minecraft:redstone_torch":1,"minecraft:oak_log":83,"minecraft:sticky_piston":7,"minecraft:black_terracotta":14,"minecraft:mud":387,"minecraft:lever":2,"minecraft:diamond_pickaxe":3,"minecraft:light":12,"minecraft:red_sandstone":20,"minecraft:cornflower":8,"minecraft:mangrove_door":18,"minecraft:mangrove_pressure_plate":11,"minecraft:dark_oak_log":28,"minecraft:command_block":2,"minecraft:heavy_weighted_pressure_plate":3,"minecraft:iron_pickaxe":4,"minecraft:barrier":55,"minecraft:warped_slab":3,"minecraft:verdant_froglight":103,"minecraft:stone_button":1,"minecraft:spore_blossom":2,"minecraft:jungle_stairs":6,"minecraft:stone_slab":303,"minecraft:red_terracotta":116,"minecraft:spruce_trapdoor":3,"minecraft:cherry_sign":1,"minecraft:oak_pressure_plate":3,"minecraft:diamond_ore":1,"minecraft:iron_door":11,"minecraft:deepslate":78,"minecraft:gravel":213,"minecraft:crimson_nylium":1,"minecraft:lilac":7,"minecraft:polished_andesite_slab":27,"minecraft:soul_lantern":16,"minecraft:blackstone_slab":2,"minecraft:pink_petals":12,"minecraft:stripped_warped_hyphae":37,"minecraft:pink_bed":1,"minecraft:nether_wart_block":10,"minecraft:cobblestone":3,"minecraft:potion":1,"minecraft:cherry_stairs":5,"minecraft:cobbled_deepslate_slab":36,"minecraft:mud_brick_wall":8,"minecraft:stripped_oak_wood":1,"minecraft:dark_oak_fence":15,"minecraft:smithing_table":1,"minecraft:andesite":294,"minecraft:chain":6,"minecraft:glass_pane":17,"minecraft:smooth_stone_slab":9,"minecraft:sea_pickle":1,"minecraft:stripped_oak_log":2,"minecraft:white_concrete":1,"minecraft:brown_mushroom_block":2,"minecraft:warped_button":2,"minecraft:gray_wool":14,"minecraft:dandelion":5,"minecraft:bone_meal":26,"minecraft:sculk_vein":64,"minecraft:smooth_stone":7,"minecraft:candle":1,"minecraft:cobweb":4}},"DataVersion":3700}