{"stats":{"minecraft:picked_up":{"minecraft:gray_candle":6},"minecraft:used":{"minecraft:water_bucket":15,"minecraft:end_stone_bricks":1,"minecraft:dirt":36,"minecraft:grass_block":8,"minecraft:gray_candle":4,"minecraft:oak_sign":1,"minecraft:decorated_pot":1,"minecraft:stone_slab":1,"minecraft:red_dye":1,"minecraft:magenta_dye":1,"minecraft:glow_ink_sac":1,"minecraft:gravel":2},"minecraft:custom":{"minecraft:time_since_rest":30823,"minecraft:open_chest":2,"minecraft:crouch_one_cm":6,"minecraft:play_time":30823,"minecraft:sprint_one_cm":77340,"minecraft:walk_one_cm":44813,"minecraft:sneak_time":644,"minecraft:walk_under_water_one_cm":8053,"minecraft:interact_with_lectern":3,"minecraft:jump":392,"minecraft:eat_cake_slice":7,"minecraft:leave_game":4,"minecraft:walk_on_water_one_cm":7282,"minecraft:time_since_death":30823,"minecraft:total_world_time":30823,"minecraft:swim_one_cm":4153,"minecraft:fly_one_cm":411325}},"DataVersion":3700}