{"stats":{"minecraft:used":{"minecraft:short_grass":4,"minecraft:waxed_oxidized_copper":1,"minecraft:jungle_leaves":16,"minecraft:red_sand":1,"minecraft:writable_book":1,"minecraft:iron_bars":8,"minecraft:dirt_path":1,"minecraft:grass_block":74,"minecraft:light_weighted_pressure_plate":71,"minecraft:blue_orchid":1,"minecraft:verdant_froglight":2,"minecraft:oak_sign":15,"minecraft:orange_tulip":1,"minecraft:lectern":1,"minecraft:stone":202,"minecraft:glow_ink_sac":1,"minecraft:chiseled_tuff_bricks":1,"minecraft:spruce_leaves":1,"minecraft:jungle_wood":8,"minecraft:birch_trapdoor":1,"minecraft:stripped_mangrove_wood":1,"minecraft:dirt":12,"minecraft:sand":78,"minecraft:vine":7,"minecraft:tall_grass":1,"minecraft:light_blue_dye":1,"minecraft:written_book":2,"minecraft:stripped_oak_wood":6,"minecraft:oak_wood":5,"minecraft:gold_block":1,"minecraft:smooth_stone_slab":1,"minecraft:coarse_dirt":1,"minecraft:dandelion":1,"minecraft:smooth_stone":4},"minecraft:custom":{"minecraft:time_since_rest":21984,"minecraft:sprint_one_cm":216106,"minecraft:damage_taken":12390,"minecraft:walk_one_cm":112201,"minecraft:damage_dealt":40,"minecraft:swim_one_cm":43824,"minecraft:interact_with_crafting_table":1,"minecraft:fly_one_cm":3179448,"minecraft:open_chest":1,"minecraft:crouch_one_cm":744,"minecraft:play_time":522066,"minecraft:deaths":7,"minecraft:sneak_time":3669,"minecraft:walk_under_water_one_cm":2855,"minecraft:interact_with_lectern":2,"minecraft:jump":1241,"minecraft:leave_game":24,"minecraft:time_since_death":21983,"minecraft:walk_on_water_one_cm":7316,"minecraft:total_world_time":522066,"minecraft:climb_one_cm":781,"minecraft:fall_one_cm":11867}},"DataVersion":3700}