{"stats":{"minecraft:used":{"minecraft:mangrove_leaves":9,"minecraft:azalea":2,"minecraft:oak_fence":8,"minecraft:moss_carpet":7,"minecraft:water_bucket":42,"minecraft:chiseled_bookshelf":15,"minecraft:writable_book":1,"minecraft:blue_terracotta":87,"minecraft:tube_coral_fan":4,"minecraft:rose_bush":2,"minecraft:amethyst_block":26,"minecraft:waxed_weathered_copper":31,"minecraft:dirt_path":2,"minecraft:purple_candle":6,"minecraft:spruce_door":1,"minecraft:light_gray_stained_glass_pane":4,"minecraft:flint_and_steel":1,"minecraft:birch_planks":175,"minecraft:stripped_birch_log":66,"minecraft:jungle_fence":6,"minecraft:cyan_candle":12,"minecraft:polished_andesite":8,"minecraft:prismarine":202,"minecraft:mangrove_planks":22,"minecraft:ladder":9,"minecraft:light_gray_carpet":12,"minecraft:oak_sign":1,"minecraft:light_blue_terracotta":117,"minecraft:smooth_sandstone_slab":12,"minecraft:chest":1,"minecraft:decorated_pot":7,"minecraft:spruce_planks":8,"minecraft:sandstone":102,"minecraft:stone":176,"minecraft:stripped_jungle_wood":13,"minecraft:cauldron":1,"minecraft:beacon":4,"minecraft:stripped_birch_wood":40,"minecraft:glow_ink_sac":1,"minecraft:smooth_sandstone_stairs":21,"minecraft:farmland":34,"minecraft:warped_roots":31,"minecraft:cracked_stone_bricks":2,"minecraft:debug_stick":560,"minecraft:brain_coral":2,"minecraft:orange_carpet":43,"minecraft:sand":18,"minecraft:white_carpet":30,"minecraft:pitcher_pod":18,"minecraft:oak_slab":2,"minecraft:crafting_table":11,"minecraft:jungle_planks":289,"minecraft:spruce_stairs":2,"minecraft:birch_sign":2,"minecraft:yellow_stained_glass_pane":19,"minecraft:warped_door":4,"minecraft:cracked_deepslate_tiles":5,"minecraft:deepslate_tile_slab":162,"minecraft:white_bed":1,"minecraft:yellow_carpet":14,"minecraft:gray_concrete":1,"minecraft:painting":24,"minecraft:spruce_log":21,"minecraft:light_blue_stained_glass":22,"minecraft:smoker":2,"minecraft:book":10,"minecraft:oak_fence_gate":2,"minecraft:cyan_stained_glass":5,"minecraft:birch_door":2,"minecraft:oak_log":2,"minecraft:deepslate_tiles":23,"minecraft:polished_blackstone_slab":39,"minecraft:light_blue_candle":17,"minecraft:mud":22,"minecraft:flower_pot":6,"minecraft:light":15,"minecraft:flowering_azalea":1,"minecraft:cyan_terracotta":100,"minecraft:bookshelf":30,"minecraft:stripped_jungle_log":1,"minecraft:mangrove_stairs":42,"minecraft:light_gray_concrete":1,"minecraft:lime_carpet":6,"minecraft:spruce_wood":6,"minecraft:lantern":16,"minecraft:grass_block":17,"minecraft:oak_stairs":2,"minecraft:acacia_slab":49,"minecraft:slime_block":18,"minecraft:warped_slab":73,"minecraft:warped_fence":37,"minecraft:smooth_sandstone":7,"minecraft:polished_andesite_stairs":31,"minecraft:green_wool":1,"minecraft:warped_nylium":55,"minecraft:lectern":1,"minecraft:jungle_stairs":7,"minecraft:light_blue_bed":2,"minecraft:spruce_trapdoor":51,"minecraft:gray_concrete_powder":1,"minecraft:smooth_basalt":24,"minecraft:stone_bricks":10,"minecraft:iron_door":12,"minecraft:deepslate":327,"minecraft:prismarine_wall":12,"minecraft:flowering_azalea_leaves":18,"minecraft:barrel":16,"minecraft:polished_andesite_slab":25,"minecraft:yellow_wool":4,"minecraft:soul_lantern":5,"minecraft:item_frame":5,"minecraft:blackstone_slab":1,"minecraft:green_carpet":20,"minecraft:chiseled_stone_bricks":12,"minecraft:brown_carpet":9,"minecraft:smooth_red_sandstone_slab":37,"minecraft:fire_coral_block":2,"minecraft:azalea_leaves":35,"minecraft:cobblestone":9,"minecraft:magma_block":83,"minecraft:iron_trapdoor":61,"minecraft:cobbled_deepslate_slab":68,"minecraft:warped_fungus":13,"minecraft:scaffolding":20,"minecraft:written_book":4,"minecraft:pitcher_plant":8,"minecraft:mud_brick_wall":5,"minecraft:mangrove_slab":18,"minecraft:gray_bed":1,"minecraft:bubble_coral_block":3,"minecraft:white_stained_glass":61,"minecraft:acacia_fence":5,"minecraft:acacia_wood":126,"minecraft:gold_block":1,"minecraft:cyan_concrete_powder":134,"minecraft:polished_blackstone_button":1,"minecraft:horn_coral_block":4,"minecraft:acacia_planks":8,"minecraft:tropical_fish_bucket":6,"minecraft:pearlescent_froglight":5,"minecraft:kelp":6,"minecraft:candle":2,"minecraft:cherry_fence":2,"minecraft:orange_stained_glass_pane":14,"minecraft:smooth_stone":1,"minecraft:bone_meal":12,"minecraft:polished_blackstone_stairs":145,"minecraft:horn_coral_fan":5},"minecraft:custom":{"minecraft:interact_with_crafting_table":4,"minecraft:open_barrel":2,"minecraft:pot_flower":6,"minecraft:leave_game":28,"minecraft:time_since_death":94917,"minecraft:climb_one_cm":19367,"minecraft:time_since_rest":94918,"minecraft:sprint_one_cm":1071762,"minecraft:damage_taken":10290,"minecraft:walk_one_cm":541909,"minecraft:trigger_trapped_chest":1,"minecraft:drop":2,"minecraft:interact_with_beacon":1,"minecraft:swim_one_cm":23089,"minecraft:talked_to_villager":8,"minecraft:fly_one_cm":4793252,"minecraft:open_chest":1,"minecraft:crouch_one_cm":44668,"minecraft:play_time":607389,"minecraft:deaths":5,"minecraft:sneak_time":23246,"minecraft:walk_under_water_one_cm":37390,"minecraft:interact_with_lectern":16,"minecraft:jump":9993,"minecraft:walk_on_water_one_cm":19210,"minecraft:total_world_time":607389,"minecraft:fall_one_cm":319874},"minecraft:crafted":{"minecraft:decorated_pot":4},"minecraft:dropped":{"minecraft:horn_coral_fan":1,"minecraft:horn_coral":1},"minecraft:picked_up":{"minecraft:book":3,"minecraft:debug_stick":1}},"DataVersion":3700}