{"stats":{"minecraft:used":{"minecraft:gray_terracotta":1,"minecraft:redstone_torch":1,"minecraft:cyan_terracotta":1,"minecraft:black_terracotta":3,"minecraft:dark_oak_stairs":2,"minecraft:warped_stem":8,"minecraft:stone_brick_slab":6,"minecraft:nether_brick_fence":1,"minecraft:water_bucket":3,"minecraft:blue_terracotta":239,"minecraft:acacia_stairs":1,"minecraft:writable_book":2,"minecraft:crimson_fence":20,"minecraft:dark_oak_log":48,"minecraft:lantern":2,"minecraft:grass_block":1,"minecraft:oak_stairs":7,"minecraft:spruce_slab":2,"minecraft:slime_block":21,"minecraft:crimson_slab":6,"minecraft:blue_wool":69,"minecraft:light_blue_terracotta":11,"minecraft:spruce_planks":13,"minecraft:white_terracotta":4,"minecraft:dark_oak_wood":27,"minecraft:stone_slab":1,"minecraft:red_terracotta":11,"minecraft:dark_oak_slab":5,"minecraft:stone":33,"minecraft:nether_wart":23,"minecraft:gray_concrete_powder":1,"minecraft:stone_brick_stairs":1,"minecraft:green_terracotta":60,"minecraft:netherrack":6,"minecraft:stripped_crimson_stem":6,"minecraft:bedrock":2,"minecraft:polished_blackstone_pressure_plate":1,"minecraft:purple_concrete":22,"minecraft:glowstone":6,"minecraft:lime_terracotta":84,"minecraft:soul_sand":39,"minecraft:yellow_terracotta":24,"minecraft:stripped_crimson_hyphae":4,"minecraft:magenta_terracotta":11,"minecraft:crimson_stairs":3,"minecraft:blue_stained_glass":2,"minecraft:podzol":40,"minecraft:birch_sign":1,"minecraft:green_concrete_powder":34,"minecraft:stone_stairs":5,"minecraft:nether_brick_slab":59,"minecraft:pink_terracotta":5,"minecraft:purple_terracotta":134,"minecraft:white_concrete":7,"minecraft:spruce_fence":4,"minecraft:orange_terracotta":19,"minecraft:light_blue_stained_glass":90,"minecraft:nether_brick_stairs":42,"minecraft:soul_torch":1},"minecraft:custom":{"minecraft:time_since_rest":299380,"minecraft:damage_taken":1250,"minecraft:sprint_one_cm":880845,"minecraft:walk_one_cm":269745,"minecraft:swim_one_cm":4342,"minecraft:fly_one_cm":3687266,"minecraft:open_chest":2,"minecraft:crouch_one_cm":24863,"minecraft:play_time":356298,"minecraft:deaths":2,"minecraft:sneak_time":13487,"minecraft:walk_under_water_one_cm":23724,"minecraft:interact_with_lectern":3,"minecraft:jump":5689,"minecraft:leave_game":13,"minecraft:time_since_death":299378,"minecraft:walk_on_water_one_cm":10405,"minecraft:total_world_time":356298,"minecraft:climb_one_cm":3314,"minecraft:damage_resisted":1361408,"minecraft:fall_one_cm":51885},"minecraft:picked_up":{"minecraft:cooked_beef":2}},"DataVersion":3700}