{"stats":{"minecraft:custom":{"minecraft:interact_with_crafting_table":4,"minecraft:open_barrel":16,"minecraft:fill_cauldron":4,"minecraft:leave_game":123,"minecraft:time_since_death":276801,"minecraft:climb_one_cm":52274,"minecraft:sprint_one_cm":2741500,"minecraft:walk_one_cm":388089,"minecraft:drop":2,"minecraft:talked_to_villager":24,"minecraft:play_time":1837449,"minecraft:deaths":8,"minecraft:sneak_time":96035,"minecraft:walk_under_water_one_cm":58511,"minecraft:interact_with_lectern":3,"minecraft:jump":24066,"minecraft:interact_with_blast_furnace":1,"minecraft:walk_on_water_one_cm":40967,"minecraft:total_world_time":1837449,"minecraft:interact_with_furnace":3,"minecraft:play_record":3,"minecraft:tune_noteblock":2,"minecraft:time_since_rest":277008,"minecraft:damage_taken":10123,"minecraft:swim_one_cm":53081,"minecraft:fly_one_cm":27030676,"minecraft:open_chest":1,"minecraft:crouch_one_cm":7480,"minecraft:interact_with_smoker":1,"minecraft:fall_one_cm":56366,"minecraft:inspect_dispenser":1},"minecraft:picked_up":{"minecraft:music_disc_otherside":2,"minecraft:azalea":1,"minecraft:sunflower":25},"minecraft:dropped":{"minecraft:raw_gold":1,"minecraft:netherrack":1},"minecraft:used":{"minecraft:azalea":5,"minecraft:moss_block":1032,"minecraft:oak_fence":38,"minecraft:peony":1,"minecraft:oak_trapdoor":2,"minecraft:stripped_acacia_wood":78,"minecraft:nether_brick_fence":37,"minecraft:moss_carpet":12,"minecraft:enchanting_table":1,"minecraft:rose_bush":2,"minecraft:writable_book":2,"minecraft:iron_bars":1,"minecraft:red_sand":115,"minecraft:polished_granite_stairs":10,"minecraft:acacia_log":33,"minecraft:white_tulip":1,"minecraft:music_disc_otherside":2,"minecraft:crimson_fence":20,"minecraft:flint_and_steel":7,"minecraft:dead_bush":10,"minecraft:light_gray_stained_glass_pane":10,"minecraft:cut_red_sandstone_slab":25,"minecraft:red_sandstone_slab":47,"minecraft:spruce_slab":37,"minecraft:dead_brain_coral":2,"minecraft:bone_block":23,"minecraft:ladder":3,"minecraft:poppy":2,"minecraft:light_gray_carpet":11,"minecraft:oak_sign":3,"minecraft:stripped_warped_stem":22,"minecraft:decorated_pot":7,"minecraft:spruce_planks":144,"minecraft:stone":3265,"minecraft:nether_wart":13,"minecraft:stripped_jungle_wood":1,"minecraft:jungle_hanging_sign":1,"minecraft:red_nether_brick_stairs":59,"minecraft:mangrove_fence":48,"minecraft:farmland":29,"minecraft:player_head":7,"minecraft:smooth_sandstone_stairs":1,"minecraft:green_terracotta":3,"minecraft:stripped_crimson_stem":31,"minecraft:netherrack":2006,"minecraft:debug_stick":101,"minecraft:spruce_leaves":531,"minecraft:torch":30,"minecraft:anvil":18,"minecraft:soul_sand":13,"minecraft:dirt":176,"minecraft:cocoa_beans":3,"minecraft:red_nether_brick_slab":29,"minecraft:lily_of_the_valley":1,"minecraft:spruce_stairs":58,"minecraft:jungle_planks":56,"minecraft:nether_bricks":832,"minecraft:cobblestone_wall":5,"minecraft:crimson_hyphae":6,"minecraft:nether_brick_slab":133,"minecraft:allium":3,"minecraft:deepslate_tile_slab":4,"minecraft:oak_wood":27,"minecraft:pink_terracotta":17,"minecraft:tuff":7,"minecraft:polished_granite_slab":31,"minecraft:glow_lichen":1,"minecraft:spruce_fence":101,"minecraft:granite":62,"minecraft:weeping_vines":384,"minecraft:nether_brick_stairs":263,"minecraft:stripped_spruce_log":47,"minecraft:obsidian":13,"minecraft:fern":7,"minecraft:big_dripleaf":8,"minecraft:small_dripleaf":19,"minecraft:shroomlight":73,"minecraft:waxed_oxidized_copper":7,"minecraft:dark_oak_planks":33,"minecraft:lava_bucket":647,"minecraft:flowering_azalea":13,"minecraft:stripped_dark_oak_wood":128,"minecraft:bamboo_fence":11,"minecraft:netherite_shovel":4,"minecraft:bricks":35,"minecraft:red_tulip":1,"minecraft:grass_block":37,"minecraft:music_disc_pigstep":1,"minecraft:red_wool":29,"minecraft:mangrove_stairs":49,"minecraft:spruce_wood":75,"minecraft:waxed_cut_copper":32,"minecraft:black_stained_glass_pane":3,"minecraft:lantern":7,"minecraft:spruce_button":1,"minecraft:blue_orchid":1,"minecraft:acacia_slab":313,"minecraft:brick_stairs":8,"minecraft:slime_block":224,"minecraft:warped_fence":7,"minecraft:bamboo_hanging_sign":1,"minecraft:polished_andesite_stairs":6,"minecraft:dark_oak_wood":24,"minecraft:dark_oak_slab":161,"minecraft:mossy_cobblestone_slab":10,"minecraft:crimson_roots":114,"minecraft:crimson_planks":8,"minecraft:barrel":26,"minecraft:stone_brick_stairs":2,"minecraft:stone_bricks":61,"minecraft:smooth_basalt":2,"minecraft:bamboo":13,"minecraft:light_gray_wool":1,"minecraft:basalt":285,"minecraft:glowstone":49,"minecraft:red_stained_glass_pane":10,"minecraft:redstone_lamp":24,"minecraft:magma_block":291,"minecraft:warped_stairs":10,"minecraft:tall_grass":11,"minecraft:hay_block":19,"minecraft:sweet_berries":41,"minecraft:iron_trapdoor":22,"minecraft:mangrove_roots":165,"minecraft:white_stained_glass_pane":7,"minecraft:mangrove_slab":119,"minecraft:podzol":255,"minecraft:gray_bed":3,"minecraft:acacia_fence":75,"minecraft:acacia_wood":77,"minecraft:skeleton_skull":2,"minecraft:cobbled_deepslate":15,"minecraft:dead_bubble_coral_block":168,"minecraft:acacia_planks":143,"minecraft:orange_terracotta":762,"minecraft:green_stained_glass_pane":2,"minecraft:light_gray_bed":13,"minecraft:polished_blackstone_stairs":32,"minecraft:hanging_roots":6,"minecraft:stripped_spruce_wood":9,"minecraft:pointed_dripstone":9,"minecraft:short_grass":101,"minecraft:wheat_seeds":17,"minecraft:dark_oak_stairs":98,"minecraft:water_bucket":2,"minecraft:bamboo_mosaic":18,"minecraft:pink_tulip":7,"minecraft:torchflower":11,"minecraft:cobblestone_stairs":43,"minecraft:dirt_path":130,"minecraft:stripped_acacia_log":78,"minecraft:birch_planks":31,"minecraft:cut_copper_slab":6,"minecraft:red_stained_glass":2,"minecraft:jungle_fence":12,"minecraft:blackstone_stairs":31,"minecraft:polished_andesite":18,"minecraft:gray_carpet":6,"minecraft:lime_wool":6,"minecraft:mangrove_planks":186,"minecraft:red_nether_bricks":265,"minecraft:blackstone":41,"minecraft:orange_tulip":6,"minecraft:blue_wool":1,"minecraft:waxed_oxidized_cut_copper":10,"minecraft:sandstone":35,"minecraft:cut_sandstone":6,"minecraft:redstone_block":11,"minecraft:composter":3,"minecraft:structure_void":66,"minecraft:cauldron":10,"minecraft:chiseled_nether_bricks":4,"minecraft:sugar_cane":15,"minecraft:cobblestone_slab":215,"minecraft:gold_ore":12,"minecraft:cracked_stone_bricks":141,"minecraft:oak_leaves":45,"minecraft:bamboo_mosaic_stairs":1,"minecraft:jungle_wood":4,"minecraft:stripped_mangrove_wood":79,"minecraft:glow_berries":186,"minecraft:mossy_cobblestone":13,"minecraft:diamond_block":1,"minecraft:lime_terracotta":26,"minecraft:rail":26,"minecraft:mangrove_trapdoor":1,"minecraft:vine":43,"minecraft:tnt":114,"minecraft:pitcher_pod":18,"minecraft:cut_sandstone_slab":28,"minecraft:oak_slab":5,"minecraft:loom":5,"minecraft:red_bed":1,"minecraft:birch_sign":1,"minecraft:blast_furnace":10,"minecraft:bamboo_block":144,"minecraft:yellow_stained_glass_pane":2,"minecraft:acacia_leaves":124,"minecraft:dead_bubble_coral":1,"minecraft:campfire":52,"minecraft:light_gray_concrete_powder":11,"minecraft:note_block":4,"minecraft:stone_brick_wall":9,"minecraft:cobbled_deepslate_stairs":2,"minecraft:smoker":29,"minecraft:spruce_log":45,"minecraft:mushroom_stem":4,"minecraft:birch_fence":16,"minecraft:redstone_torch":1,"minecraft:red_sandstone":1,"minecraft:acacia_stairs":2,"minecraft:black_concrete":7,"minecraft:daylight_detector":15,"minecraft:mangrove_pressure_plate":3,"minecraft:dark_oak_log":5,"minecraft:stripped_bamboo_block":68,"minecraft:birch_slab":73,"minecraft:oak_button":4,"minecraft:spruce_pressure_plate":1,"minecraft:lectern":1,"minecraft:jungle_stairs":21,"minecraft:stone_slab":427,"minecraft:oak_pressure_plate":7,"minecraft:iron_door":15,"minecraft:deepslate":3,"minecraft:gravel":305,"minecraft:crimson_nylium":686,"minecraft:flowering_azalea_leaves":15,"minecraft:lilac":20,"minecraft:yellow_wool":2,"minecraft:blackstone_slab":248,"minecraft:crimson_sign":1,"minecraft:stripped_warped_hyphae":4,"minecraft:dead_horn_coral":3,"minecraft:nether_wart_block":264,"minecraft:coal_block":6,"minecraft:crimson_fungus":32,"minecraft:cobblestone":134,"minecraft:azalea_leaves":114,"minecraft:dead_horn_coral_fan":2,"minecraft:orange_banner":6,"minecraft:stripped_crimson_hyphae":33,"minecraft:cobbled_deepslate_slab":100,"minecraft:cyan_stained_glass_pane":6,"minecraft:red_concrete_powder":1,"minecraft:grindstone":1,"minecraft:stripped_oak_wood":6,"minecraft:dark_oak_fence":53,"minecraft:smithing_table":2,"minecraft:glass_pane":22,"minecraft:smooth_stone_slab":2,"minecraft:sea_pickle":18,"minecraft:waxed_cut_copper_stairs":2,"minecraft:stripped_oak_log":3,"minecraft:coarse_dirt":9,"minecraft:jukebox":1,"minecraft:bone_meal":298,"minecraft:birch_stairs":9,"minecraft:soul_torch":4}},"DataVersion":3700}