{"stats":{"minecraft:mined":{"minecraft:red_bed":6,"minecraft:oak_planks":5,"minecraft:blue_bed":1,"minecraft:seagrass":4,"minecraft:tall_seagrass":2,"minecraft:lime_bed":5,"minecraft:yellow_wool":4,"minecraft:yellow_bed":3},"minecraft:custom":{"minecraft:interact_with_furnace":1,"minecraft:interact_with_anvil":2,"minecraft:mob_kills":1,"minecraft:inspect_hopper":9,"minecraft:traded_with_villager":6,"minecraft:interact_with_crafting_table":2,"minecraft:open_barrel":3,"minecraft:leave_game":13,"minecraft:time_since_death":1675,"minecraft:sleep_in_bed":2,"minecraft:climb_one_cm":39146,"minecraft:time_since_rest":1677,"minecraft:walk_one_cm":443090,"minecraft:sprint_one_cm":2837941,"minecraft:damage_taken":144024,"minecraft:trigger_trapped_chest":1,"minecraft:drop":158,"minecraft:minecart_one_cm":3638,"minecraft:damage_dealt":79,"minecraft:target_hit":20,"minecraft:swim_one_cm":234319,"minecraft:talked_to_villager":88,"minecraft:fly_one_cm":7675737,"minecraft:open_chest":3,"minecraft:crouch_one_cm":71404,"minecraft:play_time":757918,"minecraft:deaths":97,"minecraft:sneak_time":36110,"minecraft:walk_under_water_one_cm":113379,"minecraft:boat_one_cm":12800,"minecraft:interact_with_lectern":3,"minecraft:jump":22652,"minecraft:interact_with_blast_furnace":1,"minecraft:walk_on_water_one_cm":57009,"minecraft:total_world_time":757918,"minecraft:fall_one_cm":1101819},"minecraft:killed_by":{"minecraft:player":2,"minecraft:creeper":14},"minecraft:dropped":{"minecraft:iron_sword":156,"minecraft:shears":1,"minecraft:sand":4},"minecraft:used":{"minecraft:mangrove_leaves":2,"minecraft:oak_trapdoor":17,"minecraft:oak_fence":14,"minecraft:pink_tulip":1,"minecraft:dirt_path":74,"minecraft:white_tulip":4,"minecraft:light_gray_stained_glass_pane":8,"minecraft:flint_and_steel":1,"minecraft:poppy":4,"minecraft:orange_tulip":4,"minecraft:blackstone":3,"minecraft:spruce_planks":1,"minecraft:iron_sword":15,"minecraft:glow_ink_sac":1,"minecraft:farmland":140,"minecraft:oak_leaves":18,"minecraft:debug_stick":369,"minecraft:white_wool":90,"minecraft:exposed_cut_copper_stairs":1,"minecraft:dirt":97,"minecraft:sand":3,"minecraft:anvil":2,"minecraft:lily_of_the_valley":8,"minecraft:vine":1,"minecraft:tnt":1,"minecraft:red_bed":1,"minecraft:carrot":24,"minecraft:allium":5,"minecraft:tuff":14,"minecraft:shears":4,"minecraft:snowball":48,"minecraft:lever":2,"minecraft:yellow_dye":1,"minecraft:light":2,"minecraft:red_tulip":3,"minecraft:acacia_sign":1,"minecraft:lantern":3,"minecraft:grass_block":88,"minecraft:iron_axe":5,"minecraft:slime_block":8,"minecraft:stone_button":9,"minecraft:quartz_block":7,"minecraft:gravel":12,"minecraft:stone_bricks":2,"minecraft:copper_bulb":2,"minecraft:yellow_wool":1,"minecraft:netherite_boots":1,"minecraft:suspicious_gravel":12,"minecraft:hay_block":25,"minecraft:oak_sapling":3,"minecraft:white_stained_glass_pane":27,"minecraft:potato":17,"minecraft:coarse_dirt":25,"minecraft:candle":4,"minecraft:bone_meal":127},"minecraft:crafted":{"minecraft:sand":12,"minecraft:tnt":1,"minecraft:gunpowder":5}},"DataVersion":3700}