{"stats":{"minecraft:used":{"minecraft:barrel":2,"minecraft:jack_o_lantern":2,"minecraft:amethyst_block":1,"minecraft:magenta_glazed_terracotta":1,"minecraft:spruce_planks":1},"minecraft:custom":{"minecraft:open_chest":6,"minecraft:time_since_rest":27418,"minecraft:crouch_one_cm":55259,"minecraft:play_time":208885,"minecraft:sprint_one_cm":791632,"minecraft:deaths":9,"minecraft:damage_taken":9264,"minecraft:walk_one_cm":249725,"minecraft:sneak_time":15876,"minecraft:walk_under_water_one_cm":42829,"minecraft:drop":31,"minecraft:aviate_one_cm":15890,"minecraft:jump":4768,"minecraft:leave_game":2,"minecraft:walk_on_water_one_cm":25065,"minecraft:time_since_death":27418,"minecraft:climb_one_cm":11027,"minecraft:total_world_time":208885,"minecraft:talked_to_villager":1,"minecraft:swim_one_cm":59724,"minecraft:tune_noteblock":990,"minecraft:fall_one_cm":142027,"minecraft:fly_one_cm":1215479,"minecraft:open_barrel":2},"minecraft:dropped":{"minecraft:sunflower":31},"minecraft:mined":{"minecraft:gravel":1,"minecraft:barrel":1,"minecraft:jack_o_lantern":1},"minecraft:picked_up":{"minecraft:barrier":1,"minecraft:player_head":1,"minecraft:sunflower":194}},"DataVersion":3700}