{"stats":{"minecraft:mined":{"minecraft:red_bed":2},"minecraft:custom":{"minecraft:time_since_rest":2477,"minecraft:open_chest":4,"minecraft:crouch_one_cm":6325,"minecraft:open_shulker_box":1,"minecraft:play_time":47377,"minecraft:sprint_one_cm":207026,"minecraft:walk_one_cm":49646,"minecraft:damage_taken":1920,"minecraft:deaths":3,"minecraft:sneak_time":2192,"minecraft:walk_under_water_one_cm":11523,"minecraft:drop":6,"minecraft:interact_with_lectern":3,"minecraft:jump":895,"minecraft:inspect_hopper":2,"minecraft:damage_dealt":10,"minecraft:leave_game":3,"minecraft:walk_on_water_one_cm":10557,"minecraft:time_since_death":7484,"minecraft:sleep_in_bed":1,"minecraft:climb_one_cm":2993,"minecraft:total_world_time":47377,"minecraft:swim_one_cm":7874,"minecraft:fall_one_cm":32093,"minecraft:fly_one_cm":572741},"minecraft:dropped":{"minecraft:red_bed":1,"minecraft:iron_sword":4,"minecraft:shears":1},"minecraft:used":{"minecraft:red_bed":1,"minecraft:blue_shulker_box":1,"minecraft:iron_sword":2}},"DataVersion":3700}