{"stats":{"minecraft:used":{"minecraft:moss_block":38,"minecraft:light_blue_stained_glass_pane":9,"minecraft:moss_carpet":20,"minecraft:jack_o_lantern":3,"minecraft:light_gray_stained_glass_pane":55,"minecraft:melon":5,"minecraft:spruce_slab":264,"minecraft:suspicious_sand":101,"minecraft:elytra":1,"minecraft:ladder":28,"minecraft:oak_sign":23,"minecraft:white_terracotta":52,"minecraft:stone":1755,"minecraft:stripped_jungle_wood":5,"minecraft:bubble_coral":5,"minecraft:green_terracotta":155,"minecraft:spruce_leaves":3268,"minecraft:debug_stick":135,"minecraft:blue_stained_glass":58,"minecraft:orange_wool":402,"minecraft:pink_terracotta":4,"minecraft:tuff":596,"minecraft:stripped_spruce_log":130,"minecraft:glass":99,"minecraft:cyan_terracotta":199,"minecraft:honeycomb":6,"minecraft:lava_bucket":3,"minecraft:stripped_dark_oak_wood":6,"minecraft:spruce_wood":2410,"minecraft:warped_hyphae":8,"minecraft:red_wool":9272,"minecraft:black_stained_glass_pane":61,"minecraft:lantern":68,"minecraft:grass_block":56,"minecraft:packed_mud":53,"minecraft:green_wool":25,"minecraft:dark_oak_leaves":1,"minecraft:dark_oak_slab":5,"minecraft:mossy_cobblestone_slab":6,"minecraft:pink_wool":2498,"minecraft:spruce_hanging_sign":8,"minecraft:birch_button":16,"minecraft:snow":37,"minecraft:brown_carpet":1,"minecraft:horn_coral":23,"minecraft:hay_block":42,"minecraft:written_book":2,"minecraft:sweet_berries":38,"minecraft:yellow_glazed_terracotta":88,"minecraft:mangrove_slab":5,"minecraft:oxidized_cut_copper_stairs":4,"minecraft:gold_block":45,"minecraft:pearlescent_froglight":7,"minecraft:fire_coral_fan":12,"minecraft:green_stained_glass_pane":8,"minecraft:seagrass":308,"minecraft:large_fern":104,"minecraft:stripped_spruce_wood":64,"minecraft:lime_glazed_terracotta":1,"minecraft:mangrove_leaves":87,"minecraft:short_grass":687,"minecraft:bamboo_trapdoor":1,"minecraft:mossy_stone_bricks":2,"minecraft:diorite":57,"minecraft:birch_leaves":3,"minecraft:red_stained_glass":43,"minecraft:prismarine":1069,"minecraft:oak_planks":147,"minecraft:birch_wood":16,"minecraft:blackstone":3,"minecraft:sandstone":848,"minecraft:structure_void":177,"minecraft:clay":5,"minecraft:oak_leaves":681,"minecraft:white_wool":52,"minecraft:brain_coral":6,"minecraft:sand":3463,"minecraft:loom":3,"minecraft:waxed_weathered_cut_copper_slab":1,"minecraft:light_blue_wool":416,"minecraft:acacia_leaves":1,"minecraft:black_concrete_powder":41,"minecraft:black_terracotta":19,"minecraft:lever":5,"minecraft:green_concrete":6,"minecraft:blue_glazed_terracotta":26,"minecraft:firework_rocket":1508,"minecraft:birch_slab":29,"minecraft:light_gray_concrete":76,"minecraft:deepslate_iron_ore":20,"minecraft:string":56,"minecraft:brown_wool":545,"minecraft:barrier":11,"minecraft:warped_slab":2,"minecraft:stone_button":3,"minecraft:white_glazed_terracotta":23,"minecraft:red_terracotta":24,"minecraft:iron_door":1,"minecraft:deepslate":74,"minecraft:polished_andesite_slab":13,"minecraft:blackstone_slab":1,"minecraft:nether_wart_block":13,"minecraft:coal_block":69,"minecraft:dark_oak_fence":80,"minecraft:bubble_coral_block":118,"minecraft:white_stained_glass":324,"minecraft:green_concrete_powder":19,"minecraft:andesite":231,"minecraft:chain":64,"minecraft:pink_stained_glass":44,"minecraft:smooth_stone_slab":26,"minecraft:white_concrete":272,"minecraft:coarse_dirt":1342,"minecraft:oak_hanging_sign":6,"minecraft:bone_meal":120,"minecraft:cobweb":6,"minecraft:oak_fence":23,"minecraft:oak_trapdoor":22,"minecraft:jungle_leaves":2,"minecraft:iron_bars":9,"minecraft:waxed_weathered_copper":7,"minecraft:flint_and_steel":80,"minecraft:orange_concrete":80,"minecraft:brain_coral_fan":17,"minecraft:carved_pumpkin":1,"minecraft:red_concrete":41,"minecraft:spruce_planks":229,"minecraft:tinted_glass":41,"minecraft:sculk":107,"minecraft:stripped_birch_wood":2,"minecraft:orange_stained_glass":49,"minecraft:green_glazed_terracotta":42,"minecraft:dirt":1,"minecraft:prismarine_bricks":44,"minecraft:spruce_stairs":49,"minecraft:raw_iron_block":33,"minecraft:glow_lichen":99,"minecraft:spruce_fence":174,"minecraft:light_blue_stained_glass":104,"minecraft:oak_fence_gate":29,"minecraft:fern":57,"minecraft:small_dripleaf":52,"minecraft:andesite_wall":169,"minecraft:sea_lantern":8,"minecraft:bookshelf":18,"minecraft:light_gray_stained_glass":102,"minecraft:slime_block":81,"minecraft:rooted_dirt":279,"minecraft:yellow_stained_glass":5,"minecraft:oak_stairs":2,"minecraft:cherry_slab":12,"minecraft:spruce_button":2,"minecraft:warped_fence":18,"minecraft:cherry_trapdoor":1,"minecraft:smooth_quartz":108,"minecraft:lime_dye":1,"minecraft:pink_stained_glass_pane":46,"minecraft:barrel":45,"minecraft:prismarine_slab":28,"minecraft:smooth_basalt":9,"minecraft:black_stained_glass":181,"minecraft:tall_grass":265,"minecraft:emerald_block":306,"minecraft:iron_trapdoor":16,"minecraft:podzol":100,"minecraft:horn_coral_block":56,"minecraft:acacia_planks":5,"minecraft:brown_candle":3,"minecraft:orange_terracotta":109,"minecraft:pumpkin":96,"minecraft:horn_coral_fan":48,"minecraft:bamboo_planks":6,"minecraft:hanging_roots":7,"minecraft:brain_coral_block":11,"minecraft:water_bucket":648,"minecraft:chiseled_bookshelf":12,"minecraft:nether_brick_wall":4,"minecraft:tube_coral_block":92,"minecraft:dirt_path":476,"minecraft:sandstone_stairs":1,"minecraft:prismarine_brick_slab":13,"minecraft:birch_planks":175,"minecraft:polished_andesite":83,"minecraft:lime_wool":1072,"minecraft:mud_brick_slab":2,"minecraft:red_nether_bricks":6,"minecraft:bubble_coral_fan":17,"minecraft:blue_wool":223,"minecraft:andesite_slab":216,"minecraft:cherry_planks":5,"minecraft:blue_concrete_powder":7,"minecraft:spruce_sign":47,"minecraft:white_dye":3,"minecraft:red_glazed_terracotta":9,"minecraft:glow_ink_sac":4,"minecraft:spruce_fence_gate":3,"minecraft:pink_concrete":1,"minecraft:lime_terracotta":233,"minecraft:orange_carpet":11,"minecraft:stripped_dark_oak_log":41,"minecraft:oak_slab":12,"minecraft:red_mushroom":44,"minecraft:yellow_stained_glass_pane":141,"minecraft:campfire":13,"minecraft:dark_oak_fence_gate":19,"minecraft:fire_coral":3,"minecraft:painting":18,"minecraft:mangrove_sign":345,"minecraft:spruce_log":18,"minecraft:cyan_stained_glass":42,"minecraft:blue_stained_glass_pane":30,"minecraft:mud":226,"minecraft:flower_pot":6,"minecraft:light":2,"minecraft:spruce_pressure_plate":1,"minecraft:stone_slab":10,"minecraft:spruce_trapdoor":62,"minecraft:bamboo_slab":19,"minecraft:yellow_wool":302,"minecraft:green_carpet":2,"minecraft:fire_coral_block":125,"minecraft:cherry_stairs":4,"minecraft:azalea_leaves":4,"minecraft:red_concrete_powder":2,"minecraft:lapis_block":14,"minecraft:andesite_stairs":81,"minecraft:sandstone_slab":74,"minecraft:glass_pane":3,"minecraft:sea_pickle":206,"minecraft:polished_blackstone_button":32,"minecraft:kelp":129,"minecraft:candle":243,"minecraft:smooth_stone":33},"minecraft:custom":{"minecraft:interact_with_crafting_table":1,"minecraft:open_barrel":6,"minecraft:leave_game":41,"minecraft:time_since_death":278012,"minecraft:sprint_one_cm":1806992,"minecraft:drop":252,"minecraft:play_time":2468029,"minecraft:deaths":4,"minecraft:jump":14143,"minecraft:walk_on_water_one_cm":210199,"minecraft:crouch_one_cm":452923,"minecraft:climb_one_cm":17683,"minecraft:walk_one_cm":1600833,"minecraft:sneak_time":184587,"minecraft:walk_under_water_one_cm":120943,"minecraft:total_world_time":2468029,"minecraft:pot_flower":7,"minecraft:time_since_rest":278055,"minecraft:damage_taken":1669,"minecraft:swim_one_cm":42481,"minecraft:fly_one_cm":19380814,"minecraft:open_chest":2,"minecraft:aviate_one_cm":8117773,"minecraft:fall_one_cm":19421},"minecraft:dropped":{"minecraft:soul_sand":1,"minecraft:moss_block":2,"minecraft:birch_planks":1,"minecraft:oak_pressure_plate":3,"minecraft:oak_log":1,"minecraft:loom":1,"minecraft:emerald_ore":1,"minecraft:tube_coral_block":1,"minecraft:sandstone_slab":1,"minecraft:orange_tulip":1,"minecraft:blue_concrete_powder":1,"minecraft:warped_hyphae":1,"minecraft:red_wool":8,"minecraft:quartz_pillar":10,"minecraft:bedrock":1,"minecraft:brown_banner":1,"minecraft:structure_void":2,"minecraft:light_weighted_pressure_plate":1,"minecraft:cobblestone_stairs":1,"minecraft:spruce_leaves":1,"minecraft:cyan_terracotta":4,"minecraft:packed_mud":3,"minecraft:melon":1,"minecraft:horn_coral":2,"minecraft:prismarine_brick_slab":1,"minecraft:bubble_coral_block":1,"minecraft:bone_block":1,"minecraft:sand":5,"minecraft:small_amethyst_bud":1,"minecraft:white_wool":1,"minecraft:cauldron":1,"minecraft:chorus_plant":1,"minecraft:green_wool":1,"minecraft:red_glazed_terracotta":1,"minecraft:pink_terracotta":1,"minecraft:sugar_cane":1,"minecraft:stripped_jungle_wood":4,"minecraft:cut_red_sandstone_slab":1,"minecraft:black_carpet":1,"minecraft:birch_sapling":1,"minecraft:obsidian":1,"minecraft:lime_wool":1,"minecraft:black_terracotta":1,"minecraft:netherite_shovel":2,"minecraft:prismarine":3,"minecraft:cyan_shulker_box":1,"minecraft:red_stained_glass_pane":1,"minecraft:black_glazed_terracotta":1,"minecraft:yellow_stained_glass_pane":1,"minecraft:mangrove_log":2,"minecraft:horn_coral_fan":1,"minecraft:hopper":1,"minecraft:spruce_wood":1,"minecraft:painting":2,"minecraft:spruce_slab":1,"minecraft:birch_button":1,"minecraft:iron_ore":1,"minecraft:red_nether_bricks":1,"minecraft:iron_bars":1,"minecraft:powered_rail":2,"minecraft:prismarine_bricks":1,"minecraft:purple_stained_glass_pane":1,"minecraft:white_glazed_terracotta":1,"minecraft:water_bucket":2,"minecraft:purple_terracotta":1,"minecraft:stripped_spruce_log":1,"minecraft:oak_slab":1,"minecraft:vine":4,"minecraft:red_concrete_powder":2,"minecraft:birch_leaves":2,"minecraft:mangrove_leaves":1,"minecraft:dripstone_block":2,"minecraft:horn_coral_block":1,"minecraft:deepslate_diamond_ore":1,"minecraft:light_gray_stained_glass_pane":1,"minecraft:barrier":1,"minecraft:red_stained_glass":1,"minecraft:spruce_door":2,"minecraft:spruce_stairs":1,"minecraft:acacia_log":2,"minecraft:coal_block":2,"minecraft:spruce_fence_gate":2,"minecraft:deepslate_brick_stairs":1,"minecraft:iron_trapdoor":1,"minecraft:sculk":1,"minecraft:diorite":2,"minecraft:brewing_stand":1,"minecraft:waxed_exposed_copper":1,"minecraft:sculk_catalyst":1,"minecraft:wooden_axe":2,"minecraft:nether_wart_block":1,"minecraft:white_concrete":6,"minecraft:smooth_quartz":1,"minecraft:brown_wool":1,"minecraft:light_gray_stained_glass":1,"minecraft:fire_charge":2,"minecraft:music_disc_strad":1,"minecraft:oak_stairs":1,"minecraft:jungle_leaves":1,"minecraft:wither_rose":1,"minecraft:granite_stairs":1,"minecraft:string":3,"minecraft:pink_petals":1,"minecraft:trapped_chest":1,"minecraft:lily_pad":2,"minecraft:pink_stained_glass_pane":1,"minecraft:lapis_block":1,"minecraft:snow_block":2,"minecraft:red_concrete":1,"minecraft:bubble_coral":1,"minecraft:moss_carpet":1,"minecraft:oak_trapdoor":3,"minecraft:green_terracotta":1,"minecraft:weathered_copper":1,"minecraft:player_head":1,"minecraft:coarse_dirt":1,"minecraft:jukebox":1,"minecraft:orange_concrete":2,"minecraft:slime_block":3,"minecraft:yellow_candle":2,"minecraft:damaged_anvil":1,"minecraft:light_gray_concrete":1,"minecraft:glow_lichen":2,"minecraft:white_terracotta":1,"minecraft:dirt_path":3,"minecraft:nether_bricks":1,"minecraft:red_terracotta":3,"minecraft:light":1,"minecraft:target":1,"minecraft:copper_ore":1,"minecraft:muddy_mangrove_roots":1,"minecraft:snow":1,"minecraft:stone":14,"minecraft:brain_coral_block":1,"minecraft:oak_button":1,"minecraft:spruce_planks":2,"minecraft:andesite":2,"minecraft:blue_banner":1,"minecraft:pink_wool":4,"minecraft:fire_coral_block":2,"minecraft:stripped_cherry_log":1,"minecraft:barrel":1,"minecraft:spruce_log":3,"minecraft:sandstone":3,"minecraft:birch_boat":1,"minecraft:red_sand":1,"minecraft:stripped_spruce_wood":1,"minecraft:red_tulip":1,"minecraft:brown_stained_glass":1,"minecraft:green_concrete_powder":4,"minecraft:magma_block":1,"minecraft:medium_amethyst_bud":1,"minecraft:amethyst_cluster":1},"minecraft:picked_up":{"minecraft:music_disc_strad":1,"minecraft:black_carpet":1,"minecraft:black_glazed_terracotta":1,"minecraft:light_weighted_pressure_plate":1,"minecraft:bubble_coral":1,"minecraft:smooth_quartz":1,"minecraft:mangrove_log":1,"minecraft:jukebox":1,"minecraft:netherite_shovel":1,"minecraft:target":1,"minecraft:vine":3,"minecraft:dirt_path":3,"minecraft:cauldron":1,"minecraft:horn_coral_fan":1,"minecraft:obsidian":1,"minecraft:deepslate_brick_stairs":1,"minecraft:magma_block":1,"minecraft:andesite":2,"minecraft:horn_coral":2,"minecraft:chorus_plant":1,"minecraft:orange_tulip":1,"minecraft:purple_stained_glass_pane":1,"minecraft:powered_rail":2,"minecraft:prismarine":1,"minecraft:waxed_exposed_copper":1,"minecraft:brown_stained_glass":1,"minecraft:oak_pressure_plate":1,"minecraft:sand":2,"minecraft:trapped_chest":1,"minecraft:spruce_fence_gate":1,"minecraft:blue_banner":1,"minecraft:spruce_leaves":1,"minecraft:pink_wool":1,"minecraft:stripped_cherry_log":1,"minecraft:yellow_candle":2,"minecraft:oak_trapdoor":2,"minecraft:orange_concrete":1,"minecraft:deepslate_diamond_ore":1,"minecraft:player_head":1,"minecraft:sugar_cane":1,"minecraft:birch_sapling":1,"minecraft:copper_ore":1,"minecraft:lime_wool":1,"minecraft:sandstone":1,"minecraft:stone":7,"minecraft:fire_charge":2,"minecraft:cut_red_sandstone_slab":1,"minecraft:amethyst_cluster":1,"minecraft:quartz_pillar":10,"minecraft:cyan_shulker_box":1,"minecraft:purple_terracotta":1,"minecraft:nether_bricks":1,"minecraft:white_wool":1,"minecraft:birch_leaves":1,"minecraft:granite_stairs":1,"minecraft:packed_mud":3,"minecraft:bedrock":1,"minecraft:cobblestone_stairs":1,"minecraft:spruce_wood":1,"minecraft:soul_sand":1,"minecraft:sculk_catalyst":1,"minecraft:birch_boat":1,"minecraft:red_wool":4,"minecraft:dripstone_block":2,"minecraft:weathered_copper":1,"minecraft:small_amethyst_bud":1,"minecraft:spruce_log":2,"minecraft:spruce_door":2,"minecraft:mangrove_leaves":1,"minecraft:painting":1,"minecraft:stripped_jungle_wood":2,"minecraft:oak_button":1,"minecraft:brown_banner":1,"minecraft:hopper":1}},"DataVersion":3700}