{"stats":{"minecraft:custom":{"minecraft:jump":547,"minecraft:time_since_rest":20162,"minecraft:damage_taken":1280,"minecraft:crouch_one_cm":1157,"minecraft:leave_game":3,"minecraft:sprint_one_cm":86058,"minecraft:play_time":20162,"minecraft:time_since_death":20162,"minecraft:walk_on_water_one_cm":981,"minecraft:walk_one_cm":17521,"minecraft:sneak_time":743,"minecraft:total_world_time":20162,"minecraft:climb_one_cm":599,"minecraft:walk_under_water_one_cm":1725,"minecraft:fall_one_cm":41171,"minecraft:fly_one_cm":188686}},"DataVersion":3700}