{"stats":{"minecraft:used":{"minecraft:chiseled_tuff_bricks":3,"minecraft:writable_book":7,"minecraft:cherry_hanging_sign":1,"minecraft:sand":2,"minecraft:written_book":2,"minecraft:soul_soil":1,"minecraft:waxed_cut_copper":2,"minecraft:tuff_brick_stairs":1,"minecraft:elytra":2,"minecraft:acacia_leaves":55,"minecraft:stone":11,"minecraft:pink_dye":9,"minecraft:stripped_cherry_log":2,"minecraft:cherry_sign":158,"minecraft:powder_snow_bucket":4,"minecraft:glow_ink_sac":9,"minecraft:player_head":2},"minecraft:custom":{"minecraft:open_barrel":2,"minecraft:time_since_rest":1747,"minecraft:open_chest":5,"minecraft:open_shulker_box":2,"minecraft:crouch_one_cm":22399,"minecraft:play_time":789076,"minecraft:sprint_one_cm":2354759,"minecraft:deaths":7,"minecraft:damage_taken":10720,"minecraft:walk_one_cm":217786,"minecraft:sneak_time":16068,"minecraft:walk_under_water_one_cm":56934,"minecraft:drop":2,"minecraft:interact_with_lectern":35,"minecraft:aviate_one_cm":57811,"minecraft:jump":14315,"minecraft:damage_dealt":10,"minecraft:leave_game":20,"minecraft:walk_on_water_one_cm":42352,"minecraft:time_since_death":1746,"minecraft:sleep_in_bed":2,"minecraft:climb_one_cm":35973,"minecraft:total_world_time":789076,"minecraft:swim_one_cm":128669,"minecraft:talked_to_villager":10,"minecraft:fall_one_cm":496850,"minecraft:fly_one_cm":8617965,"minecraft:inspect_dispenser":2},"minecraft:dropped":{"minecraft:cherry_sign":2},"minecraft:picked_up":{"minecraft:cherry_sign":2}},"DataVersion":3700}