{"stats":{"minecraft:custom":{"minecraft:jump":10086,"minecraft:open_chest":1,"minecraft:time_since_rest":250844,"minecraft:damage_taken":4840,"minecraft:walk_one_cm":290906,"minecraft:crouch_one_cm":30241,"minecraft:leave_game":28,"minecraft:sprint_one_cm":1587152,"minecraft:play_time":446950,"minecraft:time_since_death":250842,"minecraft:walk_on_water_one_cm":32021,"minecraft:deaths":6,"minecraft:sneak_time":15988,"minecraft:total_world_time":446950,"minecraft:climb_one_cm":20279,"minecraft:walk_under_water_one_cm":52789,"minecraft:swim_one_cm":72505,"minecraft:fall_one_cm":54812,"minecraft:fly_one_cm":4985088},"minecraft:used":{"minecraft:lapis_block":1,"minecraft:blue_concrete_powder":4,"minecraft:golden_carrot":2,"minecraft:red_wool":1}},"DataVersion":3700}