{"stats":{"minecraft:used":{"minecraft:stone_slab":1},"minecraft:custom":{"minecraft:jump":270,"minecraft:time_since_rest":7013,"minecraft:leave_game":1,"minecraft:crouch_one_cm":422,"minecraft:walk_on_water_one_cm":1558,"minecraft:sprint_one_cm":35557,"minecraft:play_time":7013,"minecraft:damage_taken":10,"minecraft:time_since_death":7013,"minecraft:walk_one_cm":3154,"minecraft:sneak_time":91,"minecraft:climb_one_cm":513,"minecraft:total_world_time":7013,"minecraft:talked_to_villager":1,"minecraft:fall_one_cm":1017,"minecraft:fly_one_cm":126374}},"DataVersion":3700}