{"stats":{"minecraft:killed_by":{"minecraft:player":120},"minecraft:used":{"minecraft:moss_block":56,"minecraft:nether_brick_fence":8,"minecraft:moss_carpet":6,"minecraft:blue_terracotta":12,"minecraft:red_sand":275,"minecraft:polished_granite_stairs":2,"minecraft:purple_candle":2,"minecraft:smooth_quartz_slab":1,"minecraft:dead_tube_coral_fan":6,"minecraft:spruce_slab":109,"minecraft:polished_blackstone":3,"minecraft:poppy":2,"minecraft:bone_block":9,"minecraft:oak_sign":85,"minecraft:polished_basalt":43,"minecraft:white_concrete_powder":26,"minecraft:chest":9,"minecraft:white_terracotta":34,"minecraft:stone":5897,"minecraft:nether_wart":41,"minecraft:stripped_jungle_wood":5,"minecraft:warped_sign":5,"minecraft:player_head":24,"minecraft:farmland":98,"minecraft:tube_coral":4,"minecraft:spruce_leaves":51,"minecraft:debug_stick":74,"minecraft:soul_sand":44,"minecraft:birch_pressure_plate":5,"minecraft:tuff":128,"minecraft:weeping_vines":22,"minecraft:stripped_spruce_log":1,"minecraft:obsidian":15,"minecraft:big_dripleaf":14,"minecraft:glass":25,"minecraft:waxed_oxidized_copper":1,"minecraft:honey_block":15,"minecraft:cyan_terracotta":3,"minecraft:lava_bucket":1871,"minecraft:mangrove_log":9,"minecraft:stripped_dark_oak_wood":1,"minecraft:quartz_pillar":18,"minecraft:music_disc_pigstep":1,"minecraft:mangrove_stairs":12,"minecraft:red_wool":115,"minecraft:lantern":21,"minecraft:grass_block":609,"minecraft:packed_mud":38,"minecraft:quartz_block":1,"minecraft:warped_nylium":84,"minecraft:dark_oak_wood":1,"minecraft:dark_oak_leaves":27,"minecraft:light_blue_bed":2,"minecraft:gray_concrete_powder":4,"minecraft:cherry_leaves":71,"minecraft:raw_gold_block":8,"minecraft:stone_bricks":117,"minecraft:bedrock":3,"minecraft:stripped_mangrove_log":1,"minecraft:honeycomb_block":260,"minecraft:repeater":1,"minecraft:redstone_lamp":14,"minecraft:infested_mossy_stone_bricks":2,"minecraft:magma_block":12,"minecraft:snow":1,"minecraft:horn_coral":1,"minecraft:hay_block":158,"minecraft:mangrove_roots":2,"minecraft:furnace":1,"minecraft:oak_sapling":1,"minecraft:mangrove_slab":12,"minecraft:acacia_fence":52,"minecraft:gold_block":3,"minecraft:pink_concrete_powder":7,"minecraft:pearlescent_froglight":25,"minecraft:seagrass":6,"minecraft:dark_prismarine_stairs":1,"minecraft:polished_blackstone_stairs":4,"minecraft:short_grass":38,"minecraft:chiseled_polished_blackstone":3,"minecraft:diorite":3,"minecraft:tube_coral_fan":7,"minecraft:end_stone_bricks":2,"minecraft:stripped_birch_log":73,"minecraft:red_stained_glass":11,"minecraft:jungle_fence":5,"minecraft:acacia_trapdoor":3,"minecraft:prismarine":771,"minecraft:blackstone_stairs":5,"minecraft:mangrove_planks":96,"minecraft:oak_planks":25,"minecraft:prismarine_stairs":4,"minecraft:cactus":1,"minecraft:orange_tulip":4,"minecraft:blackstone":1898,"minecraft:sandstone":17,"minecraft:composter":3,"minecraft:redstone_block":1,"minecraft:structure_void":120,"minecraft:blue_bed":1,"minecraft:clay":10,"minecraft:oak_leaves":65,"minecraft:smooth_quartz_stairs":10,"minecraft:white_wool":7,"minecraft:glow_berries":54,"minecraft:stripped_mangrove_wood":5,"minecraft:sand":88,"minecraft:yellow_terracotta":87,"minecraft:light_blue_wool":1,"minecraft:blast_furnace":1,"minecraft:yellow_concrete":5,"minecraft:crossbow":12,"minecraft:sponge":2,"minecraft:blackstone_wall":7,"minecraft:dripstone_block":25,"minecraft:ochre_froglight":3,"minecraft:stone_brick_wall":5,"minecraft:stripped_cherry_wood":2,"minecraft:end_stone":19,"minecraft:birch_fence":28,"minecraft:deepslate_tiles":93,"minecraft:black_terracotta":13,"minecraft:lever":1,"minecraft:red_sandstone":366,"minecraft:black_concrete":3,"minecraft:firework_rocket":136,"minecraft:daylight_detector":1,"minecraft:dark_oak_log":218,"minecraft:birch_slab":150,"minecraft:light_gray_concrete":1,"minecraft:nether_sprouts":4,"minecraft:brown_wool":4,"minecraft:barrier":5,"minecraft:verdant_froglight":2,"minecraft:lectern":1,"minecraft:red_terracotta":171,"minecraft:oak_pressure_plate":5,"minecraft:iron_door":19,"minecraft:prismarine_wall":1,"minecraft:gravel":5,"minecraft:flowering_azalea_leaves":2,"minecraft:polished_andesite_slab":2,"minecraft:soul_lantern":45,"minecraft:granite_slab":2,"minecraft:blackstone_slab":106,"minecraft:magenta_stained_glass_pane":4,"minecraft:stripped_warped_hyphae":99,"minecraft:jungle_sign":17,"minecraft:nether_wart_block":40,"minecraft:fire_charge":4,"minecraft:coal_block":6,"minecraft:suspicious_gravel":6,"minecraft:stripped_oak_wood":5,"minecraft:dark_oak_fence":101,"minecraft:white_stained_glass":88,"minecraft:andesite":263,"minecraft:chain":14,"minecraft:smooth_stone_slab":65,"minecraft:ice":1,"minecraft:stripped_cherry_log":29,"minecraft:white_concrete":19,"minecraft:coarse_dirt":1,"minecraft:warped_button":1,"minecraft:bone_meal":44,"minecraft:oak_fence":6,"minecraft:stripped_acacia_wood":42,"minecraft:jungle_leaves":66,"minecraft:polished_blackstone_brick_slab":9,"minecraft:iron_bars":3,"minecraft:dead_tube_coral_block":1,"minecraft:acacia_log":123,"minecraft:dead_bush":3,"minecraft:armor_stand":7,"minecraft:redstone":15,"minecraft:stripped_warped_stem":10,"minecraft:spruce_planks":100,"minecraft:mangrove_fence":2,"minecraft:wooden_shovel":26,"minecraft:stripped_birch_wood":18,"minecraft:polished_blackstone_wall":27,"minecraft:netherrack":236,"minecraft:oak_door":2,"minecraft:torch":10,"minecraft:dirt":495,"minecraft:warped_wart_block":24,"minecraft:red_nether_brick_slab":2,"minecraft:prismarine_bricks":23,"minecraft:spruce_stairs":25,"minecraft:twisting_vines":10,"minecraft:cobblestone_wall":9,"minecraft:nether_brick_slab":4,"minecraft:oak_wood":53,"minecraft:jungle_trapdoor":11,"minecraft:glow_lichen":30,"minecraft:spruce_fence":146,"minecraft:light_blue_stained_glass":9,"minecraft:fern":9,"minecraft:shroomlight":17,"minecraft:andesite_wall":4,"minecraft:mossy_cobblestone_stairs":11,"minecraft:purple_stained_glass_pane":3,"minecraft:stone_brick_slab":47,"minecraft:dark_oak_planks":33,"minecraft:flowering_azalea":2,"minecraft:sea_lantern":20,"minecraft:bookshelf":10,"minecraft:red_tulip":2,"minecraft:light_gray_stained_glass":5,"minecraft:light_weighted_pressure_plate":1,"minecraft:oak_stairs":6,"minecraft:acacia_slab":14,"minecraft:slime_block":184,"minecraft:warped_fence":136,"minecraft:smooth_sandstone":5,"minecraft:jungle_log":1,"minecraft:polished_blackstone_brick_stairs":3,"minecraft:smooth_quartz":24,"minecraft:barrel":10,"minecraft:prismarine_slab":85,"minecraft:smooth_basalt":11,"minecraft:light_gray_wool":2,"minecraft:glowstone":2,"minecraft:warped_stairs":7,"minecraft:emerald_block":1,"minecraft:iron_trapdoor":11,"minecraft:soul_soil":135,"minecraft:podzol":43,"minecraft:acacia_wood":142,"minecraft:cyan_concrete_powder":13,"minecraft:horn_coral_block":29,"minecraft:acacia_planks":464,"minecraft:orange_terracotta":8,"minecraft:horn_coral_fan":1,"minecraft:brain_coral_block":25,"minecraft:calcite":176,"minecraft:wheat_seeds":44,"minecraft:water_bucket":1058,"minecraft:iron_ore":10,"minecraft:pink_tulip":5,"minecraft:tube_coral_block":7,"minecraft:cobblestone_stairs":11,"minecraft:dirt_path":2,"minecraft:snow_block":36,"minecraft:birch_planks":282,"minecraft:polished_andesite":14,"minecraft:lime_wool":1,"minecraft:mud_brick_slab":82,"minecraft:red_nether_bricks":10,"minecraft:blue_wool":54,"minecraft:andesite_slab":42,"minecraft:smooth_sandstone_slab":4,"minecraft:cherry_planks":7,"minecraft:spruce_sign":3,"minecraft:beacon":1,"minecraft:red_glazed_terracotta":2,"minecraft:glow_ink_sac":2,"minecraft:cobblestone_slab":18,"minecraft:polished_blackstone_bricks":47,"minecraft:cracked_stone_bricks":2,"minecraft:warped_roots":9,"minecraft:gilded_blackstone":18,"minecraft:mossy_cobblestone":14,"minecraft:diamond_block":11,"minecraft:mangrove_trapdoor":12,"minecraft:lime_bed":1,"minecraft:oak_slab":1,"minecraft:tnt":56,"minecraft:dark_prismarine_slab":25,"minecraft:crafting_table":4,"minecraft:red_bed":1,"minecraft:birch_sign":276,"minecraft:bamboo_block":1,"minecraft:painting":60,"minecraft:warped_planks":36,"minecraft:cake":2,"minecraft:smoker":1,"minecraft:cyan_stained_glass":6,"minecraft:oak_log":2,"minecraft:netherite_block":45,"minecraft:dark_prismarine":1,"minecraft:flower_pot":1,"minecraft:light":1,"minecraft:acacia_stairs":9,"minecraft:command_block":4,"minecraft:sunflower":5,"minecraft:cracked_polished_blackstone_bricks":5,"minecraft:oak_button":3,"minecraft:suspicious_stew":1,"minecraft:spruce_pressure_plate":4,"minecraft:stone_slab":31,"minecraft:crimson_nylium":93,"minecraft:yellow_wool":7,"minecraft:chiseled_stone_bricks":11,"minecraft:cobblestone":81,"minecraft:cherry_stairs":6,"minecraft:azalea_leaves":13,"minecraft:yellow_bed":1,"minecraft:repeating_command_block":3,"minecraft:sea_pickle":30,"minecraft:stripped_oak_log":125,"minecraft:sculk_catalyst":12,"minecraft:dandelion":1,"minecraft:sculk_vein":2,"minecraft:brown_mushroom_block":3,"minecraft:smooth_stone":36,"minecraft:birch_stairs":34},"minecraft:custom":{"minecraft:open_barrel":20,"minecraft:eat_cake_slice":2,"minecraft:leave_game":183,"minecraft:time_since_death":18855,"minecraft:sprint_one_cm":3707604,"minecraft:drop":40,"minecraft:talked_to_villager":8,"minecraft:play_time":3839170,"minecraft:deaths":168,"minecraft:jump":24478,"minecraft:interact_with_brewingstand":2,"minecraft:walk_on_water_one_cm":109170,"minecraft:interact_with_furnace":3,"minecraft:play_record":1,"minecraft:sleep_in_bed":2,"minecraft:damage_dealt":527,"minecraft:player_kills":1,"minecraft:crouch_one_cm":20058,"minecraft:interact_with_smoker":10,"minecraft:climb_one_cm":33085,"minecraft:walk_one_cm":1897890,"minecraft:sneak_time":75767,"minecraft:walk_under_water_one_cm":138595,"minecraft:interact_with_lectern":21,"minecraft:interact_with_blast_furnace":2,"minecraft:total_world_time":3839170,"minecraft:tune_noteblock":9,"minecraft:pot_flower":1,"minecraft:time_since_rest":18858,"minecraft:damage_taken":30055731,"minecraft:trigger_trapped_chest":3,"minecraft:swim_one_cm":34268,"minecraft:fly_one_cm":24384358,"minecraft:open_chest":6,"minecraft:aviate_one_cm":488401,"minecraft:fall_one_cm":164841},"minecraft:dropped":{"minecraft:spruce_sign":1,"minecraft:redstone_lamp":2,"minecraft:dirt":1,"minecraft:soul_lantern":1,"minecraft:oak_planks":1,"minecraft:prismarine":2,"minecraft:netherrack":1,"minecraft:water_bucket":1,"minecraft:knowledge_book":1,"minecraft:red_stained_glass":1,"minecraft:grass_block":1,"minecraft:lava_bucket":1,"minecraft:sponge":1,"minecraft:brown_wool":1,"minecraft:iron_door":1,"minecraft:farmland":5,"minecraft:warped_nylium":1,"minecraft:player_head":2,"minecraft:smooth_stone_slab":1,"minecraft:oak_sign":4,"minecraft:polished_granite_stairs":1,"minecraft:stone":3,"minecraft:spruce_planks":1,"minecraft:andesite":1,"minecraft:birch_sign":2,"minecraft:stripped_cherry_log":1,"minecraft:quartz_slab":1},"minecraft:mined":{"minecraft:fire":1,"minecraft:tnt":27,"minecraft:yellow_bed":1},"minecraft:picked_up":{"minecraft:knowledge_book":1,"minecraft:smooth_stone_slab":1,"minecraft:oak_sign":4,"minecraft:spruce_planks":1,"minecraft:farmland":4,"minecraft:music_disc_pigstep":1,"minecraft:iron_door":1,"minecraft:water_bucket":1,"minecraft:brown_wool":1,"minecraft:dirt":1,"minecraft:prismarine":2,"minecraft:grass_block":1,"minecraft:soul_lantern":1,"minecraft:bone_meal":1,"minecraft:spruce_sign":1,"minecraft:netherrack":1,"minecraft:stripped_cherry_log":1,"minecraft:player_head":1,"minecraft:stone":1,"minecraft:polished_granite_stairs":1,"minecraft:red_stained_glass":1,"minecraft:birch_sign":2,"minecraft:warped_nylium":1}},"DataVersion":3700}