{"stats":{"minecraft:picked_up":{"minecraft:light_gray_shulker_box":2,"minecraft:diamond_sword":1,"minecraft:potion":2,"minecraft:knowledge_book":1,"minecraft:purple_shulker_box":2,"minecraft:brewing_stand":2,"minecraft:amethyst_block":1,"minecraft:pink_shulker_box":2,"minecraft:oak_sign":1,"minecraft:red_sand":1,"minecraft:black_shulker_box":2,"minecraft:azalea":1,"minecraft:furnace":2,"minecraft:orange_shulker_box":2,"minecraft:gray_shulker_box":2,"minecraft:brown_shulker_box":2,"minecraft:magma_block":1,"minecraft:smoker":2,"minecraft:green_shulker_box":2,"minecraft:lantern":1,"minecraft:dropper":2,"minecraft:light_blue_shulker_box":2,"minecraft:grass_block":1,"minecraft:dead_bush":1,"minecraft:trapped_chest":2,"minecraft:barrel":2,"minecraft:shulker_box":2,"minecraft:dispenser":2,"minecraft:writable_book":1,"minecraft:bone_meal":3,"minecraft:chicken":1,"minecraft:beef":1,"minecraft:blue_shulker_box":2,"minecraft:chest":1,"minecraft:lime_shulker_box":2,"minecraft:stone":4,"minecraft:magenta_shulker_box":2,"minecraft:cyan_shulker_box":2,"minecraft:red_shulker_box":2,"minecraft:shears":1,"minecraft:white_shulker_box":2,"minecraft:netherite_boots":3,"minecraft:yellow_shulker_box":2,"minecraft:orange_terracotta":1,"minecraft:iron_ore":1,"minecraft:flowering_azalea":16,"minecraft:lava_bucket":4,"minecraft:blast_furnace":2,"minecraft:light_blue_stained_glass":1,"minecraft:spruce_door":1},"minecraft:mined":{"minecraft:obsidian":11,"minecraft:blue_wool":3,"minecraft:red_bed":19,"minecraft:oak_planks":13,"minecraft:yellow_wool":14,"minecraft:end_stone":3,"minecraft:blue_bed":11,"minecraft:lime_bed":11,"minecraft:yellow_bed":13},"minecraft:custom":{"minecraft:interact_with_crafting_table":48,"minecraft:open_barrel":80,"minecraft:open_shulker_box":15,"minecraft:eat_cake_slice":10,"minecraft:leave_game":214,"minecraft:time_since_death":3895,"minecraft:damage_resisted":4307,"minecraft:sprint_one_cm":24650156,"minecraft:drop":493,"minecraft:talked_to_villager":57,"minecraft:play_time":21657213,"minecraft:deaths":174,"minecraft:jump":602388,"minecraft:interact_with_brewingstand":14,"minecraft:walk_on_water_one_cm":489284,"minecraft:interact_with_furnace":18,"minecraft:traded_with_villager":16,"minecraft:interact_with_loom":2,"minecraft:sleep_in_bed":2,"minecraft:damage_dealt":49725,"minecraft:player_kills":118,"minecraft:crouch_one_cm":263591,"minecraft:interact_with_smoker":2,"minecraft:inspect_dispenser":11,"minecraft:mob_kills":379,"minecraft:inspect_hopper":12,"minecraft:climb_one_cm":319258,"minecraft:walk_one_cm":3727793,"minecraft:target_hit":66,"minecraft:sneak_time":289863,"minecraft:walk_under_water_one_cm":904755,"minecraft:boat_one_cm":130446,"minecraft:interact_with_lectern":37,"minecraft:interact_with_blast_furnace":18,"minecraft:total_world_time":21893470,"minecraft:pot_flower":1,"minecraft:time_since_rest":3896,"minecraft:damage_absorbed":84,"minecraft:damage_taken":207131,"minecraft:minecart_one_cm":71883,"minecraft:swim_one_cm":1515531,"minecraft:fly_one_cm":100317904,"minecraft:open_chest":34,"minecraft:aviate_one_cm":248534,"minecraft:fall_one_cm":1633952},"minecraft:killed_by":{"minecraft:creeper":28,"minecraft:player":4},"minecraft:crafted":{"minecraft:sand":36,"minecraft:tnt":8,"minecraft:air":0,"minecraft:gunpowder":35},"minecraft:used":{"minecraft:moss_block":391,"minecraft:moss_carpet":22,"minecraft:nether_brick_fence":2,"minecraft:jack_o_lantern":1,"minecraft:blue_terracotta":42,"minecraft:writable_book":20,"minecraft:red_sand":135,"minecraft:purple_candle":19,"minecraft:polished_deepslate":6,"minecraft:elytra":1,"minecraft:smooth_quartz_slab":9,"minecraft:poppy":7,"minecraft:spruce_slab":212,"minecraft:dead_tube_coral_fan":1,"minecraft:dispenser":7,"minecraft:polished_blackstone":1,"minecraft:diamond_hoe":3,"minecraft:ladder":31,"minecraft:oak_sign":215,"minecraft:polished_basalt":1,"minecraft:white_concrete_powder":386,"minecraft:decorated_pot":4,"minecraft:chest":11,"minecraft:white_terracotta":17,"minecraft:stone":17964,"minecraft:iron_sword":55,"minecraft:nether_wart":29,"minecraft:stripped_jungle_wood":1,"minecraft:warped_sign":9,"minecraft:bubble_coral":11,"minecraft:smooth_sandstone_stairs":5,"minecraft:farmland":8,"minecraft:tube_coral":11,"minecraft:green_terracotta":44,"minecraft:soul_campfire":6,"minecraft:debug_stick":379,"minecraft:spruce_leaves":93,"minecraft:pink_candle":3,"minecraft:soul_sand":46,"minecraft:birch_pressure_plate":2,"minecraft:cut_copper":94,"minecraft:jungle_planks":64,"minecraft:carrot":30,"minecraft:jungle_slab":47,"minecraft:allium":42,"minecraft:acacia_button":2,"minecraft:tuff":243,"minecraft:snowball":231,"minecraft:azure_bluet":3,"minecraft:weeping_vines":1,"minecraft:stripped_spruce_log":260,"minecraft:obsidian":14,"minecraft:big_dripleaf":9,"minecraft:glass":140,"minecraft:waxed_oxidized_copper":1,"minecraft:packed_ice":89,"minecraft:honey_block":2,"minecraft:lava_bucket":1022,"minecraft:mangrove_log":104,"minecraft:stripped_dark_oak_wood":23,"minecraft:coal_ore":10,"minecraft:mangrove_stairs":28,"minecraft:red_wool":197,"minecraft:quartz_slab":3,"minecraft:spruce_wood":24,"minecraft:lantern":108,"minecraft:grass_block":628,"minecraft:blue_orchid":10,"minecraft:packed_mud":1,"minecraft:polished_andesite_stairs":1,"minecraft:quartz_block":54,"minecraft:warped_nylium":98,"minecraft:dark_oak_wood":14,"minecraft:dark_oak_leaves":88,"minecraft:dark_oak_slab":89,"minecraft:mossy_cobblestone_slab":30,"minecraft:cherry_leaves":143,"minecraft:crimson_roots":1,"minecraft:dark_oak_button":1,"minecraft:waxed_weathered_cut_copper":43,"minecraft:stone_brick_stairs":31,"minecraft:stone_bricks":967,"minecraft:bedrock":1143,"minecraft:netherite_boots":1,"minecraft:spruce_hanging_sign":1,"minecraft:stripped_mangrove_log":5,"minecraft:birch_button":1,"minecraft:snow":41,"minecraft:red_carpet":23,"minecraft:exposed_cut_copper_slab":4,"minecraft:repeater":22,"minecraft:redstone_lamp":117,"minecraft:bow":89,"minecraft:magma_block":982,"minecraft:horn_coral":11,"minecraft:warped_fungus":4,"minecraft:hay_block":40,"minecraft:sweet_berries":9,"minecraft:scaffolding":12,"minecraft:mangrove_roots":101,"minecraft:yellow_glazed_terracotta":2,"minecraft:furnace":18,"minecraft:mangrove_slab":50,"minecraft:gray_bed":4,"minecraft:acacia_fence":101,"minecraft:gold_block":14,"minecraft:skeleton_skull":1,"minecraft:pink_concrete_powder":2,"minecraft:fire_coral_fan":16,"minecraft:pearlescent_froglight":6,"minecraft:seagrass":35,"minecraft:polished_blackstone_stairs":29,"minecraft:brown_concrete_powder":1,"minecraft:stripped_spruce_wood":12,"minecraft:mangrove_leaves":42,"minecraft:light_blue_carpet":7,"minecraft:short_grass":50,"minecraft:emerald_ore":77,"minecraft:dark_oak_stairs":30,"minecraft:bamboo_mosaic":2,"minecraft:diorite":2,"minecraft:tube_coral_fan":13,"minecraft:cow_spawn_egg":327,"minecraft:torchflower":10,"minecraft:gray_carpet":9,"minecraft:stripped_acacia_log":105,"minecraft:powered_rail":47,"minecraft:stripped_birch_log":21,"minecraft:cut_copper_slab":16,"minecraft:birch_leaves":1,"minecraft:red_stained_glass":7,"minecraft:acacia_trapdoor":8,"minecraft:mangrove_planks":170,"minecraft:blackstone_stairs":18,"minecraft:prismarine":255,"minecraft:jungle_fence":21,"minecraft:oak_planks":416,"minecraft:blackstone":775,"minecraft:cactus":52,"minecraft:orange_tulip":3,"minecraft:ender_pearl":25,"minecraft:lime_concrete_powder":3,"minecraft:sandstone":521,"minecraft:composter":2,"minecraft:jungle_pressure_plate":4,"minecraft:redstone_block":170,"minecraft:structure_void":133,"minecraft:blue_bed":2,"minecraft:clay":129,"minecraft:large_amethyst_bud":3,"minecraft:oak_leaves":6,"minecraft:brain_coral":12,"minecraft:respawn_anchor":29,"minecraft:glow_berries":202,"minecraft:dark_oak_trapdoor":1,"minecraft:sand":1265,"minecraft:light_blue_concrete":53,"minecraft:yellow_terracotta":21,"minecraft:netherite_leggings":1,"minecraft:cut_sandstone_slab":2,"minecraft:pitcher_pod":1,"minecraft:loom":36,"minecraft:waxed_weathered_cut_copper_slab":10,"minecraft:blast_furnace":9,"minecraft:yellow_concrete":93,"minecraft:light_gray_terracotta":1,"minecraft:crossbow":131,"minecraft:purple_terracotta":31,"minecraft:acacia_leaves":127,"minecraft:netherite_helmet":1,"minecraft:dripstone_block":377,"minecraft:sponge":4,"minecraft:blackstone_wall":2,"minecraft:ochre_froglight":80,"minecraft:gray_concrete":1,"minecraft:shears":17,"minecraft:end_stone":68,"minecraft:cobbled_deepslate_stairs":2,"minecraft:bamboo_button":1,"minecraft:pumpkin_seeds":2,"minecraft:exposed_copper":4,"minecraft:birch_fence":75,"minecraft:deepslate_tiles":303,"minecraft:redstone_torch":25,"minecraft:lever":6,"minecraft:red_sandstone":25,"minecraft:black_concrete":52,"minecraft:firework_rocket":3,"minecraft:daylight_detector":5,"minecraft:crying_obsidian":25,"minecraft:chiseled_sandstone":19,"minecraft:acacia_door":5,"minecraft:stripped_bamboo_block":3,"minecraft:dark_oak_log":633,"minecraft:birch_slab":30,"minecraft:light_gray_concrete":5,"minecraft:heavy_weighted_pressure_plate":4,"minecraft:nether_sprouts":1,"minecraft:stone_button":7,"minecraft:barrier":21,"minecraft:warped_slab":3,"minecraft:verdant_froglight":11,"minecraft:spore_blossom":6,"minecraft:lectern":1,"minecraft:red_terracotta":31,"minecraft:cherry_sign":8,"minecraft:deepslate":4,"minecraft:iron_door":44,"minecraft:prismarine_wall":2,"minecraft:gravel":137,"minecraft:flowering_azalea_leaves":1,"minecraft:lilac":12,"minecraft:polished_andesite_slab":3,"minecraft:soul_lantern":5,"minecraft:blackstone_slab":92,"minecraft:stripped_warped_hyphae":182,"minecraft:green_candle":2,"minecraft:nether_wart_block":24,"minecraft:diamond_sword":324,"minecraft:smooth_red_sandstone_slab":8,"minecraft:coal_block":36,"minecraft:wooden_sword":310,"minecraft:stripped_oak_wood":14,"minecraft:dark_oak_fence":246,"minecraft:smithing_table":5,"minecraft:white_stained_glass":8,"minecraft:bubble_coral_block":85,"minecraft:green_concrete_powder":11,"minecraft:andesite":202,"minecraft:chain":60,"minecraft:smooth_stone_slab":308,"minecraft:oak_boat":3,"minecraft:stripped_cherry_log":138,"minecraft:white_concrete":80,"minecraft:coarse_dirt":180,"minecraft:oak_hanging_sign":2,"minecraft:bone_meal":53,"minecraft:oak_fence":62,"minecraft:azalea":6,"minecraft:oak_trapdoor":1,"minecraft:purpur_block":58,"minecraft:stripped_acacia_wood":13,"minecraft:orange_concrete_powder":13,"minecraft:netherite_sword":44,"minecraft:jungle_leaves":257,"minecraft:iron_bars":15,"minecraft:white_tulip":3,"minecraft:dead_bush":29,"minecraft:crimson_fence":5,"minecraft:acacia_log":262,"minecraft:flint_and_steel":25,"minecraft:orange_concrete":131,"minecraft:brain_coral_fan":10,"minecraft:carved_pumpkin":2,"minecraft:red_concrete":58,"minecraft:redstone":69,"minecraft:light_gray_carpet":9,"minecraft:mycelium":86,"minecraft:stripped_warped_stem":38,"minecraft:spruce_planks":591,"minecraft:sculk":2,"minecraft:mangrove_fence":1,"minecraft:stripped_birch_wood":2,"minecraft:polished_blackstone_wall":3,"minecraft:sandstone_wall":9,"minecraft:cooked_chicken":111,"minecraft:netherrack":99,"minecraft:cut_copper_stairs":2,"minecraft:exposed_cut_copper_stairs":7,"minecraft:torch":28,"minecraft:brewing_stand":5,"minecraft:dirt":684,"minecraft:warped_wart_block":222,"minecraft:target":6,"minecraft:hopper":4,"minecraft:chorus_flower":3,"minecraft:prismarine_bricks":147,"minecraft:spruce_stairs":94,"minecraft:cobblestone_wall":79,"minecraft:stone_stairs":13,"minecraft:nether_brick_slab":8,"minecraft:oak_wood":7,"minecraft:yellow_carpet":4,"minecraft:light_blue_stained_glass":160,"minecraft:jungle_trapdoor":11,"minecraft:glow_lichen":114,"minecraft:spruce_fence":115,"minecraft:dead_brain_coral_block":6,"minecraft:oak_fence_gate":8,"minecraft:fern":28,"minecraft:small_dripleaf":4,"minecraft:birch_door":3,"minecraft:orange_candle":4,"minecraft:andesite_wall":5,"minecraft:shroomlight":53,"minecraft:mossy_cobblestone_stairs":68,"minecraft:stone_brick_slab":25,"minecraft:dark_oak_planks":838,"minecraft:bamboo_raft":1,"minecraft:sea_lantern":7,"minecraft:flowering_azalea":28,"minecraft:bamboo_fence":9,"minecraft:red_tulip":4,"minecraft:bookshelf":6,"minecraft:smooth_sandstone":4,"minecraft:muddy_mangrove_roots":142,"minecraft:iron_axe":13,"minecraft:yellow_stained_glass":1,"minecraft:iron_block":22,"minecraft:light_weighted_pressure_plate":21,"minecraft:oak_stairs":16,"minecraft:cherry_slab":23,"minecraft:spruce_button":2,"minecraft:slime_block":245,"minecraft:warped_fence":43,"minecraft:acacia_slab":248,"minecraft:jungle_log":33,"minecraft:smooth_quartz":44,"minecraft:mud_bricks":81,"minecraft:crimson_planks":9,"minecraft:barrel":7,"minecraft:prismarine_slab":1,"minecraft:smooth_basalt":14,"minecraft:bamboo":12,"minecraft:light_gray_wool":24,"minecraft:glowstone":11,"minecraft:lime_concrete":62,"minecraft:golden_carrot":1,"minecraft:warped_stairs":11,"minecraft:black_stained_glass":3,"minecraft:tall_grass":8,"minecraft:emerald_block":1,"minecraft:soul_soil":106,"minecraft:iron_trapdoor":5,"minecraft:deepslate_tile_stairs":2,"minecraft:black_dye":1,"minecraft:podzol":312,"minecraft:minecart":20,"minecraft:acacia_wood":82,"minecraft:infested_cobblestone":10,"minecraft:enchanted_golden_apple":2,"minecraft:cobbled_deepslate":162,"minecraft:cyan_concrete_powder":1,"minecraft:acacia_planks":844,"minecraft:horn_coral_block":79,"minecraft:stone_pressure_plate":3,"minecraft:cherry_log":64,"minecraft:cooked_beef":1,"minecraft:orange_stained_glass_pane":3,"minecraft:cherry_fence":1,"minecraft:magenta_dye":2,"minecraft:orange_terracotta":792,"minecraft:pumpkin":5,"minecraft:light_gray_bed":6,"minecraft:horn_coral_fan":13,"minecraft:pointed_dripstone":145,"minecraft:brain_coral_block":60,"minecraft:calcite":93,"minecraft:wheat_seeds":6,"minecraft:water_bucket":422,"minecraft:warped_stem":53,"minecraft:amethyst_block":95,"minecraft:iron_ore":201,"minecraft:pink_tulip":9,"minecraft:cobblestone_stairs":27,"minecraft:tube_coral_block":54,"minecraft:dirt_path":164,"minecraft:sandstone_stairs":12,"minecraft:snow_block":1,"minecraft:dark_oak_hanging_sign":2,"minecraft:birch_planks":373,"minecraft:blue_wool":207,"minecraft:netherite_chestplate":1,"minecraft:lime_wool":135,"minecraft:mud_brick_slab":53,"minecraft:bubble_coral_fan":13,"minecraft:pink_banner":4,"minecraft:andesite_slab":67,"minecraft:waxed_oxidized_cut_copper":19,"minecraft:smooth_sandstone_slab":5,"minecraft:cherry_planks":2,"minecraft:cut_sandstone":6,"minecraft:red_mushroom_block":67,"minecraft:brown_mushroom":8,"minecraft:cauldron":11,"minecraft:spruce_sign":32,"minecraft:spruce_fence_gate":2,"minecraft:red_glazed_terracotta":3,"minecraft:stonecutter":3,"minecraft:glow_ink_sac":39,"minecraft:cobblestone_slab":35,"minecraft:gold_ore":215,"minecraft:warped_roots":15,"minecraft:gilded_blackstone":29,"minecraft:salmon":10,"minecraft:mangrove_trapdoor":15,"minecraft:pink_concrete":62,"minecraft:jungle_wood":4,"minecraft:polished_blackstone_pressure_plate":4,"minecraft:diamond_block":12,"minecraft:mossy_cobblestone":1373,"minecraft:acacia_hanging_sign":1,"minecraft:orange_carpet":6,"minecraft:lime_terracotta":55,"minecraft:rail":91,"minecraft:terracotta":6,"minecraft:vine":81,"minecraft:lime_bed":3,"minecraft:dark_prismarine_slab":2,"minecraft:oak_slab":173,"minecraft:tnt":222,"minecraft:crafting_table":37,"minecraft:red_bed":6,"minecraft:dead_fire_coral_block":4,"minecraft:red_mushroom":11,"minecraft:birch_sign":3,"minecraft:bamboo_block":6,"minecraft:campfire":28,"minecraft:light_gray_concrete_powder":1,"minecraft:fire_coral":12,"minecraft:painting":6,"minecraft:smoker":1,"minecraft:warped_planks":105,"minecraft:mushroom_stem":16,"minecraft:cake":7,"minecraft:spruce_log":133,"minecraft:oak_log":16,"minecraft:mud":311,"minecraft:dark_prismarine":3,"minecraft:netherite_block":226,"minecraft:flower_pot":1,"minecraft:acacia_stairs":59,"minecraft:diamond_pickaxe":11,"minecraft:cornflower":4,"minecraft:oxeye_daisy":3,"minecraft:warped_trapdoor":5,"minecraft:diamond_shovel":36,"minecraft:acacia_sign":45,"minecraft:mangrove_pressure_plate":9,"minecraft:dead_fire_coral":2,"minecraft:command_block":44,"minecraft:sunflower":2,"minecraft:mangrove_propagule":1,"minecraft:iron_pickaxe":3,"minecraft:oak_button":4,"minecraft:spruce_pressure_plate":5,"minecraft:jungle_stairs":1,"minecraft:magenta_concrete":62,"minecraft:stone_slab":283,"minecraft:spruce_trapdoor":15,"minecraft:magenta_concrete_powder":56,"minecraft:crimson_nylium":35,"minecraft:yellow_wool":26,"minecraft:tuff_brick_slab":1,"minecraft:acacia_fence_gate":4,"minecraft:crimson_sign":6,"minecraft:magenta_banner":2,"minecraft:pink_petals":5,"minecraft:chiseled_stone_bricks":255,"minecraft:brown_stained_glass_pane":1,"minecraft:fishing_rod":264,"minecraft:fire_coral_block":76,"minecraft:cobblestone":548,"minecraft:cherry_stairs":5,"minecraft:azalea_leaves":98,"minecraft:purple_bed":15,"minecraft:acacia_pressure_plate":14,"minecraft:mud_brick_wall":6,"minecraft:jungle_door":3,"minecraft:sandstone_slab":100,"minecraft:lapis_block":289,"minecraft:glass_pane":27,"minecraft:magenta_glazed_terracotta":17,"minecraft:repeating_command_block":3,"minecraft:yellow_bed":1,"minecraft:wither_rose":1,"minecraft:sea_pickle":156,"minecraft:stripped_oak_log":340,"minecraft:gray_wool":9,"minecraft:dandelion":3,"minecraft:smooth_stone":317,"minecraft:sculk_vein":3,"minecraft:sculk_catalyst":1,"minecraft:candle":22,"minecraft:birch_stairs":34,"minecraft:soul_torch":1},"minecraft:killed":{"minecraft:magma_cube":24,"minecraft:cow":348,"minecraft:villager":7},"minecraft:dropped":{"minecraft:iron_sword":353,"minecraft:short_grass":1,"minecraft:birch_planks":1,"minecraft:lantern":1,"minecraft:elytra":1,"minecraft:cobblestone_stairs":1,"minecraft:emerald":10,"minecraft:packed_ice":1,"minecraft:netherite_boots":2,"minecraft:sand":1,"minecraft:gold_ingot":3,"minecraft:mycelium":1,"minecraft:ochre_froglight":1,"minecraft:iron_ore":1,"minecraft:warped_wart_block":1,"minecraft:firework_rocket":1,"minecraft:iron_ingot":2,"minecraft:chorus_flower":1,"minecraft:tnt":1,"minecraft:feather":1,"minecraft:knowledge_book":1,"minecraft:amethyst_block":1,"minecraft:spruce_door":1,"minecraft:grass_block":1,"minecraft:stick":1,"minecraft:lava_bucket":5,"minecraft:dead_bush":1,"minecraft:iron_axe":12,"minecraft:debug_stick":2,"minecraft:oak_sign":1,"minecraft:shears":42,"minecraft:red_terracotta":1,"minecraft:diamond_sword":1,"minecraft:stone":4,"minecraft:orange_terracotta":1,"minecraft:spruce_planks":1,"minecraft:diamond_pickaxe":30,"minecraft:sandstone":1,"minecraft:red_sand":1,"minecraft:magma_block":1}},"DataVersion":4189}