{"stats":{"minecraft:mined":{"minecraft:obsidian":1,"minecraft:blue_wool":1,"minecraft:player_head":1,"minecraft:red_bed":35,"minecraft:torch":1,"minecraft:spruce_wall_sign":1,"minecraft:spruce_sign":1,"minecraft:purple_candle":1,"minecraft:end_stone":1,"minecraft:allium":64,"minecraft:crimson_roots":3,"minecraft:poppy":11,"minecraft:oak_planks":21,"minecraft:yellow_wool":14,"minecraft:sand":3,"minecraft:oak_leaves":44,"minecraft:glow_lichen":1,"minecraft:blue_bed":5,"minecraft:lime_bed":17,"minecraft:yellow_bed":8},"minecraft:custom":{"minecraft:interact_with_crafting_table":4,"minecraft:open_barrel":131,"minecraft:bell_ring":13,"minecraft:eat_cake_slice":3,"minecraft:leave_game":583,"minecraft:time_since_death":13776,"minecraft:play_time":7523123,"minecraft:deaths":72,"minecraft:jump":61802,"minecraft:interact_with_furnace":61,"minecraft:traded_with_villager":7,"minecraft:sleep_in_bed":4,"minecraft:damage_dealt":264,"minecraft:interact_with_smoker":9,"minecraft:inspect_dispenser":1,"minecraft:interact_with_smithing_table":2,"minecraft:interact_with_anvil":5,"minecraft:inspect_hopper":30,"minecraft:target_hit":7,"minecraft:sneak_time":435828,"minecraft:interact_with_lectern":47,"minecraft:interact_with_blast_furnace":26,"minecraft:total_world_time":7523123,"minecraft:tune_noteblock":2,"minecraft:time_since_rest":13778,"minecraft:swim_one_cm":244693,"minecraft:fly_one_cm":72446213,"minecraft:open_chest":52,"minecraft:fall_one_cm":844835,"minecraft:open_shulker_box":4,"minecraft:sprint_one_cm":8899952,"minecraft:drop":1312,"minecraft:talked_to_villager":55,"minecraft:interact_with_brewingstand":4,"minecraft:walk_on_water_one_cm":248277,"minecraft:interact_with_loom":1,"minecraft:crouch_one_cm":759056,"minecraft:mob_kills":7,"minecraft:climb_one_cm":103466,"minecraft:walk_one_cm":2218543,"minecraft:walk_under_water_one_cm":377762,"minecraft:boat_one_cm":2930,"minecraft:pot_flower":13,"minecraft:interact_with_grindstone":1,"minecraft:damage_taken":70303,"minecraft:trigger_trapped_chest":2,"minecraft:minecart_one_cm":12183,"minecraft:aviate_one_cm":320592},"minecraft:killed_by":{"minecraft:creeper":2,"minecraft:player":2},"minecraft:picked_up":{"minecraft:flower_pot":1,"minecraft:purple_shulker_box":3,"minecraft:brewing_stand":2,"minecraft:farmland":1,"minecraft:gray_shulker_box":3,"minecraft:feather":4,"minecraft:cooked_beef":1,"minecraft:smoker":1,"minecraft:map":1,"minecraft:magenta_terracotta":1,"minecraft:lantern":1,"minecraft:warped_wart_block":2,"minecraft:dropper":3,"minecraft:trapped_chest":2,"minecraft:barrel":1,"minecraft:dispenser":3,"minecraft:blue_terracotta":64,"minecraft:writable_book":1,"minecraft:brown_stained_glass_pane":1,"minecraft:iron_nugget":15,"minecraft:chest":67,"minecraft:lime_shulker_box":3,"minecraft:stone":1,"minecraft:cyan_shulker_box":3,"minecraft:shears":1,"minecraft:white_shulker_box":3,"minecraft:yellow_shulker_box":3,"minecraft:acacia_wood":1,"minecraft:paper":7,"minecraft:spruce_sapling":1,"minecraft:ender_pearl":10,"minecraft:light_gray_shulker_box":3,"minecraft:pink_shulker_box":3,"minecraft:black_shulker_box":3,"minecraft:orange_shulker_box":3,"minecraft:torch":1,"minecraft:brown_shulker_box":3,"minecraft:green_shulker_box":3,"minecraft:lapis_lazuli":4,"minecraft:prismarine":1,"minecraft:oak_planks":1,"minecraft:light_blue_shulker_box":3,"minecraft:shulker_box":3,"minecraft:slime_block":1,"minecraft:emerald":5,"minecraft:splash_potion":1,"minecraft:chain":1,"minecraft:player_head":66,"minecraft:blue_shulker_box":3,"minecraft:magenta_shulker_box":3,"minecraft:red_shulker_box":3,"minecraft:wooden_hoe":1,"minecraft:iron_ingot":5,"minecraft:book":3,"minecraft:oak_slab":1,"minecraft:dripstone_block":1,"minecraft:blast_furnace":1},"minecraft:dropped":{"minecraft:iron_sword":149,"minecraft:acacia_wood":3,"minecraft:short_grass":74,"minecraft:cooked_beef":81,"minecraft:mud_brick_slab":1,"minecraft:emerald_ore":1,"minecraft:red_sandstone":1,"minecraft:dark_oak_slab":1,"minecraft:orange_tulip":1,"minecraft:glow_item_frame":64,"minecraft:warped_hyphae":1,"minecraft:light_weighted_pressure_plate":2,"minecraft:emerald":3,"minecraft:gold_block":1,"minecraft:dirt":3,"minecraft:dark_oak_fence":2,"minecraft:chain":2,"minecraft:gold_nugget":14,"minecraft:bone_meal":64,"minecraft:sand":19,"minecraft:dark_oak_planks":1,"minecraft:pink_concrete":2,"minecraft:waxed_cut_copper_stairs":1,"minecraft:sugar_cane":1,"minecraft:diamond_block":1,"minecraft:cobbled_deepslate":1,"minecraft:netherite_sword":1,"minecraft:blue_wool":1,"minecraft:obsidian":1,"minecraft:oak_planks":1,"minecraft:end_stone":2,"minecraft:blue_stained_glass":1,"minecraft:sea_lantern":65,"minecraft:orange_banner":9,"minecraft:coal_ore":2,"minecraft:jungle_stairs":64,"minecraft:spruce_slab":2,"minecraft:podzol":3,"minecraft:warped_wart_block":8,"minecraft:acacia_fence":1,"minecraft:crimson_planks":64,"minecraft:birch_leaves":1,"minecraft:mangrove_leaves":2,"minecraft:mangrove_trapdoor":1,"minecraft:dripstone_block":1,"minecraft:horn_coral_block":1,"minecraft:barrier":4,"minecraft:cobblestone":4,"minecraft:command_block":64,"minecraft:music_disc_pigstep":1,"minecraft:bamboo_block":4,"minecraft:lava_bucket":4,"minecraft:wooden_hoe":1,"minecraft:wooden_axe":3,"minecraft:lime_carpet":1,"minecraft:oak_stairs":2,"minecraft:pumpkin":3,"minecraft:orange_concrete_powder":2,"minecraft:magenta_glazed_terracotta":1,"minecraft:mud":1,"minecraft:smooth_stone":1,"minecraft:lily_pad":1,"minecraft:spruce_sapling":1,"minecraft:furnace":1,"minecraft:moss_carpet":67,"minecraft:soul_soil":3,"minecraft:soul_torch":1,"minecraft:player_head":130,"minecraft:pitcher_plant":1,"minecraft:cobblestone_wall":64,"minecraft:orange_concrete":1,"minecraft:slime_block":7,"minecraft:stone_slab":2,"minecraft:glow_lichen":65,"minecraft:cobbled_deepslate_slab":2,"minecraft:debug_stick":2,"minecraft:nether_bricks":1,"minecraft:oak_sign":2,"minecraft:spruce_fence":65,"minecraft:polished_deepslate_stairs":1,"minecraft:shears":5,"minecraft:lily_of_the_valley":1,"minecraft:cobblestone_slab":1,"minecraft:shroomlight":129,"minecraft:stone":100,"minecraft:flower_pot":1,"minecraft:sea_pickle":1,"minecraft:allium":1,"minecraft:peony":1,"minecraft:spruce_planks":2,"minecraft:bamboo":64,"minecraft:sandstone":1,"minecraft:green_concrete_powder":2,"minecraft:magma_block":69,"minecraft:stripped_spruce_wood":1,"minecraft:dark_prismarine":1,"minecraft:pink_concrete_powder":1,"minecraft:gold_ore":1,"minecraft:crimson_nylium":3,"minecraft:warped_stem":1,"minecraft:soul_sand":1,"minecraft:candle":1,"minecraft:moss_block":4,"minecraft:brown_mushroom":64,"minecraft:birch_planks":1,"minecraft:ender_pearl":10,"minecraft:jungle_fence":1,"minecraft:lime_terracotta":1,"minecraft:lantern":323,"minecraft:jungle_planks":65,"minecraft:mangrove_planks":3,"minecraft:bedrock":1,"minecraft:spruce_leaves":4,"minecraft:crimson_roots":1,"minecraft:stripped_oak_wood":64,"minecraft:cauldron":1,"minecraft:gold_ingot":3,"minecraft:gravel":1,"minecraft:blackstone":3,"minecraft:mangrove_roots":2,"minecraft:chiseled_tuff_bricks":1,"minecraft:andesite_slab":2,"minecraft:yellow_wool":1,"minecraft:fern":4,"minecraft:prismarine":2,"minecraft:glowstone":3,"minecraft:acacia_slab":65,"minecraft:chest":65,"minecraft:spruce_wood":2,"minecraft:blackstone_slab":1,"minecraft:iron_ore":1,"minecraft:basalt":2,"minecraft:white_concrete_powder":1,"minecraft:oak_leaves":1,"minecraft:light_gray_concrete_powder":1,"minecraft:magenta_wool":64,"minecraft:polished_granite":1,"minecraft:splash_potion":1,"minecraft:netherrack":66,"minecraft:firework_rocket":3,"minecraft:water_bucket":1,"minecraft:torchflower":1,"minecraft:purple_terracotta":1,"minecraft:oak_slab":2,"minecraft:vine":1,"minecraft:red_concrete_powder":1,"minecraft:lilac":1,"minecraft:andesite_wall":64,"minecraft:amethyst_block":1,"minecraft:spruce_stairs":3,"minecraft:grass_block":71,"minecraft:spruce_fence_gate":1,"minecraft:mossy_cobblestone_slab":1,"minecraft:torch":1,"minecraft:iron_door":1,"minecraft:waxed_oxidized_copper":1,"minecraft:green_carpet":1,"minecraft:jungle_leaves":1,"minecraft:iron_axe":4,"minecraft:redstone_block":1,"minecraft:dandelion":1,"minecraft:polished_deepslate":1,"minecraft:blue_terracotta":64,"minecraft:warped_nylium":1,"minecraft:tuff":1,"minecraft:brown_stained_glass_pane":1,"minecraft:villager_spawn_egg":1,"minecraft:dirt_path":66,"minecraft:flint_and_steel":3,"minecraft:muddy_mangrove_roots":1,"minecraft:orange_terracotta":67,"minecraft:andesite":67,"minecraft:blue_ice":1,"minecraft:stripped_cherry_log":1,"minecraft:spruce_log":66,"minecraft:magenta_terracotta":2},"minecraft:used":{"minecraft:peony":23,"minecraft:moss_block":517,"minecraft:nether_brick_fence":3,"minecraft:jack_o_lantern":1,"minecraft:writable_book":18,"minecraft:smooth_quartz_slab":18,"minecraft:spruce_slab":809,"minecraft:ladder":11,"minecraft:suspicious_sand":47,"minecraft:poppy":49,"minecraft:elytra":13,"minecraft:chest":9,"minecraft:stone":6811,"minecraft:brown_concrete":6,"minecraft:quartz_stairs":9,"minecraft:farmland":15,"minecraft:tube_coral":2,"minecraft:soul_sand":11,"minecraft:lily_of_the_valley":43,"minecraft:blue_stained_glass":14,"minecraft:jungle_slab":461,"minecraft:allium":96,"minecraft:snowball":526,"minecraft:azure_bluet":22,"minecraft:stripped_spruce_log":42,"minecraft:warden_spawn_egg":2,"minecraft:honey_block":154,"minecraft:lava_bucket":389,"minecraft:stripped_dark_oak_wood":4,"minecraft:quartz_pillar":23,"minecraft:villager_spawn_egg":1,"minecraft:mangrove_stairs":13,"minecraft:red_wool":47,"minecraft:warped_hyphae":12,"minecraft:black_stained_glass_pane":1,"minecraft:grass_block":2833,"minecraft:birch_sapling":1,"minecraft:quartz_block":103,"minecraft:netherite_hoe":74,"minecraft:dark_oak_slab":114,"minecraft:pink_wool":1,"minecraft:stone_brick_stairs":14,"minecraft:red_stained_glass_pane":11,"minecraft:snow":631,"minecraft:sweet_berries":56,"minecraft:furnace":27,"minecraft:acacia_fence":105,"minecraft:end_stone_brick_stairs":5,"minecraft:green_stained_glass_pane":9,"minecraft:seagrass":343,"minecraft:short_grass":391,"minecraft:emerald_ore":22,"minecraft:diorite":65,"minecraft:spruce_door":2,"minecraft:stripped_birch_log":43,"minecraft:acacia_trapdoor":4,"minecraft:blackstone_stairs":3,"minecraft:prismarine":110,"minecraft:cactus":10,"minecraft:orange_tulip":47,"minecraft:blackstone":228,"minecraft:composter":6,"minecraft:clay":39,"minecraft:oak_leaves":380,"minecraft:smooth_quartz_stairs":10,"minecraft:stripped_mangrove_wood":4,"minecraft:glow_berries":45,"minecraft:purpur_stairs":5,"minecraft:sand":797,"minecraft:blast_furnace":11,"minecraft:acacia_leaves":20,"minecraft:blue_ice":7,"minecraft:purple_terracotta":1,"minecraft:birch_fence":217,"minecraft:deepslate_tiles":33,"minecraft:red_sandstone":3,"minecraft:chiseled_sandstone":49,"minecraft:crying_obsidian":13,"minecraft:gray_stained_glass_pane":2,"minecraft:birch_slab":156,"minecraft:stone_button":27,"minecraft:verdant_froglight":25,"minecraft:lectern":7,"minecraft:red_terracotta":31,"minecraft:polished_granite":7,"minecraft:oak_pressure_plate":1,"minecraft:flowering_azalea_leaves":46,"minecraft:lilac":37,"minecraft:polished_andesite_slab":13,"minecraft:soul_lantern":2,"minecraft:chiseled_tuff_bricks":2,"minecraft:fire_charge":8,"minecraft:chiseled_copper":28,"minecraft:nether_wart_block":126,"minecraft:suspicious_gravel":2,"minecraft:dark_oak_fence":46,"minecraft:white_stained_glass":35,"minecraft:green_concrete_powder":5,"minecraft:birch_log":8,"minecraft:diorite_slab":5,"minecraft:diorite_stairs":50,"minecraft:oak_trapdoor":6,"minecraft:stripped_acacia_wood":38,"minecraft:polished_blackstone_brick_slab":1,"minecraft:dead_tube_coral_block":42,"minecraft:acacia_log":5,"minecraft:orange_concrete":22,"minecraft:dead_bush":86,"minecraft:carved_pumpkin":6,"minecraft:light_gray_carpet":13,"minecraft:mycelium":112,"minecraft:stripped_warped_stem":5,"minecraft:mangrove_fence":13,"minecraft:polished_blackstone_wall":16,"minecraft:netherrack":119,"minecraft:torch":70,"minecraft:brewing_stand":1,"minecraft:anvil":1,"minecraft:warped_wart_block":288,"minecraft:chorus_flower":49,"minecraft:twisting_vines":12,"minecraft:crimson_hyphae":6,"minecraft:dead_tube_coral":48,"minecraft:stone_stairs":4,"minecraft:nether_brick_slab":2,"minecraft:yellow_carpet":26,"minecraft:jungle_trapdoor":5,"minecraft:glow_lichen":415,"minecraft:blue_concrete":1,"minecraft:polished_diorite":3,"minecraft:fern":305,"minecraft:small_dripleaf":7,"minecraft:shroomlight":175,"minecraft:mossy_cobblestone_stairs":82,"minecraft:sea_lantern":144,"minecraft:iron_axe":21,"minecraft:muddy_mangrove_roots":26,"minecraft:light_weighted_pressure_plate":4,"minecraft:rooted_dirt":1,"minecraft:cherry_slab":1,"minecraft:warped_fence":104,"minecraft:slime_block":376,"minecraft:jungle_log":1,"minecraft:smooth_quartz":137,"minecraft:barrel":20,"minecraft:smooth_basalt":28,"minecraft:bamboo":41,"minecraft:basalt":86,"minecraft:tripwire_hook":4,"minecraft:purple_concrete":14,"minecraft:glowstone":15,"minecraft:warped_stairs":32,"minecraft:magenta_wool":3,"minecraft:tall_grass":1,"minecraft:podzol":625,"minecraft:acacia_wood":101,"minecraft:trapped_chest":1,"minecraft:acacia_planks":211,"minecraft:cobbled_deepslate":4,"minecraft:cherry_fence":33,"minecraft:orange_terracotta":141,"minecraft:hanging_roots":7,"minecraft:horn_coral_fan":1,"minecraft:pointed_dripstone":36,"minecraft:calcite":172,"minecraft:wheat_seeds":42,"minecraft:chiseled_bookshelf":5,"minecraft:water_bucket":511,"minecraft:dirt_path":497,"minecraft:tube_coral_block":3,"minecraft:sandstone_stairs":39,"minecraft:birch_planks":296,"minecraft:prismarine_brick_slab":2,"minecraft:lime_wool":18,"minecraft:waxed_oxidized_cut_copper":3,"minecraft:smooth_sandstone_slab":9,"minecraft:cherry_planks":81,"minecraft:red_mushroom_block":79,"minecraft:blue_concrete_powder":1,"minecraft:cauldron":2,"minecraft:fletching_table":2,"minecraft:glow_ink_sac":2,"minecraft:spruce_fence_gate":1,"minecraft:gold_ore":6,"minecraft:deepslate_bricks":3,"minecraft:polished_blackstone_bricks":4,"minecraft:gilded_blackstone":90,"minecraft:pink_concrete":2,"minecraft:mossy_cobblestone":102,"minecraft:diamond_block":37,"minecraft:orange_carpet":7,"minecraft:rail":4,"minecraft:vine":66,"minecraft:tnt":30,"minecraft:oak_slab":62,"minecraft:crafting_table":7,"minecraft:red_bed":3,"minecraft:birch_sign":20,"minecraft:campfire":10,"minecraft:fire_coral":1,"minecraft:cake":4,"minecraft:spruce_log":27,"minecraft:mushroom_stem":240,"minecraft:oak_log":6,"minecraft:mud":201,"minecraft:dark_prismarine":45,"minecraft:light":5,"minecraft:diamond_pickaxe":1,"minecraft:cornflower":17,"minecraft:stripped_jungle_log":44,"minecraft:mangrove_propagule":29,"minecraft:iron_pickaxe":1,"minecraft:spruce_pressure_plate":4,"minecraft:cyan_concrete":8,"minecraft:spruce_trapdoor":35,"minecraft:spruce_sapling":12,"minecraft:crimson_nylium":68,"minecraft:green_carpet":2,"minecraft:cobblestone":360,"minecraft:azalea_leaves":69,"minecraft:orange_banner":4,"minecraft:acacia_pressure_plate":1,"minecraft:crimson_stairs":30,"minecraft:red_concrete_powder":7,"minecraft:andesite_stairs":15,"minecraft:sandstone_slab":6,"minecraft:glass_pane":4,"minecraft:repeating_command_block":2,"minecraft:stripped_oak_log":149,"minecraft:dandelion":7,"minecraft:candle":64,"minecraft:brown_mushroom_block":220,"minecraft:moss_carpet":95,"minecraft:purple_candle":29,"minecraft:blue_terracotta":16,"minecraft:red_sand":29,"minecraft:polished_deepslate":2,"minecraft:light_gray_stained_glass_pane":4,"minecraft:dead_tube_coral_fan":36,"minecraft:bone_block":68,"minecraft:oak_sign":68,"minecraft:polished_basalt":10,"minecraft:white_concrete_powder":10,"minecraft:white_terracotta":9,"minecraft:iron_sword":65,"minecraft:stripped_jungle_wood":19,"minecraft:bubble_coral":2,"minecraft:player_head":106,"minecraft:stripped_crimson_stem":5,"minecraft:debug_stick":414,"minecraft:spruce_leaves":518,"minecraft:jungle_planks":130,"minecraft:nether_bricks":3,"minecraft:prismarine_brick_stairs":1,"minecraft:pink_terracotta":1,"minecraft:tuff":65,"minecraft:beehive":8,"minecraft:polished_deepslate_stairs":6,"minecraft:waxed_oxidized_copper":2,"minecraft:cyan_terracotta":14,"minecraft:bricks":1,"minecraft:coal_ore":13,"minecraft:spruce_wood":422,"minecraft:lantern":153,"minecraft:blue_orchid":93,"minecraft:warped_nylium":83,"minecraft:dark_oak_wood":56,"minecraft:mossy_cobblestone_slab":2,"minecraft:gray_concrete_powder":21,"minecraft:crimson_roots":6,"minecraft:stone_bricks":20,"minecraft:bedrock":5,"minecraft:birch_button":5,"minecraft:red_carpet":2,"minecraft:redstone_lamp":53,"minecraft:honeycomb_block":1040,"minecraft:magma_block":65,"minecraft:horn_coral":2,"minecraft:hay_block":126,"minecraft:scaffolding":17,"minecraft:mangrove_roots":87,"minecraft:polished_diorite_stairs":2,"minecraft:gold_block":6,"minecraft:pink_concrete_powder":14,"minecraft:pearlescent_froglight":25,"minecraft:stripped_spruce_wood":349,"minecraft:dark_oak_sapling":1,"minecraft:mangrove_leaves":128,"minecraft:chiseled_polished_blackstone":1,"minecraft:dark_oak_stairs":105,"minecraft:waxed_oxidized_cut_copper_slab":1,"minecraft:tube_coral_fan":1,"minecraft:torchflower":22,"minecraft:birch_leaves":333,"minecraft:mangrove_planks":65,"minecraft:jungle_fence":266,"minecraft:oak_planks":448,"minecraft:birch_wood":102,"minecraft:polished_diorite_slab":1,"minecraft:ender_pearl":5,"minecraft:sandstone":412,"minecraft:end_stone_brick_slab":1,"minecraft:redstone_block":8,"minecraft:structure_void":73,"minecraft:sugar_cane":24,"minecraft:white_wool":7,"minecraft:brain_coral":1,"minecraft:yellow_terracotta":354,"minecraft:light_blue_concrete":35,"minecraft:light_blue_wool":24,"minecraft:yellow_concrete":12,"minecraft:dead_bubble_coral":8,"minecraft:sponge":16,"minecraft:ochre_froglight":62,"minecraft:dripstone_block":438,"minecraft:lingering_potion":3,"minecraft:cobbled_deepslate_stairs":2,"minecraft:end_stone":129,"minecraft:shears":15,"minecraft:redstone_torch":5,"minecraft:black_terracotta":24,"minecraft:sticky_piston":1,"minecraft:black_concrete":126,"minecraft:firework_rocket":30,"minecraft:daylight_detector":18,"minecraft:acacia_door":1,"minecraft:dark_oak_log":7,"minecraft:lime_carpet":8,"minecraft:heavy_weighted_pressure_plate":1,"minecraft:cyan_bed":1,"minecraft:barrier":34,"minecraft:brown_wool":84,"minecraft:warped_slab":61,"minecraft:iron_door":6,"minecraft:gravel":190,"minecraft:deepslate":12,"minecraft:blackstone_slab":49,"minecraft:stripped_warped_hyphae":33,"minecraft:dead_horn_coral_fan":16,"minecraft:stripped_oak_wood":160,"minecraft:crimson_door":1,"minecraft:andesite":814,"minecraft:chain":41,"minecraft:smooth_stone_slab":9,"minecraft:mossy_cobblestone_wall":7,"minecraft:white_concrete":81,"minecraft:stripped_cherry_log":15,"minecraft:coarse_dirt":79,"minecraft:chorus_plant":169,"minecraft:bone_meal":298,"minecraft:cobweb":7,"minecraft:oak_fence":221,"minecraft:orange_concrete_powder":42,"minecraft:jungle_leaves":273,"minecraft:rose_bush":55,"minecraft:cherry_wood":47,"minecraft:flint_and_steel":14,"minecraft:white_tulip":4,"minecraft:cracked_deepslate_bricks":2,"minecraft:stone_shovel":186,"minecraft:redstone":2,"minecraft:light_blue_terracotta":4,"minecraft:spruce_planks":254,"minecraft:stripped_birch_wood":90,"minecraft:oak_door":3,"minecraft:end_stone_brick_wall":6,"minecraft:dirt":1907,"minecraft:prismarine_bricks":10,"minecraft:spruce_stairs":37,"minecraft:cobblestone_wall":31,"minecraft:oak_wood":774,"minecraft:bee_nest":7,"minecraft:granite":30,"minecraft:spruce_fence":222,"minecraft:light_blue_stained_glass":58,"minecraft:birch_door":3,"minecraft:andesite_wall":50,"minecraft:stone_brick_slab":2,"minecraft:dark_oak_planks":35,"minecraft:red_tulip":14,"minecraft:bookshelf":18,"minecraft:oak_stairs":77,"minecraft:acacia_slab":79,"minecraft:crimson_slab":98,"minecraft:red_candle":16,"minecraft:crimson_planks":6,"minecraft:yellow_concrete_powder":2,"minecraft:light_gray_wool":5,"minecraft:emerald_block":6,"minecraft:soul_soil":22,"minecraft:dark_oak_pressure_plate":4,"minecraft:white_stained_glass_pane":7,"minecraft:cyan_concrete_powder":3,"minecraft:stone_pressure_plate":18,"minecraft:granite_wall":8,"minecraft:cooked_beef":44,"minecraft:powder_snow_bucket":15,"minecraft:brown_candle":5,"minecraft:orange_stained_glass_pane":23,"minecraft:pumpkin":35,"minecraft:pink_tulip":5,"minecraft:iron_ore":6,"minecraft:amethyst_block":6,"minecraft:cobblestone_stairs":34,"minecraft:pink_glazed_terracotta":1,"minecraft:snow_block":309,"minecraft:polished_andesite":33,"minecraft:red_nether_bricks":6,"minecraft:mud_brick_slab":109,"minecraft:blue_wool":3,"minecraft:andesite_slab":13,"minecraft:cut_sandstone":31,"minecraft:brown_mushroom":65,"minecraft:spruce_sign":9,"minecraft:green_bed":1,"minecraft:cobblestone_slab":143,"minecraft:warped_roots":7,"minecraft:glow_item_frame":1,"minecraft:jungle_wood":167,"minecraft:stripped_dark_oak_log":15,"minecraft:mangrove_trapdoor":1,"minecraft:terracotta":12,"minecraft:dark_prismarine_slab":1,"minecraft:lime_bed":1,"minecraft:red_mushroom":37,"minecraft:brown_banner":26,"minecraft:bamboo_block":11,"minecraft:yellow_stained_glass_pane":19,"minecraft:light_gray_concrete_powder":23,"minecraft:painting":4,"minecraft:smoker":2,"minecraft:warped_planks":1,"minecraft:book":8,"minecraft:netherite_block":11,"minecraft:flower_pot":2,"minecraft:acacia_stairs":17,"minecraft:black_wool":5,"minecraft:dead_fire_coral":5,"minecraft:command_block":23,"minecraft:gray_candle":46,"minecraft:stone_slab":188,"minecraft:jungle_stairs":79,"minecraft:magenta_concrete":5,"minecraft:budding_amethyst":1,"minecraft:yellow_wool":159,"minecraft:fishing_rod":50,"minecraft:brown_stained_glass_pane":26,"minecraft:cherry_stairs":71,"minecraft:stripped_crimson_hyphae":38,"minecraft:cobbled_deepslate_slab":8,"minecraft:mud_brick_wall":25,"minecraft:jungle_door":7,"minecraft:bucket":1,"minecraft:lapis_block":2,"minecraft:magenta_glazed_terracotta":19,"minecraft:yellow_bed":11,"minecraft:wither_rose":1,"minecraft:sea_pickle":86,"minecraft:smooth_stone":23,"minecraft:splash_potion":21,"minecraft:birch_stairs":44,"minecraft:soul_torch":1},"minecraft:crafted":{"minecraft:gunpowder":5,"minecraft:sand":24,"minecraft:tnt":1},"minecraft:killed":{"minecraft:magma_cube":5}},"DataVersion":3700}