{
    "parent": "main:firstsnake",
    "display": {
        "title": {"text":"Water champion","color":"yellow","bold":true},
        "description": {"text":"Beat the rising water level","color":"white","bold":false},
        "icon": {
            "item": "minecraft:water_bucket"
        },
        "frame": "task",
        "show_toast": true,
        "announce_to_chat": false,
        "hidden":true
    },
    "criteria": {
        "0": {
            "trigger": "minecraft:impossible"
        }
    }
}