{"stats":{"minecraft:used":{"minecraft:andesite_wall":15,"minecraft:oak_fence":81,"minecraft:light_blue_candle":8,"minecraft:light_blue_stained_glass_pane":4,"minecraft:light_blue_banner":8,"minecraft:water_bucket":3,"minecraft:writable_book":4,"minecraft:end_stone_bricks":3,"minecraft:iron_ore":46,"minecraft:coal_ore":71,"minecraft:daylight_detector":3,"minecraft:acacia_sign":1,"minecraft:flint_and_steel":1,"minecraft:snow_block":4,"minecraft:stripped_birch_log":17,"minecraft:lantern":15,"minecraft:red_concrete":69,"minecraft:spawner":8,"minecraft:oak_sign":10,"minecraft:andesite_slab":4,"minecraft:chest":6,"minecraft:dark_oak_slab":4,"minecraft:stone":310,"minecraft:structure_void":1,"minecraft:cauldron":1,"minecraft:deepslate":17,"minecraft:glow_ink_sac":2,"minecraft:soul_lantern":1,"minecraft:debug_stick":6,"minecraft:glow_berries":31,"minecraft:blue_candle":1,"minecraft:rail":8,"minecraft:redstone_lamp":4,"minecraft:red_nether_brick_slab":1,"minecraft:cyan_stained_glass_pane":1,"minecraft:oak_slab":107,"minecraft:furnace":5,"minecraft:minecart":8,"minecraft:andesite":89,"minecraft:chain":6,"minecraft:blue_ice":9,"minecraft:chest_minecart":2,"minecraft:ochre_froglight":17,"minecraft:tuff":6,"minecraft:glow_lichen":13,"minecraft:spruce_fence":2},"minecraft:custom":{"minecraft:time_since_rest":135600,"minecraft:interact_with_furnace":3,"minecraft:sprint_one_cm":296649,"minecraft:damage_taken":40,"minecraft:walk_one_cm":177678,"minecraft:minecart_one_cm":892,"minecraft:fly_one_cm":855612,"minecraft:fill_cauldron":3,"minecraft:crouch_one_cm":118,"minecraft:play_time":135600,"minecraft:sneak_time":175,"minecraft:walk_under_water_one_cm":1071,"minecraft:boat_one_cm":6615,"minecraft:interact_with_lectern":5,"minecraft:jump":2120,"minecraft:leave_game":10,"minecraft:time_since_death":135600,"minecraft:walk_on_water_one_cm":5256,"minecraft:total_world_time":135600,"minecraft:climb_one_cm":1805,"minecraft:fall_one_cm":2183}},"DataVersion":3465}