{"stats":{"minecraft:used":{"minecraft:calcite":5,"minecraft:end_stone_bricks":1,"minecraft:lava_bucket":25,"minecraft:mangrove_pressure_plate":2,"minecraft:mangrove_stairs":26,"minecraft:lantern":3,"minecraft:red_concrete":32,"minecraft:jungle_fence":3,"minecraft:warped_slab":9,"minecraft:slime_block":25,"minecraft:mangrove_planks":300,"minecraft:chest":2,"minecraft:stone":3,"minecraft:stripped_birch_wood":54,"minecraft:mangrove_fence":35,"minecraft:barrel":7,"minecraft:stripped_mangrove_log":94,"minecraft:warped_stairs":10,"minecraft:snow":2,"minecraft:coal_block":38,"minecraft:red_stained_glass_pane":2,"minecraft:redstone_lamp":4,"minecraft:magma_block":50,"minecraft:mangrove_trapdoor":11,"minecraft:jungle_planks":11,"minecraft:mangrove_slab":85,"minecraft:blast_furnace":15,"minecraft:chain":6,"minecraft:white_concrete":181,"minecraft:end_stone_brick_stairs":1,"minecraft:pearlescent_froglight":6,"minecraft:orange_terracotta":5,"minecraft:orange_stained_glass_pane":3},"minecraft:custom":{"minecraft:time_since_rest":169584,"minecraft:sprint_one_cm":375528,"minecraft:damage_taken":140,"minecraft:walk_one_cm":76046,"minecraft:fly_one_cm":1808051,"minecraft:open_barrel":2,"minecraft:open_chest":2,"minecraft:crouch_one_cm":15569,"minecraft:play_time":169584,"minecraft:sneak_time":9022,"minecraft:walk_under_water_one_cm":10731,"minecraft:jump":2372,"minecraft:interact_with_blast_furnace":2,"minecraft:leave_game":9,"minecraft:time_since_death":169584,"minecraft:walk_on_water_one_cm":14180,"minecraft:total_world_time":169584,"minecraft:climb_one_cm":3609,"minecraft:fall_one_cm":21695}},"DataVersion":3465}