{"stats":{"minecraft:killed_by":{"minecraft:player":1},"minecraft:dropped":{"minecraft:daylight_detector":1,"minecraft:lava_bucket":1,"minecraft:writable_book":2,"minecraft:sand":1,"minecraft:snow_block":1,"minecraft:stripped_acacia_wood":1,"minecraft:spruce_fence":1,"minecraft:red_sand":1,"minecraft:lectern":1},"minecraft:used":{"minecraft:oak_fence":8,"minecraft:moss_block":10,"minecraft:stripped_acacia_wood":91,"minecraft:nether_brick_fence":129,"minecraft:moss_carpet":4,"minecraft:jack_o_lantern":1,"minecraft:iron_bars":41,"minecraft:writable_book":8,"minecraft:red_sand":83,"minecraft:flint_and_steel":2,"minecraft:crimson_fence":8,"minecraft:polished_deepslate":40,"minecraft:dead_bush":13,"minecraft:white_tulip":17,"minecraft:melon":9,"minecraft:smooth_quartz_slab":33,"minecraft:carved_pumpkin":1,"minecraft:red_concrete":1012,"minecraft:spruce_slab":263,"minecraft:redstone":78,"minecraft:bone_block":12,"minecraft:oak_sign":6,"minecraft:mycelium":4,"minecraft:white_concrete_powder":42,"minecraft:decorated_pot":2,"minecraft:spruce_planks":37,"minecraft:white_terracotta":3,"minecraft:stone":161,"minecraft:stripped_jungle_wood":36,"minecraft:mangrove_fence":56,"minecraft:jungle_hanging_sign":2,"minecraft:red_nether_brick_stairs":33,"minecraft:stripped_birch_wood":43,"minecraft:grass":24,"minecraft:player_head":1,"minecraft:farmland":9,"minecraft:stripped_crimson_stem":6,"minecraft:waxed_weathered_cut_copper_stairs":1,"minecraft:netherrack":5,"minecraft:debug_stick":4,"minecraft:soul_campfire":3,"minecraft:warped_wart_block":18,"minecraft:soul_sand":3,"minecraft:dirt":163,"minecraft:birch_pressure_plate":1,"minecraft:red_nether_brick_slab":29,"minecraft:lily_of_the_valley":3,"minecraft:nether_bricks":56,"minecraft:jungle_planks":19,"minecraft:spruce_stairs":1,"minecraft:crimson_hyphae":5,"minecraft:nether_brick_slab":8,"minecraft:orange_wool":6,"minecraft:golden_shovel":19,"minecraft:tuff":151,"minecraft:beehive":6,"minecraft:spruce_fence":35,"minecraft:weeping_vines":21,"minecraft:nether_brick_stairs":37,"minecraft:polished_diorite":95,"minecraft:big_dripleaf":38,"minecraft:small_dripleaf":1,"minecraft:birch_door":4,"minecraft:shroomlight":9,"minecraft:iron_hoe":6,"minecraft:stone_brick_slab":1,"minecraft:packed_ice":14,"minecraft:sea_lantern":27,"minecraft:honeycomb":1,"minecraft:lava_bucket":150,"minecraft:bamboo_fence":4,"minecraft:quartz_pillar":115,"minecraft:mangrove_stairs":43,"minecraft:red_wool":85,"minecraft:warped_hyphae":13,"minecraft:iron_block":10,"minecraft:lantern":28,"minecraft:grass_block":219,"minecraft:oak_stairs":5,"minecraft:rooted_dirt":1,"minecraft:slime_block":12,"minecraft:warped_fence":35,"minecraft:acacia_slab":86,"minecraft:crimson_slab":7,"minecraft:birch_hanging_sign":3,"minecraft:wet_sponge":68,"minecraft:red_candle":3,"minecraft:dark_oak_slab":4,"minecraft:melon_seeds":7,"minecraft:stone_brick_stairs":44,"minecraft:stone_bricks":258,"minecraft:stripped_mangrove_log":27,"minecraft:birch_trapdoor":5,"minecraft:repeater":127,"minecraft:glowstone":12,"minecraft:red_carpet":1,"minecraft:redstone_lamp":11,"minecraft:snow":296,"minecraft:warped_stairs":3,"minecraft:hay_block":7,"minecraft:sweet_berries":5,"minecraft:furnace":8,"minecraft:white_stained_glass_pane":7,"minecraft:mangrove_slab":32,"minecraft:polished_diorite_stairs":37,"minecraft:acacia_fence":78,"minecraft:infested_cobblestone":55,"minecraft:gold_block":21,"minecraft:cyan_concrete_powder":5,"minecraft:seagrass":47,"minecraft:crimson_pressure_plate":2,"minecraft:end_stone_brick_stairs":1,"minecraft:dead_bubble_coral_fan":4,"minecraft:pearlescent_froglight":10,"minecraft:acacia_planks":297,"minecraft:red_dye":1,"minecraft:orange_stained_glass_pane":25,"minecraft:orange_terracotta":33,"minecraft:powder_snow_bucket":2,"minecraft:pumpkin":54,"minecraft:dark_prismarine_stairs":6,"minecraft:stripped_spruce_wood":92,"minecraft:calcite":253,"minecraft:water_bucket":122,"minecraft:diorite":6,"minecraft:tube_coral_fan":8,"minecraft:cobblestone_stairs":7,"minecraft:dirt_path":2,"minecraft:spruce_door":2,"minecraft:snow_block":389,"minecraft:stripped_birch_log":69,"minecraft:birch_planks":70,"minecraft:red_stained_glass":1,"minecraft:red_nether_bricks":205,"minecraft:jungle_fence":8,"minecraft:prismarine":23,"minecraft:polished_andesite":54,"minecraft:lime_wool":13,"minecraft:mangrove_planks":18,"minecraft:oak_planks":6,"minecraft:polished_diorite_slab":12,"minecraft:blackstone":3,"minecraft:sandstone":168,"minecraft:redstone_block":21,"minecraft:red_mushroom_block":1,"minecraft:end_stone_brick_slab":2,"minecraft:structure_void":66,"minecraft:sniffer_egg":7,"minecraft:glow_ink_sac":3,"minecraft:clay":22,"minecraft:stonecutter":1,"minecraft:red_glazed_terracotta":2,"minecraft:cobblestone_slab":94,"minecraft:white_wool":11,"minecraft:stripped_mangrove_wood":38,"minecraft:glow_berries":5,"minecraft:diamond_block":10,"minecraft:sand":248,"minecraft:mangrove_trapdoor":3,"minecraft:dark_prismarine_slab":38,"minecraft:tnt":6,"minecraft:crafting_table":10,"minecraft:loom":6,"minecraft:red_mushroom":5,"minecraft:birch_sign":11,"minecraft:smooth_red_sandstone":20,"minecraft:blast_furnace":19,"minecraft:bamboo_block":1,"minecraft:blue_ice":8,"minecraft:campfire":1,"minecraft:sponge":105,"minecraft:note_block":10,"minecraft:mangrove_sign":1,"minecraft:warped_planks":22,"minecraft:mushroom_stem":3,"minecraft:cyan_stained_glass":4,"minecraft:birch_fence":94,"minecraft:redstone_torch":12,"minecraft:light_blue_candle":1,"minecraft:dead_fire_coral_fan":14,"minecraft:dark_prismarine":85,"minecraft:flower_pot":1,"minecraft:cornflower":7,"minecraft:acacia_stairs":48,"minecraft:black_wool":12,"minecraft:warped_trapdoor":10,"minecraft:daylight_detector":2,"minecraft:acacia_sign":11,"minecraft:dead_fire_coral":1,"minecraft:sunflower":3,"minecraft:command_block":22,"minecraft:birch_slab":14,"minecraft:barrier":59,"minecraft:oak_button":1,"minecraft:warped_slab":2,"minecraft:verdant_froglight":4,"minecraft:lectern":2,"minecraft:stone_slab":15,"minecraft:red_terracotta":68,"minecraft:iron_door":3,"minecraft:crimson_nylium":11,"minecraft:soul_lantern":15,"minecraft:nether_wart_block":20,"minecraft:crimson_fungus":1,"minecraft:cobblestone":12,"minecraft:stripped_crimson_hyphae":5,"minecraft:crimson_stairs":7,"minecraft:red_concrete_powder":57,"minecraft:dark_oak_fence":31,"minecraft:smithing_table":2,"minecraft:chain":8,"minecraft:ice":23,"minecraft:sea_pickle":15,"minecraft:white_concrete":1208,"minecraft:bone_meal":13,"minecraft:smooth_stone":57},"minecraft:custom":{"minecraft:interact_with_smithing_table":1,"minecraft:interact_with_crafting_table":1,"minecraft:leave_game":156,"minecraft:time_since_death":139652,"minecraft:climb_one_cm":24110,"minecraft:sprint_one_cm":2545900,"minecraft:walk_one_cm":511290,"minecraft:drop":10,"minecraft:play_time":2650166,"minecraft:deaths":336,"minecraft:sneak_time":72135,"minecraft:walk_under_water_one_cm":118404,"minecraft:boat_one_cm":5715,"minecraft:interact_with_lectern":9,"minecraft:jump":23275,"minecraft:interact_with_blast_furnace":5,"minecraft:walk_on_water_one_cm":124309,"minecraft:total_world_time":2650166,"minecraft:interact_with_furnace":3,"minecraft:tune_noteblock":5,"minecraft:interact_with_loom":2,"minecraft:pot_flower":1,"minecraft:time_since_rest":139655,"minecraft:damage_taken":23165,"minecraft:damage_dealt":30,"minecraft:swim_one_cm":45038,"minecraft:fly_one_cm":14921265,"minecraft:open_chest":1,"minecraft:crouch_one_cm":48484,"minecraft:fall_one_cm":390187,"minecraft:inspect_dispenser":1}},"DataVersion":3465}