{"stats":{"minecraft:mined":{"minecraft:white_concrete":46,"minecraft:red_concrete":1156},"minecraft:picked_up":{"minecraft:netherite_block":1},"minecraft:dropped":{"minecraft:lava_bucket":1,"minecraft:sea_pickle":1,"minecraft:end_stone_bricks":1},"minecraft:used":{"minecraft:calcite":3,"minecraft:moss_block":21,"minecraft:light_blue_banner":2,"minecraft:stripped_acacia_wood":2,"minecraft:moss_carpet":5,"minecraft:water_bucket":12,"minecraft:diorite":14,"minecraft:end_rod":5,"minecraft:iron_bars":1,"minecraft:end_stone_bricks":203,"minecraft:pink_tulip":1,"minecraft:dirt_path":1,"minecraft:crimson_fence":13,"minecraft:snow_block":102,"minecraft:flint_and_steel":3,"minecraft:birch_planks":13,"minecraft:red_concrete":574,"minecraft:cyan_candle":3,"minecraft:spruce_slab":9,"minecraft:ladder":1,"minecraft:mangrove_planks":264,"minecraft:oak_planks":7,"minecraft:oak_sign":3,"minecraft:stripped_warped_stem":62,"minecraft:decorated_pot":3,"minecraft:chest":6,"minecraft:wooden_pickaxe":1202,"minecraft:stone":1,"minecraft:brown_mushroom":3,"minecraft:end_stone_brick_slab":67,"minecraft:structure_void":31,"minecraft:sniffer_egg":18,"minecraft:mangrove_fence":11,"minecraft:blue_bed":1,"minecraft:beacon":1,"minecraft:stripped_birch_wood":16,"minecraft:clay":6,"minecraft:cobblestone_slab":13,"minecraft:netherrack":17,"minecraft:stripped_crimson_stem":12,"minecraft:warped_roots":17,"minecraft:orange_bed":2,"minecraft:debug_stick":15,"minecraft:white_wool":19,"minecraft:orange_stained_glass":37,"minecraft:glow_item_frame":3,"minecraft:respawn_anchor":4,"minecraft:end_stone_brick_wall":6,"minecraft:stripped_mangrove_wood":16,"minecraft:diamond_block":5,"minecraft:dirt":11,"minecraft:warped_wart_block":288,"minecraft:dark_prismarine_slab":6,"minecraft:oak_slab":5,"minecraft:blue_stained_glass":74,"minecraft:red_bed":2,"minecraft:jungle_planks":42,"minecraft:twisting_vines":23,"minecraft:blast_furnace":4,"minecraft:jungle_slab":35,"minecraft:warped_door":1,"minecraft:blue_ice":1,"minecraft:light_gray_concrete_powder":8,"minecraft:furnace_minecart":11,"minecraft:tuff":9,"minecraft:mangrove_sign":3,"minecraft:spruce_fence":29,"minecraft:end_stone":94,"minecraft:smoker":2,"minecraft:crimson_fence_gate":1,"minecraft:small_amethyst_bud":1,"minecraft:mushroom_stem":8,"minecraft:milk_bucket":1,"minecraft:purple_banner":4,"minecraft:big_dripleaf":50,"minecraft:birch_fence":4,"minecraft:small_dripleaf":5,"minecraft:shroomlight":6,"minecraft:light_blue_candle":7,"minecraft:blue_stained_glass_pane":3,"minecraft:flower_pot":1,"minecraft:sea_lantern":5,"minecraft:honey_block":3,"minecraft:acacia_stairs":2,"minecraft:black_concrete":11,"minecraft:lava_bucket":767,"minecraft:warped_trapdoor":1,"minecraft:coal_ore":12,"minecraft:grass_block":1,"minecraft:lantern":12,"minecraft:mangrove_door":2,"minecraft:warped_hyphae":64,"minecraft:mangrove_stairs":19,"minecraft:jungle_fence_gate":2,"minecraft:red_wool":12,"minecraft:barrier":23,"minecraft:nether_sprouts":26,"minecraft:brick_stairs":40,"minecraft:acacia_slab":19,"minecraft:slime_block":159,"minecraft:warped_slab":19,"minecraft:warped_fence":6,"minecraft:verdant_froglight":51,"minecraft:crimson_slab":7,"minecraft:warped_nylium":67,"minecraft:jungle_stairs":17,"minecraft:red_terracotta":7,"minecraft:crimson_roots":6,"minecraft:blue_banner":8,"minecraft:magenta_banner":4,"minecraft:red_stained_glass_pane":6,"minecraft:crimson_nylium":8,"minecraft:yellow_wool":233,"minecraft:soul_lantern":14,"minecraft:acacia_fence_gate":1,"minecraft:blue_carpet":5,"minecraft:potion":1,"minecraft:cobblestone":1,"minecraft:stripped_mangrove_log":99,"minecraft:coal_block":85,"minecraft:snow":20,"minecraft:redstone_lamp":3,"minecraft:nether_wart_block":71,"minecraft:wooden_sword":1,"minecraft:red_carpet":16,"minecraft:crimson_fungus":2,"minecraft:magma_block":156,"minecraft:warped_stairs":23,"minecraft:warped_fungus":1,"minecraft:red_concrete_powder":45,"minecraft:mangrove_slab":23,"minecraft:minecart":1,"minecraft:acacia_fence":2,"minecraft:andesite":3,"minecraft:bucket":4,"minecraft:chain":13,"minecraft:cyan_concrete_powder":6,"minecraft:end_stone_brick_stairs":25,"minecraft:repeating_command_block":1,"minecraft:cyan_banner":4,"minecraft:sea_pickle":20,"minecraft:pearlescent_froglight":10,"minecraft:brush":7,"minecraft:white_concrete":492,"minecraft:acacia_planks":6,"minecraft:orange_terracotta":17,"minecraft:orange_stained_glass_pane":6,"minecraft:seagrass":1,"minecraft:smooth_stone":13,"minecraft:birch_stairs":7},"minecraft:custom":{"minecraft:open_barrel":2,"minecraft:open_shulker_box":3,"minecraft:leave_game":26,"minecraft:time_since_death":551906,"minecraft:climb_one_cm":4778,"minecraft:time_since_rest":551906,"minecraft:sprint_one_cm":889081,"minecraft:damage_taken":5440,"minecraft:walk_one_cm":387683,"minecraft:drop":3,"minecraft:damage_dealt":10,"minecraft:minecart_one_cm":1107,"minecraft:swim_one_cm":3038,"minecraft:fly_one_cm":3778391,"minecraft:open_chest":11,"minecraft:crouch_one_cm":59387,"minecraft:play_time":551906,"minecraft:sneak_time":33827,"minecraft:walk_under_water_one_cm":50282,"minecraft:boat_one_cm":8730,"minecraft:jump":6888,"minecraft:interact_with_blast_furnace":15,"minecraft:walk_on_water_one_cm":37732,"minecraft:interact_with_smoker":5,"minecraft:total_world_time":551906,"minecraft:fall_one_cm":157721}},"DataVersion":3465}