{"stats":{"minecraft:used":{"minecraft:light_blue_concrete":2,"minecraft:red_concrete":18},"minecraft:custom":{"minecraft:jump":778,"minecraft:time_since_rest":10002,"minecraft:damage_taken":700,"minecraft:walk_one_cm":8190,"minecraft:crouch_one_cm":403,"minecraft:leave_game":6,"minecraft:sprint_one_cm":124354,"minecraft:play_time":21007,"minecraft:time_since_death":10001,"minecraft:walk_on_water_one_cm":2684,"minecraft:deaths":1,"minecraft:sneak_time":255,"minecraft:total_world_time":21007,"minecraft:climb_one_cm":664,"minecraft:walk_under_water_one_cm":333,"minecraft:fall_one_cm":7470,"minecraft:fly_one_cm":342485}},"DataVersion":3465}