{"stats":{"minecraft:dropped":{"minecraft:red_concrete":1,"minecraft:chiseled_polished_blackstone":1},"minecraft:used":{"minecraft:stone_bricks":113,"minecraft:redstone_torch":2,"minecraft:chiseled_polished_blackstone":2,"minecraft:repeater":122,"minecraft:red_concrete":1,"minecraft:redstone":72,"minecraft:ender_pearl":13},"minecraft:custom":{"minecraft:time_since_rest":57948,"minecraft:crouch_one_cm":5848,"minecraft:play_time":57948,"minecraft:sprint_one_cm":242754,"minecraft:damage_taken":1740,"minecraft:walk_one_cm":43858,"minecraft:sneak_time":2267,"minecraft:walk_under_water_one_cm":7353,"minecraft:drop":2,"minecraft:jump":1686,"minecraft:leave_game":26,"minecraft:walk_on_water_one_cm":18392,"minecraft:time_since_death":57948,"minecraft:climb_one_cm":5945,"minecraft:total_world_time":57948,"minecraft:swim_one_cm":3994,"minecraft:fall_one_cm":79838,"minecraft:fly_one_cm":966572}},"DataVersion":3465}