{"stats":{"minecraft:mined":{"minecraft:oak_sign":1,"minecraft:tnt":1,"minecraft:dirt":3},"minecraft:custom":{"minecraft:jump":433,"minecraft:time_since_rest":19018,"minecraft:crouch_one_cm":6966,"minecraft:damage_taken":1290,"minecraft:play_time":19018,"minecraft:leave_game":2,"minecraft:sprint_one_cm":96238,"minecraft:walk_on_water_one_cm":9408,"minecraft:time_since_death":19018,"minecraft:walk_one_cm":31786,"minecraft:sneak_time":4471,"minecraft:climb_one_cm":800,"minecraft:total_world_time":19018,"minecraft:walk_under_water_one_cm":4394,"minecraft:swim_one_cm":126,"minecraft:fall_one_cm":20291,"minecraft:fly_one_cm":84504}},"DataVersion":3465}