{"stats":{"minecraft:dropped":{"minecraft:diorite":1},"minecraft:mined":{"minecraft:weeping_vines_plant":1},"minecraft:used":{"minecraft:big_dripleaf":39,"minecraft:oak_log":4,"minecraft:moss_block":32,"minecraft:dead_fire_coral_fan":1,"minecraft:stripped_acacia_wood":3,"minecraft:flowering_azalea":1,"minecraft:water_bucket":28,"minecraft:diorite":2,"minecraft:sea_lantern":2,"minecraft:snow_block":5,"minecraft:red_wool":149,"minecraft:grass_block":49,"minecraft:red_concrete":20,"minecraft:slime_block":26,"minecraft:red_terracotta":13,"minecraft:structure_void":22,"minecraft:clay":264,"minecraft:cobblestone_slab":5,"minecraft:flowering_azalea_leaves":6,"minecraft:warped_wart_block":4,"minecraft:azalea_leaves":28,"minecraft:red_concrete_powder":5,"minecraft:jungle_planks":1,"minecraft:blue_ice":7,"minecraft:infested_cobblestone":5,"minecraft:white_concrete":6,"minecraft:pumpkin":7,"minecraft:bone_meal":1,"minecraft:small_dripleaf":1,"minecraft:birch_fence":4},"minecraft:custom":{"minecraft:time_since_rest":144404,"minecraft:sprint_one_cm":399821,"minecraft:damage_taken":900,"minecraft:walk_one_cm":77268,"minecraft:drop":1,"minecraft:swim_one_cm":825,"minecraft:fly_one_cm":1396437,"minecraft:crouch_one_cm":40817,"minecraft:play_time":144404,"minecraft:sneak_time":14920,"minecraft:walk_under_water_one_cm":2550,"minecraft:boat_one_cm":1710,"minecraft:interact_with_lectern":2,"minecraft:jump":2243,"minecraft:leave_game":10,"minecraft:time_since_death":144404,"minecraft:walk_on_water_one_cm":23080,"minecraft:total_world_time":144404,"minecraft:climb_one_cm":5265,"minecraft:fall_one_cm":23649}},"DataVersion":3465}