{"stats":{"minecraft:used":{"minecraft:oak_log":31,"minecraft:netherrack":6,"minecraft:diorite":3,"minecraft:packed_ice":12,"minecraft:light":5,"minecraft:sea_lantern":1,"minecraft:snow":6,"minecraft:soul_sand":7,"minecraft:lily_of_the_valley":5,"minecraft:quartz_pillar":5,"minecraft:crimson_fence":1,"minecraft:snow_block":12,"minecraft:red_concrete":6,"minecraft:warped_hyphae":5,"minecraft:red_concrete_powder":23,"minecraft:lantern":1,"minecraft:grass_block":10,"minecraft:jungle_planks":1,"minecraft:mangrove_planks":14,"minecraft:blue_ice":11,"minecraft:white_concrete":1,"minecraft:nether_wart":5,"minecraft:structure_void":10,"minecraft:dandelion":5,"minecraft:stripped_birch_wood":3,"minecraft:seagrass":11,"minecraft:stripped_spruce_log":1,"minecraft:polished_diorite":33},"minecraft:custom":{"minecraft:time_since_rest":31894,"minecraft:open_chest":2,"minecraft:crouch_one_cm":7915,"minecraft:play_time":147619,"minecraft:sprint_one_cm":405515,"minecraft:deaths":1,"minecraft:damage_taken":3800,"minecraft:walk_one_cm":117276,"minecraft:sneak_time":4707,"minecraft:walk_under_water_one_cm":2112,"minecraft:interact_with_lectern":1,"minecraft:jump":3793,"minecraft:leave_game":7,"minecraft:walk_on_water_one_cm":14849,"minecraft:time_since_death":31892,"minecraft:climb_one_cm":2432,"minecraft:total_world_time":147619,"minecraft:swim_one_cm":997,"minecraft:fall_one_cm":130253,"minecraft:fly_one_cm":1346816}},"DataVersion":3465}