{"stats":{"minecraft:used":{"minecraft:birch_door":3,"minecraft:calcite":11,"minecraft:oak_fence":2,"minecraft:packed_ice":10,"minecraft:lava_bucket":18,"minecraft:bricks":55,"minecraft:crimson_fence":27,"minecraft:quartz_pillar":1,"minecraft:stripped_acacia_log":79,"minecraft:red_wool":24,"minecraft:quartz_slab":9,"minecraft:birch_planks":4,"minecraft:red_concrete":1,"minecraft:grass_block":8,"minecraft:dead_brain_coral":2,"minecraft:brick_stairs":12,"minecraft:red_nether_bricks":41,"minecraft:acacia_slab":9,"minecraft:crimson_slab":30,"minecraft:polished_diorite_slab":26,"minecraft:structure_void":2,"minecraft:red_glazed_terracotta":209,"minecraft:diorite_wall":12,"minecraft:crimson_planks":20,"minecraft:crimson_nylium":114,"minecraft:netherrack":26,"minecraft:oak_leaves":4,"minecraft:debug_stick":1,"minecraft:dead_horn_coral":3,"minecraft:stripped_mangrove_wood":23,"minecraft:nether_wart_block":6,"minecraft:diamond_block":6,"minecraft:red_carpet":15,"minecraft:crimson_fungus":2,"minecraft:stripped_crimson_hyphae":11,"minecraft:tnt":5,"minecraft:crimson_stairs":4,"minecraft:red_concrete_powder":23,"minecraft:brick_slab":31,"minecraft:mangrove_slab":10,"minecraft:crimson_hyphae":49,"minecraft:acacia_fence":1,"minecraft:dead_tube_coral":2,"minecraft:dead_bubble_coral":3,"minecraft:white_concrete":4,"minecraft:pearlescent_froglight":1,"minecraft:weeping_vines":12,"minecraft:dead_brain_coral_fan":3,"minecraft:crimson_fence_gate":1,"minecraft:polished_diorite":1,"minecraft:birch_fence":6,"minecraft:orange_candle":5},"minecraft:custom":{"minecraft:time_since_rest":1290,"minecraft:sprint_one_cm":929790,"minecraft:damage_taken":7680,"minecraft:walk_one_cm":161228,"minecraft:swim_one_cm":9716,"minecraft:fly_one_cm":2577386,"minecraft:crouch_one_cm":10960,"minecraft:play_time":307181,"minecraft:deaths":2,"minecraft:sneak_time":7658,"minecraft:walk_under_water_one_cm":5152,"minecraft:interact_with_lectern":2,"minecraft:boat_one_cm":7290,"minecraft:jump":5681,"minecraft:leave_game":28,"minecraft:time_since_death":1289,"minecraft:walk_on_water_one_cm":24216,"minecraft:total_world_time":307181,"minecraft:climb_one_cm":10833,"minecraft:fall_one_cm":117692}},"DataVersion":3465}