{"stats":{"minecraft:used":{"minecraft:quartz_bricks":2,"minecraft:diorite_stairs":2,"minecraft:calcite":248,"minecraft:oak_fence":4,"minecraft:peony":10,"minecraft:moss_block":46,"minecraft:nether_brick_fence":1,"minecraft:moss_carpet":11,"minecraft:water_bucket":120,"minecraft:diorite":227,"minecraft:iron_bars":3,"minecraft:rose_bush":12,"minecraft:red_sand":3,"minecraft:cobblestone_stairs":13,"minecraft:dirt_path":26,"minecraft:crimson_fence":3,"minecraft:spruce_door":3,"minecraft:snow_block":1888,"minecraft:flint_and_steel":5,"minecraft:birch_leaves":80,"minecraft:jungle_fence":5,"minecraft:stripped_birch_log":7,"minecraft:birch_planks":40,"minecraft:red_stained_glass":17,"minecraft:red_concrete":2983,"minecraft:bone_block":1,"minecraft:spruce_slab":17,"minecraft:red_nether_bricks":4,"minecraft:elytra":44,"minecraft:mangrove_planks":18,"minecraft:oak_planks":302,"minecraft:oak_sign":3,"minecraft:polished_diorite_slab":110,"minecraft:brown_concrete":3,"minecraft:white_terracotta":2,"minecraft:sandstone":12,"minecraft:stone":454,"minecraft:purple_shulker_box":5,"minecraft:red_mushroom_block":54,"minecraft:creeper_head":1,"minecraft:structure_void":7,"minecraft:cauldron":3,"minecraft:clay":16,"minecraft:mangrove_fence":76,"minecraft:stripped_birch_wood":169,"minecraft:red_glazed_terracotta":50,"minecraft:player_head":2,"minecraft:netherrack":1,"minecraft:stripped_crimson_stem":2,"minecraft:debug_stick":5,"minecraft:spruce_leaves":145,"minecraft:white_wool":91,"minecraft:torch":4,"minecraft:stripped_mangrove_wood":46,"minecraft:diamond_block":6,"minecraft:dirt":16,"minecraft:red_nether_brick_slab":69,"minecraft:rail":6,"minecraft:terracotta":3,"minecraft:netherite_leggings":4,"minecraft:light_blue_concrete":1,"minecraft:oak_slab":23,"minecraft:brick_slab":17,"minecraft:nether_bricks":3,"minecraft:birch_sign":5,"minecraft:blast_furnace":4,"minecraft:bamboo_block":3,"minecraft:jungle_slab":2,"minecraft:blue_ice":321,"minecraft:orange_wool":45,"minecraft:campfire":2,"minecraft:oak_wood":1,"minecraft:ochre_froglight":3,"minecraft:beehive":9,"minecraft:spruce_fence":5,"minecraft:cake":3,"minecraft:spruce_log":2,"minecraft:weeping_vines":54,"minecraft:nether_brick_stairs":1,"minecraft:mushroom_stem":20,"minecraft:polished_diorite":118,"minecraft:big_dripleaf":7,"minecraft:birch_fence":122,"minecraft:shroomlight":72,"minecraft:light":4,"minecraft:sea_lantern":11,"minecraft:black_wool":56,"minecraft:lava_bucket":3,"minecraft:bookshelf":56,"minecraft:quartz_pillar":3,"minecraft:daylight_detector":2,"minecraft:warped_hyphae":12,"minecraft:mangrove_stairs":75,"minecraft:red_wool":90,"minecraft:sunflower":7,"minecraft:birch_slab":84,"minecraft:spruce_wood":16,"minecraft:lantern":21,"minecraft:grass_block":7,"minecraft:oak_stairs":1,"minecraft:brown_wool":61,"minecraft:brick_stairs":46,"minecraft:slime_block":75,"minecraft:verdant_froglight":21,"minecraft:spruce_pressure_plate":2,"minecraft:lectern":7,"minecraft:red_candle":2,"minecraft:red_terracotta":76,"minecraft:oak_pressure_plate":2,"minecraft:iron_door":2,"minecraft:spruce_sapling":1,"minecraft:gravel":5,"minecraft:lilac":9,"minecraft:stripped_mangrove_log":100,"minecraft:red_carpet":3,"minecraft:redstone_lamp":6,"minecraft:cobblestone":70,"minecraft:snow":1729,"minecraft:azalea_leaves":38,"minecraft:stripped_crimson_hyphae":30,"minecraft:purple_bed":4,"minecraft:red_concrete_powder":125,"minecraft:stripped_oak_wood":90,"minecraft:mangrove_slab":118,"minecraft:acacia_fence":15,"minecraft:chain":3,"minecraft:polished_diorite_stairs":1,"minecraft:gold_block":422,"minecraft:smooth_stone_slab":20,"minecraft:cyan_concrete_powder":1,"minecraft:sea_pickle":10,"minecraft:pearlescent_froglight":2,"minecraft:white_concrete":3424,"minecraft:iron_leggings":2,"minecraft:seagrass":1,"minecraft:candle":10,"minecraft:orange_terracotta":1,"minecraft:powder_snow_bucket":25,"minecraft:smooth_stone":165,"minecraft:bone_meal":13,"minecraft:bamboo_planks":2,"minecraft:diorite_slab":12,"minecraft:birch_stairs":91,"minecraft:brown_bed":2,"minecraft:mangrove_leaves":3},"minecraft:custom":{"minecraft:fill_cauldron":3,"minecraft:open_shulker_box":1,"minecraft:eat_cake_slice":1,"minecraft:leave_game":53,"minecraft:time_since_death":38403,"minecraft:climb_one_cm":6615,"minecraft:damage_resisted":404,"minecraft:time_since_rest":38408,"minecraft:sprint_one_cm":1251345,"minecraft:damage_taken":1150,"minecraft:walk_one_cm":150810,"minecraft:swim_one_cm":1980,"minecraft:fly_one_cm":12358881,"minecraft:crouch_one_cm":2503,"minecraft:play_time":783926,"minecraft:deaths":1,"minecraft:sneak_time":56520,"minecraft:walk_under_water_one_cm":5729,"minecraft:boat_one_cm":90,"minecraft:interact_with_lectern":1,"minecraft:jump":10168,"minecraft:walk_on_water_one_cm":82771,"minecraft:total_world_time":783926,"minecraft:fall_one_cm":51285}},"DataVersion":3465}