{"stats":{"minecraft:killed_by":{"minecraft:player":5},"minecraft:dropped":{"minecraft:nether_brick_slab":1,"minecraft:cyan_stained_glass":1,"minecraft:soul_soil":1,"minecraft:light_blue_glazed_terracotta":1,"minecraft:cyan_glazed_terracotta":1,"minecraft:flint_and_steel":1,"minecraft:blue_glazed_terracotta":1,"minecraft:lapis_block":1},"minecraft:used":{"minecraft:calcite":27,"minecraft:oak_fence":4,"minecraft:quartz_bricks":19,"minecraft:nether_brick_fence":15,"minecraft:water_bucket":66,"minecraft:netherite_sword":8,"minecraft:diorite":9,"minecraft:red_sand":6,"minecraft:dirt_path":46,"minecraft:snow_block":442,"minecraft:flint_and_steel":16,"minecraft:smooth_quartz_slab":143,"minecraft:carved_pumpkin":8,"minecraft:red_concrete":146,"minecraft:ladder":7,"minecraft:red_nether_bricks":157,"minecraft:mangrove_planks":4,"minecraft:bone_block":6,"minecraft:oak_sign":6,"minecraft:stone":3,"minecraft:redstone_block":13,"minecraft:structure_void":38,"minecraft:red_nether_brick_stairs":3,"minecraft:mangrove_fence":18,"minecraft:cobblestone_slab":1,"minecraft:debug_stick":6,"minecraft:glow_berries":29,"minecraft:dirt":128,"minecraft:soul_sand":11,"minecraft:lily_of_the_valley":1,"minecraft:tnt":25,"minecraft:oak_slab":40,"minecraft:nether_bricks":44,"minecraft:smooth_red_sandstone":77,"minecraft:blue_ice":77,"minecraft:bamboo_block":2,"minecraft:jungle_slab":37,"minecraft:orange_wool":2,"minecraft:nether_brick_slab":18,"minecraft:glow_lichen":12,"minecraft:weeping_vines":11,"minecraft:nether_brick_stairs":25,"minecraft:mushroom_stem":1,"minecraft:cyan_stained_glass":10,"minecraft:birch_fence":103,"minecraft:big_dripleaf":57,"minecraft:shroomlight":1,"minecraft:light":20,"minecraft:sea_lantern":90,"minecraft:lava_bucket":18,"minecraft:quartz_pillar":68,"minecraft:stripped_bamboo_block":3,"minecraft:mangrove_stairs":9,"minecraft:red_wool":27,"minecraft:birch_slab":10,"minecraft:grass_block":120,"minecraft:oak_stairs":27,"minecraft:slime_block":57,"minecraft:warped_fence":2,"minecraft:verdant_froglight":8,"minecraft:birch_hanging_sign":2,"minecraft:red_terracotta":6,"minecraft:red_candle":35,"minecraft:mossy_cobblestone_slab":3,"minecraft:smooth_quartz":16,"minecraft:flowering_azalea_leaves":1,"minecraft:bedrock":44,"minecraft:red_carpet":1,"minecraft:redstone_lamp":1,"minecraft:snow":31,"minecraft:azalea_leaves":5,"minecraft:hay_block":16,"minecraft:soul_soil":2,"minecraft:red_concrete_powder":4,"minecraft:mangrove_slab":13,"minecraft:acacia_fence":1,"minecraft:chain":9,"minecraft:ice":32,"minecraft:pearlescent_froglight":2,"minecraft:white_concrete":152,"minecraft:kelp":51,"minecraft:orange_terracotta":18,"minecraft:powder_snow_bucket":5,"minecraft:seagrass":7,"minecraft:diorite_slab":4,"minecraft:birch_stairs":2,"minecraft:pointed_dripstone":2},"minecraft:custom":{"minecraft:open_shulker_box":3,"minecraft:damage_dealt_resisted":38821,"minecraft:leave_game":36,"minecraft:time_since_death":117893,"minecraft:climb_one_cm":5704,"minecraft:time_since_rest":117896,"minecraft:sprint_one_cm":759842,"minecraft:damage_taken":8835,"minecraft:walk_one_cm":266948,"minecraft:drop":8,"minecraft:damage_dealt":493,"minecraft:swim_one_cm":12918,"minecraft:fly_one_cm":3676835,"minecraft:player_kills":1,"minecraft:crouch_one_cm":58294,"minecraft:play_time":424492,"minecraft:deaths":42,"minecraft:sneak_time":28851,"minecraft:walk_under_water_one_cm":127241,"minecraft:boat_one_cm":4455,"minecraft:interact_with_lectern":2,"minecraft:jump":4462,"minecraft:walk_on_water_one_cm":44694,"minecraft:total_world_time":424492,"minecraft:fall_one_cm":72053}},"DataVersion":3465}