{"stats":{"minecraft:custom":{"minecraft:jump":339,"minecraft:time_since_rest":12301,"minecraft:crouch_one_cm":1823,"minecraft:leave_game":1,"minecraft:sprint_one_cm":92129,"minecraft:play_time":12301,"minecraft:walk_on_water_one_cm":1325,"minecraft:time_since_death":12301,"minecraft:walk_one_cm":11936,"minecraft:sneak_time":1027,"minecraft:climb_one_cm":677,"minecraft:total_world_time":12301,"minecraft:walk_under_water_one_cm":639,"minecraft:boat_one_cm":1035,"minecraft:interact_with_lectern":1,"minecraft:fly_one_cm":141875}},"DataVersion":3465}