{"stats":{"minecraft:dropped":{"minecraft:water_bucket":1,"minecraft:white_concrete":1},"minecraft:used":{"minecraft:calcite":1,"minecraft:water_bucket":129,"minecraft:diorite":15,"minecraft:sea_lantern":1,"minecraft:snow_block":1,"minecraft:oak_slab":27,"minecraft:birch_planks":13,"minecraft:red_concrete":22,"minecraft:grass_block":127,"minecraft:quartz_block":2,"minecraft:bone_block":3,"minecraft:verdant_froglight":1,"minecraft:oak_sign":1,"minecraft:glass_pane":1,"minecraft:white_concrete":60,"minecraft:mushroom_stem":31,"minecraft:polished_diorite":39},"minecraft:custom":{"minecraft:time_since_rest":24085,"minecraft:crouch_one_cm":429,"minecraft:play_time":24085,"minecraft:sprint_one_cm":52051,"minecraft:walk_one_cm":29856,"minecraft:sneak_time":342,"minecraft:walk_under_water_one_cm":1155,"minecraft:drop":2,"minecraft:jump":342,"minecraft:leave_game":3,"minecraft:walk_on_water_one_cm":4166,"minecraft:time_since_death":24085,"minecraft:total_world_time":24085,"minecraft:swim_one_cm":161,"minecraft:fall_one_cm":1430,"minecraft:fly_one_cm":121072}},"DataVersion":3465}