{"stats":{"minecraft:used":{"minecraft:debug_stick":12,"minecraft:water_bucket":2,"minecraft:lava_bucket":3,"minecraft:sand":4,"minecraft:warped_hyphae":3,"minecraft:red_concrete":17,"minecraft:blue_ice":2,"minecraft:sandstone":1,"minecraft:nether_wart":1,"minecraft:cherry_sign":2,"minecraft:sniffer_egg":1,"minecraft:seagrass":1,"minecraft:player_head":8},"minecraft:custom":{"minecraft:time_since_rest":139665,"minecraft:crouch_one_cm":6550,"minecraft:play_time":139665,"minecraft:sprint_one_cm":430948,"minecraft:damage_taken":1120,"minecraft:walk_one_cm":48797,"minecraft:sneak_time":5588,"minecraft:walk_under_water_one_cm":1347,"minecraft:boat_one_cm":10755,"minecraft:jump":3153,"minecraft:leave_game":8,"minecraft:walk_on_water_one_cm":9108,"minecraft:time_since_death":139665,"minecraft:climb_one_cm":1466,"minecraft:total_world_time":139665,"minecraft:swim_one_cm":1114,"minecraft:fall_one_cm":38420,"minecraft:fly_one_cm":2261063}},"DataVersion":3465}