{"stats":{"minecraft:used":{"minecraft:oak_planks":1,"minecraft:warped_slab":4,"minecraft:polished_diorite_slab":1,"minecraft:spruce_door":2},"minecraft:custom":{"minecraft:jump":2043,"minecraft:time_since_rest":53514,"minecraft:damage_taken":2320,"minecraft:walk_one_cm":77779,"minecraft:crouch_one_cm":11659,"minecraft:leave_game":12,"minecraft:sprint_one_cm":291205,"minecraft:play_time":117536,"minecraft:time_since_death":53513,"minecraft:walk_on_water_one_cm":9592,"minecraft:deaths":3,"minecraft:sneak_time":4564,"minecraft:total_world_time":117536,"minecraft:climb_one_cm":1819,"minecraft:walk_under_water_one_cm":2505,"minecraft:swim_one_cm":621,"minecraft:fall_one_cm":28949,"minecraft:fly_one_cm":762730}},"DataVersion":3465}