{"stats":{"minecraft:picked_up":{"minecraft:netherite_block":1},"minecraft:killed_by":{"minecraft:player":50},"minecraft:dropped":{"minecraft:red_nether_brick_slab":1,"minecraft:bamboo_block":1,"minecraft:mangrove_fence":1,"minecraft:netherite_block":1,"minecraft:mangrove_slab":1},"minecraft:used":{"minecraft:mangrove_leaves":22,"minecraft:calcite":56,"minecraft:oak_fence":5,"minecraft:moss_block":24,"minecraft:nether_brick_fence":121,"minecraft:stripped_acacia_wood":2,"minecraft:dark_oak_stairs":36,"minecraft:moss_carpet":12,"minecraft:water_bucket":27,"minecraft:diorite":3,"minecraft:tube_coral_block":16,"minecraft:iron_bars":2,"minecraft:pink_tulip":2,"minecraft:dirt_path":6,"minecraft:brick_wall":27,"minecraft:orange_concrete":18,"minecraft:white_tulip":8,"minecraft:snow_block":429,"minecraft:flint_and_steel":6,"minecraft:red_concrete":818,"minecraft:cyan_candle":19,"minecraft:bone_block":49,"minecraft:mangrove_planks":4,"minecraft:lime_wool":2,"minecraft:elytra":23,"minecraft:blue_wool":2,"minecraft:oak_sign":10,"minecraft:mangrove_button":3,"minecraft:andesite_slab":2,"minecraft:sandstone":2,"minecraft:stone":99,"minecraft:cut_sandstone":2,"minecraft:sculk":327,"minecraft:structure_void":19,"minecraft:sniffer_egg":4,"minecraft:clay":10,"minecraft:stripped_birch_wood":56,"minecraft:sugar_cane":6,"minecraft:mangrove_fence":105,"minecraft:grass":16,"minecraft:debug_stick":71,"minecraft:spruce_leaves":141,"minecraft:white_wool":19,"minecraft:torch":26,"minecraft:mooshroom_spawn_egg":1,"minecraft:glow_berries":8,"minecraft:stripped_mangrove_wood":233,"minecraft:diamond_block":1,"minecraft:dirt":19,"minecraft:lily_of_the_valley":2,"minecraft:red_nether_brick_slab":11,"minecraft:mangrove_trapdoor":25,"minecraft:netherite_leggings":23,"minecraft:cut_sandstone_slab":3,"minecraft:dark_prismarine_slab":9,"minecraft:cyan_glazed_terracotta":2,"minecraft:twisting_vines":45,"minecraft:bamboo_block":283,"minecraft:stone_stairs":12,"minecraft:blue_ice":3,"minecraft:campfire":2,"minecraft:ochre_froglight":17,"minecraft:granite":28,"minecraft:mangrove_sign":1,"minecraft:spruce_fence":8,"minecraft:weeping_vines":46,"minecraft:stripped_spruce_log":5,"minecraft:netherite_block":19,"minecraft:blue_glazed_terracotta":23,"minecraft:black_wool":18,"minecraft:sea_lantern":4,"minecraft:lava_bucket":53,"minecraft:mangrove_log":4,"minecraft:bamboo_fence":33,"minecraft:bricks":184,"minecraft:acacia_sign":242,"minecraft:stripped_bamboo_block":70,"minecraft:mangrove_stairs":26,"minecraft:warped_hyphae":387,"minecraft:sunflower":1,"minecraft:spruce_wood":317,"minecraft:grass_block":108,"minecraft:barrier":121,"minecraft:birch_sapling":4,"minecraft:verdant_froglight":22,"minecraft:slime_block":87,"minecraft:warped_slab":30,"minecraft:warped_fence":27,"minecraft:packed_mud":143,"minecraft:stone_slab":33,"minecraft:red_candle":35,"minecraft:dark_oak_slab":53,"minecraft:crimson_roots":5,"minecraft:yellow_wool":3,"minecraft:green_candle":2,"minecraft:green_carpet":15,"minecraft:stripped_warped_hyphae":30,"minecraft:stripped_mangrove_log":83,"minecraft:nether_wart_block":5,"minecraft:fire_charge":5,"minecraft:lime_concrete":5,"minecraft:crimson_fungus":3,"minecraft:cobblestone":2,"minecraft:snow":4820,"minecraft:tall_grass":9,"minecraft:sweet_berries":26,"minecraft:oak_sapling":4,"minecraft:mangrove_slab":29,"minecraft:dark_oak_fence":5,"minecraft:andesite_stairs":1,"minecraft:andesite":12,"minecraft:gold_block":247,"minecraft:repeating_command_block":1,"minecraft:cyan_concrete_powder":63,"minecraft:brush":13,"minecraft:pearlescent_froglight":17,"minecraft:white_concrete":573,"minecraft:acacia_planks":6,"minecraft:sculk_vein":8,"minecraft:cherry_fence":3,"minecraft:orange_terracotta":21,"minecraft:powder_snow_bucket":18,"minecraft:iron_leggings":3,"minecraft:bamboo_planks":9,"minecraft:diorite_slab":5,"minecraft:brain_coral_block":2},"minecraft:custom":{"minecraft:mob_kills":1,"minecraft:leave_game":35,"minecraft:time_since_death":23922,"minecraft:climb_one_cm":5843,"minecraft:time_since_rest":23923,"minecraft:sprint_one_cm":722000,"minecraft:damage_taken":36671,"minecraft:walk_one_cm":284484,"minecraft:drop":5,"minecraft:damage_dealt":90,"minecraft:swim_one_cm":182,"minecraft:fly_one_cm":7742856,"minecraft:crouch_one_cm":18058,"minecraft:play_time":1042383,"minecraft:deaths":54,"minecraft:sneak_time":39261,"minecraft:walk_under_water_one_cm":15914,"minecraft:boat_one_cm":10710,"minecraft:jump":5966,"minecraft:walk_on_water_one_cm":28479,"minecraft:total_world_time":1042383,"minecraft:fall_one_cm":65435},"minecraft:killed":{"minecraft:mooshroom":1}},"DataVersion":3465}