{"stats":{"minecraft:mined":{"minecraft:sniffer_egg":1},"minecraft:used":{"minecraft:dark_prismarine":25,"minecraft:tube_coral_fan":4,"minecraft:sea_lantern":15,"minecraft:quartz_pillar":10,"minecraft:warped_hyphae":3,"minecraft:iron_block":1,"minecraft:slime_block":1,"minecraft:prismarine":1,"minecraft:warped_fence":5,"minecraft:decorated_pot":3,"minecraft:sandstone":2,"minecraft:nether_wart":6,"minecraft:sniffer_egg":4,"minecraft:iron_door":1,"minecraft:player_head":1,"minecraft:netherrack":4,"minecraft:soul_lantern":4,"minecraft:stripped_crimson_stem":1,"minecraft:debug_stick":21,"minecraft:crimson_fungus":1,"minecraft:soul_sand":7,"minecraft:cobblestone":11,"minecraft:snow":16,"minecraft:acacia_fence":1,"minecraft:white_concrete":7,"minecraft:spruce_fence":4,"minecraft:warped_planks":3,"minecraft:jukebox":2,"minecraft:stripped_spruce_wood":1,"minecraft:pointed_dripstone":13},"minecraft:custom":{"minecraft:time_since_rest":97226,"minecraft:sprint_one_cm":376130,"minecraft:damage_taken":2140,"minecraft:walk_one_cm":70888,"minecraft:damage_dealt":10,"minecraft:swim_one_cm":24,"minecraft:tune_noteblock":1,"minecraft:fly_one_cm":1150194,"minecraft:crouch_one_cm":2018,"minecraft:play_time":161184,"minecraft:deaths":2,"minecraft:sneak_time":2968,"minecraft:walk_under_water_one_cm":475,"minecraft:boat_one_cm":3510,"minecraft:interact_with_lectern":3,"minecraft:jump":2091,"minecraft:leave_game":16,"minecraft:time_since_death":97223,"minecraft:walk_on_water_one_cm":8593,"minecraft:total_world_time":161184,"minecraft:climb_one_cm":1931,"minecraft:fall_one_cm":49127}},"DataVersion":3465}