{"stats":{"minecraft:used":{"minecraft:moss_carpet":30,"minecraft:light_blue_carpet":4,"minecraft:calcite":8,"minecraft:azalea":3,"minecraft:moss_block":174,"minecraft:short_grass":2,"minecraft:dark_oak_stairs":4,"minecraft:stripped_acacia_wood":1,"minecraft:nether_brick_fence":1,"minecraft:water_bucket":60,"minecraft:netherite_sword":62,"minecraft:diorite":72,"minecraft:writable_book":10,"minecraft:red_sand":329,"minecraft:enchanting_table":3,"minecraft:dead_bush":15,"minecraft:snow_block":198,"minecraft:birch_planks":3,"minecraft:stripped_birch_log":2,"minecraft:red_concrete":274,"minecraft:polished_andesite":171,"minecraft:oak_planks":23,"minecraft:poppy":2,"minecraft:oak_sign":12,"minecraft:andesite_slab":1,"minecraft:cactus":10,"minecraft:sandstone":94,"minecraft:stone":1,"minecraft:structure_void":43,"minecraft:sniffer_egg":1,"minecraft:stripped_birch_wood":1,"minecraft:stonecutter":5,"minecraft:clay":1,"minecraft:cobblestone_slab":2,"minecraft:debug_stick":38,"minecraft:spruce_leaves":29,"minecraft:glow_berries":15,"minecraft:diamond_block":8,"minecraft:birch_pressure_plate":1,"minecraft:dirt":35,"minecraft:sand":166,"minecraft:red_nether_brick_slab":1,"minecraft:white_carpet":2,"minecraft:oak_slab":5,"minecraft:nether_bricks":1,"minecraft:birch_sign":23,"minecraft:blast_furnace":11,"minecraft:blue_ice":52,"minecraft:fire_coral":1,"minecraft:ochre_froglight":1,"minecraft:tuff":1,"minecraft:spruce_fence":61,"minecraft:warped_planks":1,"minecraft:spruce_log":8,"minecraft:stripped_spruce_log":4,"minecraft:crimson_fence_gate":1,"minecraft:small_dripleaf":13,"minecraft:big_dripleaf":56,"minecraft:stone_brick_slab":25,"minecraft:dark_oak_planks":15,"minecraft:flowering_azalea":11,"minecraft:sea_lantern":4,"minecraft:lava_bucket":2,"minecraft:bookshelf":53,"minecraft:daylight_detector":1,"minecraft:acacia_sign":79,"minecraft:stripped_bamboo_block":2,"minecraft:dead_fire_coral":1,"minecraft:command_block":3,"minecraft:birch_slab":1,"minecraft:light_weighted_pressure_plate":27,"minecraft:lantern":4,"minecraft:grass_block":124,"minecraft:slime_block":36,"minecraft:spruce_button":1,"minecraft:acacia_slab":1,"minecraft:polished_andesite_stairs":15,"minecraft:spruce_pressure_plate":1,"minecraft:lectern":3,"minecraft:dark_oak_slab":26,"minecraft:light_blue_bed":7,"minecraft:oak_pressure_plate":1,"minecraft:dark_oak_button":2,"minecraft:stone_brick_stairs":17,"minecraft:stone_bricks":97,"minecraft:soul_lantern":2,"minecraft:stripped_mangrove_log":1,"minecraft:birch_button":1,"minecraft:coal_block":30,"minecraft:red_carpet":1,"minecraft:redstone_lamp":3,"minecraft:cobblestone":2,"minecraft:snow":196,"minecraft:tall_grass":1,"minecraft:red_concrete_powder":77,"minecraft:furnace":1,"minecraft:dark_oak_fence":57,"minecraft:mangrove_slab":2,"minecraft:andesite":3,"minecraft:sandstone_slab":14,"minecraft:chain_command_block":2,"minecraft:acacia_fence":6,"minecraft:gold_block":20,"minecraft:repeating_command_block":30,"minecraft:cyan_concrete_powder":6,"minecraft:sea_pickle":44,"minecraft:white_concrete":232,"minecraft:acacia_planks":23,"minecraft:bone_meal":4,"minecraft:orange_terracotta":1,"minecraft:seagrass":33,"minecraft:smooth_stone":1,"minecraft:bamboo_planks":1},"minecraft:killed_by":{"minecraft:player":1},"minecraft:custom":{"minecraft:interact_with_furnace":1,"minecraft:open_shulker_box":3,"minecraft:leave_game":84,"minecraft:time_since_death":6094,"minecraft:climb_one_cm":67971,"minecraft:time_since_rest":6095,"minecraft:sprint_one_cm":5473481,"minecraft:damage_taken":112473,"minecraft:walk_one_cm":431221,"minecraft:drop":7,"minecraft:damage_dealt":11085,"minecraft:swim_one_cm":42840,"minecraft:fly_one_cm":18092732,"minecraft:player_kills":55,"minecraft:crouch_one_cm":31241,"minecraft:play_time":2648933,"minecraft:deaths":52,"minecraft:sneak_time":27872,"minecraft:walk_under_water_one_cm":57735,"minecraft:boat_one_cm":53325,"minecraft:interact_with_lectern":6,"minecraft:jump":52900,"minecraft:interact_with_blast_furnace":2,"minecraft:walk_on_water_one_cm":202920,"minecraft:total_world_time":2736149,"minecraft:fall_one_cm":955636},"minecraft:dropped":{"minecraft:red_concrete":1,"minecraft:crimson_fence_gate":1,"minecraft:structure_void":1,"minecraft:polished_andesite":1,"minecraft:gold_block":1,"minecraft:nether_wart_block":1,"minecraft:white_concrete":1},"minecraft:mined":{"minecraft:dead_bush":1,"minecraft:slime_block":1}},"DataVersion":3700}