{"stats":{"minecraft:mined":{"minecraft:fire":3},"minecraft:killed_by":{"minecraft:creeper":1},"minecraft:dropped":{"minecraft:cobblestone":1,"minecraft:lantern":64,"minecraft:mangrove_planks":1,"minecraft:dark_oak_fence":1,"minecraft:brush":1,"minecraft:nether_wart_block":1,"minecraft:red_dye":1,"minecraft:cauldron":1,"minecraft:snow_block":1,"minecraft:red_concrete":1,"minecraft:grindstone":1,"minecraft:nether_bricks":1,"minecraft:flint_and_steel":2,"minecraft:shroomlight":1,"minecraft:sea_pickle":1,"minecraft:netherrack":1},"minecraft:used":{"minecraft:oak_fence":45,"minecraft:moss_block":21,"minecraft:moss_carpet":13,"minecraft:iron_bars":7,"minecraft:red_sand":4,"minecraft:crimson_fence":67,"minecraft:polished_deepslate":34,"minecraft:flint_and_steel":22,"minecraft:dead_bush":2,"minecraft:smooth_quartz_slab":79,"minecraft:red_concrete":1121,"minecraft:spruce_slab":69,"minecraft:dead_brain_coral":2,"minecraft:bone_block":12,"minecraft:ladder":1,"minecraft:mangrove_fence_gate":1,"minecraft:oak_sign":42,"minecraft:decorated_pot":13,"minecraft:spruce_planks":6,"minecraft:white_terracotta":5,"minecraft:stone":55,"minecraft:nether_wart":25,"minecraft:stripped_jungle_wood":19,"minecraft:sculk":27,"minecraft:mangrove_fence":95,"minecraft:stripped_birch_wood":41,"minecraft:grass":16,"minecraft:farmland":15,"minecraft:stripped_crimson_stem":25,"minecraft:netherrack":514,"minecraft:debug_stick":118,"minecraft:spruce_leaves":24,"minecraft:orange_stained_glass":63,"minecraft:warped_wart_block":15,"minecraft:soul_sand":27,"minecraft:dirt":140,"minecraft:anvil":6,"minecraft:red_nether_brick_slab":176,"minecraft:lily_of_the_valley":14,"minecraft:white_carpet":6,"minecraft:twisting_vines":5,"minecraft:spruce_stairs":5,"minecraft:nether_bricks":51,"minecraft:jungle_planks":48,"minecraft:jungle_slab":22,"minecraft:nether_brick_slab":22,"minecraft:oak_wood":9,"minecraft:beehive":12,"minecraft:tuff":91,"minecraft:glow_lichen":44,"minecraft:spruce_fence":25,"minecraft:granite":1,"minecraft:light_blue_stained_glass":15,"minecraft:azure_bluet":13,"minecraft:weeping_vines":47,"minecraft:polished_diorite":7,"minecraft:obsidian":17,"minecraft:fern":34,"minecraft:big_dripleaf":32,"minecraft:birch_door":1,"minecraft:shroomlight":47,"minecraft:andesite_wall":16,"minecraft:sea_lantern":129,"minecraft:lava_bucket":38,"minecraft:chipped_anvil":1,"minecraft:netherite_shovel":38,"minecraft:bricks":4,"minecraft:coal_ore":9,"minecraft:grass_block":343,"minecraft:quartz_pillar":178,"minecraft:iron_block":1,"minecraft:red_wool":1,"minecraft:mangrove_stairs":5,"minecraft:warped_hyphae":52,"minecraft:quartz_slab":58,"minecraft:crimson_slab":11,"minecraft:lantern":66,"minecraft:smooth_sandstone":16,"minecraft:warped_fence":4,"minecraft:rooted_dirt":20,"minecraft:birch_sapling":7,"minecraft:slime_block":57,"minecraft:acacia_slab":3,"minecraft:packed_mud":1,"minecraft:quartz_block":3,"minecraft:red_candle":2,"minecraft:dark_oak_slab":6,"minecraft:gray_concrete_powder":47,"minecraft:smooth_quartz":21,"minecraft:diorite_wall":4,"minecraft:stone_bricks":1,"minecraft:item_frame":1,"minecraft:snow":122,"minecraft:red_carpet":60,"minecraft:redstone_lamp":1,"minecraft:magma_block":258,"minecraft:warped_stairs":3,"minecraft:hay_block":12,"minecraft:sweet_berries":4,"minecraft:soul_soil":37,"minecraft:furnace":1,"minecraft:white_stained_glass_pane":3,"minecraft:mangrove_slab":182,"minecraft:polished_diorite_stairs":4,"minecraft:cyan_concrete_powder":5,"minecraft:pearlescent_froglight":94,"minecraft:acacia_planks":11,"minecraft:seagrass":1,"minecraft:orange_stained_glass_pane":87,"minecraft:orange_terracotta":224,"minecraft:pumpkin":17,"minecraft:dead_bubble_coral_fan":7,"minecraft:hanging_roots":1,"minecraft:stripped_spruce_wood":32,"minecraft:pointed_dripstone":60,"minecraft:calcite":325,"minecraft:quartz_bricks":21,"minecraft:water_bucket":168,"minecraft:yellow_banner":10,"minecraft:diorite":68,"minecraft:damaged_anvil":10,"minecraft:iron_ore":1,"minecraft:cobblestone_stairs":3,"minecraft:dirt_path":94,"minecraft:snow_block":44,"minecraft:dark_oak_hanging_sign":6,"minecraft:stripped_birch_log":2,"minecraft:birch_planks":124,"minecraft:red_stained_glass":25,"minecraft:birch_leaves":13,"minecraft:polished_andesite":6,"minecraft:jungle_fence":77,"minecraft:mangrove_planks":215,"minecraft:red_nether_bricks":1,"minecraft:birch_wood":3,"minecraft:blackstone":1,"minecraft:andesite_slab":11,"minecraft:cactus":4,"minecraft:sandstone":16,"minecraft:redstone_block":4,"minecraft:brown_mushroom":35,"minecraft:red_mushroom_block":1,"minecraft:structure_void":64,"minecraft:cauldron":3,"minecraft:sniffer_egg":113,"minecraft:magenta_stained_glass":10,"minecraft:glow_ink_sac":1,"minecraft:fletching_table":6,"minecraft:clay":132,"minecraft:cobblestone_slab":38,"minecraft:gilded_blackstone":1,"minecraft:white_wool":35,"minecraft:respawn_anchor":19,"minecraft:stripped_mangrove_wood":283,"minecraft:glow_berries":7,"minecraft:mossy_cobblestone":16,"minecraft:diamond_block":14,"minecraft:sand":4,"minecraft:orange_carpet":10,"minecraft:lime_terracotta":23,"minecraft:rail":7,"minecraft:dark_prismarine_slab":13,"minecraft:light_blue_concrete":17,"minecraft:tnt":67,"minecraft:oak_slab":93,"minecraft:red_mushroom":14,"minecraft:birch_sign":3,"minecraft:blast_furnace":2,"minecraft:bamboo_block":15,"minecraft:blue_ice":93,"minecraft:campfire":3,"minecraft:white_bed":1,"minecraft:note_block":13,"minecraft:light_gray_concrete_powder":46,"minecraft:chiseled_quartz_block":1,"minecraft:ochre_froglight":41,"minecraft:dripstone_block":241,"minecraft:cake":2,"minecraft:mushroom_stem":275,"minecraft:crimson_fence_gate":4,"minecraft:birch_fence":216,"minecraft:redstone_torch":28,"minecraft:cornflower":15,"minecraft:black_wool":4,"minecraft:firework_rocket":1,"minecraft:oxeye_daisy":1,"minecraft:daylight_detector":2,"minecraft:mangrove_pressure_plate":1,"minecraft:acacia_sign":81,"minecraft:stripped_bamboo_block":5,"minecraft:birch_slab":74,"minecraft:command_block":2,"minecraft:lime_carpet":2,"minecraft:warped_slab":23,"minecraft:verdant_froglight":14,"minecraft:white_glazed_terracotta":3,"minecraft:jungle_stairs":38,"minecraft:red_terracotta":31,"minecraft:oak_pressure_plate":1,"minecraft:crimson_nylium":216,"minecraft:soul_lantern":2,"minecraft:green_carpet":3,"minecraft:nether_wart_block":195,"minecraft:fire_coral_block":1,"minecraft:crimson_fungus":11,"minecraft:suspicious_gravel":3,"minecraft:cobblestone":155,"minecraft:stripped_crimson_hyphae":15,"minecraft:crimson_stairs":1,"minecraft:red_concrete_powder":23,"minecraft:dark_oak_fence":65,"minecraft:deepslate_coal_ore":17,"minecraft:andesite":35,"minecraft:repeating_command_block":24,"minecraft:chest_minecart":2,"minecraft:wither_rose":16,"minecraft:sea_pickle":73,"minecraft:brush":1,"minecraft:white_concrete":507,"minecraft:brown_mushroom_block":108,"minecraft:sculk_vein":26,"minecraft:bone_meal":53,"minecraft:smooth_stone":36,"minecraft:birch_stairs":13,"minecraft:soul_torch":15},"minecraft:custom":{"minecraft:interact_with_anvil":1,"minecraft:mob_kills":1,"minecraft:open_barrel":2,"minecraft:fill_cauldron":1,"minecraft:eat_cake_slice":2,"minecraft:leave_game":175,"minecraft:time_since_death":5016,"minecraft:climb_one_cm":19958,"minecraft:sprint_one_cm":1935216,"minecraft:walk_one_cm":582528,"minecraft:drop":17,"minecraft:talked_to_villager":1,"minecraft:play_time":1777057,"minecraft:deaths":124,"minecraft:sneak_time":108064,"minecraft:walk_under_water_one_cm":57298,"minecraft:boat_one_cm":1980,"minecraft:interact_with_lectern":10,"minecraft:jump":16461,"minecraft:interact_with_blast_furnace":1,"minecraft:walk_on_water_one_cm":89981,"minecraft:total_world_time":1777057,"minecraft:tune_noteblock":10,"minecraft:time_since_rest":5017,"minecraft:damage_taken":20065,"minecraft:damage_dealt":60,"minecraft:swim_one_cm":16838,"minecraft:fly_one_cm":13531595,"minecraft:player_kills":1,"minecraft:open_chest":1,"minecraft:crouch_one_cm":210544,"minecraft:aviate_one_cm":19920,"minecraft:fall_one_cm":302255}},"DataVersion":3465}