{"stats":{"minecraft:custom":{"minecraft:jump":315,"minecraft:time_since_rest":30776,"minecraft:crouch_one_cm":149,"minecraft:play_one_minute":30776,"minecraft:leave_game":1,"minecraft:damage_taken":140,"minecraft:sprint_one_cm":26096,"minecraft:time_since_death":30776,"minecraft:walk_one_cm":17721,"minecraft:sneak_time":88,"minecraft:climb_one_cm":1245,"minecraft:fall_one_cm":11122,"minecraft:fly_one_cm":53560,"minecraft:aviate_one_cm":2943},"minecraft:used":{"minecraft:ender_pearl":2,"minecraft:snowball":1}},"DataVersion":2230}