{
    "display": {
      "icon": {
        "item": "minecraft:player_head",
        "nbt": "{SkullOwner:{Id:[I;118586831,1751732094,-1449391236,-469920823],Properties:{textures:[{Value:\"eyJ0ZXh0dXJlcyI6eyJTS0lOIjp7InVybCI6Imh0dHA6Ly90ZXh0dXJlcy5taW5lY3JhZnQubmV0L3RleHR1cmUvMTViOGRjYmVhMjdmNDJmNWFlOTEwNDQ1ZTA1ZGFjODlkMzEwYWFmMjM2YTZjMjEyM2I4NTI4MTIwIn19fQ==\"}]}}}"
      },
      "title": {
        "text": "Cave Detour",
        "color": "dark_green",
        "bold": true
      },
      "description": "",
      "frame": "goal",
      "show_toast": true,
      "announce_to_chat": false,
      "hidden": true
    },
    "parent": "main:easter_eggs/pufferfish_party",
    "criteria": {
      "requirement": {
        "trigger": "minecraft:impossible"
      }
    }
  }
  