{
    "display": {
      "icon": {
        "item": "minecraft:player_head",
        "nbt": "{SkullOwner:{Id:[I;-1757627902,-585153407,-1706438607,-1229378814],Properties:{textures:[{Value:\"eyJ0ZXh0dXJlcyI6eyJTS0lOIjp7InVybCI6Imh0dHA6Ly90ZXh0dXJlcy5taW5lY3JhZnQubmV0L3RleHR1cmUvZWNlZGRjMjNmOWQ5NmJhYWEwZDJkN2I5ZWMxODBjZDdiZWE1NDQ3ZDM5YzQyNWNhOWU0NGQ4ODA4ZWExMWVhMCJ9fX0=\"}]}}}"
      },
      "title": {
        "text": "Frog Cave",
        "color": "gold",
        "bold": true
      },
      "description": "",
      "frame": "goal",
      "show_toast": true,
      "announce_to_chat": false,
      "hidden": true
    },
    "parent": "main:easter_eggs/frozen_river",
    "criteria": {
      "requirement": {
        "trigger": "minecraft:impossible"
      }
    }
  }
  