{
    "display": {
      "icon": {
        "item": "minecraft:player_head",
        "nbt": "{SkullOwner:{Id:[I;-2132744569,536101439,-1880616186,-2013790433],Properties:{textures:[{Value:\"eyJ0ZXh0dXJlcyI6eyJTS0lOIjp7InVybCI6Imh0dHA6Ly90ZXh0dXJlcy5taW5lY3JhZnQubmV0L3RleHR1cmUvZmQ2YjYwNmVlMzU1NTJiMjIzZjEzNzYzOTkxNWM5NjI1MzM1YWE0YjlkMDlkNmMwYzE3YmI3NWQyZGI0ZjA5In19fQ==\"}]}}}"
      },
      "title": {
        "text": "Larry",
        "color": "gold",
        "bold": true
      },
      "description": "",
      "frame": "goal",
      "show_toast": true,
      "announce_to_chat": false,
      "hidden": true
    },
    "parent": "main:easter_eggs/treehouse",
    "criteria": {
      "requirement": {
        "trigger": "minecraft:impossible"
      }
    }
  }
  