{
    "display": {
      "icon": {
        "item": "minecraft:player_head",
        "nbt": "{SkullOwner:{Id:[I;747054460,-1067955672,-1727074578,-1371211561],Properties:{textures:[{Value:\"eyJ0ZXh0dXJlcyI6eyJTS0lOIjp7InVybCI6Imh0dHA6Ly90ZXh0dXJlcy5taW5lY3JhZnQubmV0L3RleHR1cmUvZWViMzM1MTgyZGI1ZjNiZTgwZmNjZjZlYWJlNTk5ZjQxMDdkNGZmMGU5ZjQ0ZjM0MTc0Y2VmYTZlMmI1NzY4In19fQ==\"}]}}}"
      },
      "title": {
        "text": "Lush Cave",
        "color": "green",
        "bold": true
      },
      "description": "",
      "frame": "goal",
      "show_toast": true,
      "announce_to_chat": false,
      "hidden": true
    },
    "parent": "main:easter_eggs/painting_parkour",
    "criteria": {
      "requirement": {
        "trigger": "minecraft:impossible"
      }
    }
  }
  