{
    "display": {
      "icon": {
        "item": "minecraft:player_head",
        "nbt": "{SkullOwner:{Id:[I;-1473050471,1683114085,-1712090132,1737624488],Properties:{textures:[{Value:\"eyJ0ZXh0dXJlcyI6eyJTS0lOIjp7InVybCI6Imh0dHA6Ly90ZXh0dXJlcy5taW5lY3JhZnQubmV0L3RleHR1cmUvZjBkNmQ0ZGVhOWE4OThmMzFjY2RmNWI0NjI2MDQ0M2QyYzEzODA0OGUyMjNiZTljMzc1MmU1YjYxMTRhMWQyYSJ9fX0=\"}]}}}"
      },
      "title": {
        "text": "Maintenance",
        "color": "gray",
        "bold": true
      },
      "description": "",
      "frame": "goal",
      "show_toast": true,
      "announce_to_chat": false,
      "hidden": true
    },
    "parent": "main:easter_eggs/larry",
    "criteria": {
      "requirement": {
        "trigger": "minecraft:impossible"
      }
    }
  }
  