{
    "display": {
      "icon": {
        "item": "minecraft:player_head",
        "nbt": "{SkullOwner:{Id:[I;-1083096499,-1443151604,-2137684765,562942340],Properties:{textures:[{Value:\"eyJ0ZXh0dXJlcyI6eyJTS0lOIjp7InVybCI6Imh0dHA6Ly90ZXh0dXJlcy5taW5lY3JhZnQubmV0L3RleHR1cmUvNmUzMmE3ZGU3YTY3MmNjNjhmYTdhMjcyYmFhNmE4OWViZDQ0MGMzMmRjZjQ0ZTc3MDU3MDY4OTg5MDQyZjdjNiJ9fX0=\"}]}}}"
      },
      "title": {
        "text": "Nether Wart",
        "color": "red",
        "bold": true
      },
      "description": "",
      "frame": "goal",
      "show_toast": true,
      "announce_to_chat": false,
      "hidden": true
    },
    "parent": "main:easter_eggs/root",
    "criteria": {
      "requirement": {
        "trigger": "minecraft:impossible"
      }
    }
  }
  