{
    "display": {
      "icon": {
        "item": "minecraft:player_head",
        "nbt": "{SkullOwner:{Id:[I;467613326,853559320,-1183812477,-364901804],Properties:{textures:[{Value:\"eyJ0ZXh0dXJlcyI6eyJTS0lOIjp7InVybCI6Imh0dHA6Ly90ZXh0dXJlcy5taW5lY3JhZnQubmV0L3RleHR1cmUvODE5NjExZTdiZWU3YWJiYmU5YTQ2YThhOTljYWE0MjFkZmVhZjVkY2JlN2NlNTg5YjUzZmZkNzk2YTE4OGQzOCJ9fX0=\"}]}}}"
      },
      "title": {
        "text": "Painting Parkour",
        "color": "yellow",
        "bold": true
      },
      "description": "",
      "frame": "goal",
      "show_toast": true,
      "announce_to_chat": false,
      "hidden": true
    },
    "parent": "main:easter_eggs/maintenance",
    "criteria": {
      "requirement": {
        "trigger": "minecraft:impossible"
      }
    }
  }
  