{
    "display": {
      "icon": {
        "item": "minecraft:player_head",
        "nbt": "{SkullOwner:{Id:[I;-10835515,74490407,879910812,1375018840],Properties:{textures:[{Value:\"eyJ0ZXh0dXJlcyI6eyJTS0lOIjp7InVybCI6Imh0dHA6Ly90ZXh0dXJlcy5taW5lY3JhZnQubmV0L3RleHR1cmUvNTYyODUzMWViNWYwNTY5ZWRhZTE2YzhhNDNlYjIyZWVjZjdjMTUyMzViODM1YWUxNDE0YzI2OWNhZDEyY2E3In19fQ==\"}]}}}"
      },
      "title": {
        "text": "Pufferfish Party",
        "color": "dark_aqua",
        "bold": true
      },
      "description": "",
      "frame": "goal",
      "show_toast": true,
      "announce_to_chat": false,
      "hidden": true
    },
    "parent": "main:easter_eggs/frog_cave",
    "criteria": {
      "requirement": {
        "trigger": "minecraft:impossible"
      }
    }
  }
  