{
    "display": {
      "icon": {
        "item": "minecraft:player_head",
        "nbt": "{SkullOwner:{Id:[I;724800809,879512526,-1599488033,1009056301],Properties:{textures:[{Value:\"eyJ0ZXh0dXJlcyI6eyJTS0lOIjp7InVybCI6Imh0dHA6Ly90ZXh0dXJlcy5taW5lY3JhZnQubmV0L3RleHR1cmUvOGUxOGY3ZTU2NGEwYTZjNWViM2MxYjAwNjQ3ZGIzOWM1NmI0ZGFiYjUyNmJjMDE0Mzg2MjZlNjdiZmYwY2UyYiJ9fX0=\"}]}}}"
      },
      "title": {
        "text": "Treehouse",
        "color": "green",
        "bold": true
      },
      "description": "",
      "frame": "goal",
      "show_toast": true,
      "announce_to_chat": false,
      "hidden": true
    },
    "parent": "main:easter_eggs/root",
    "criteria": {
      "requirement": {
        "trigger": "minecraft:impossible"
      }
    }
  }
  