{
    "parent": "main:easter_eggs/dripstone",
    "display": {
        "title": {
            "text": "The last villager",
            "color": "light_purple",
            "bold": true
        },
        "description": {
            "text": "Find Jeremy, the last remaining villager of the lava village",
            "color": "white",
            "bold": false
        },
        "icon": {
            "item": "minecraft:villager_spawn_egg"
        },
        "frame": "challenge",
        "show_toast": true,
        "announce_to_chat": false,
        "hidden": true
    },
    "criteria": {
        "0": {
            "trigger": "minecraft:impossible"
        }
    }
}