{
    "parent": "time:s/d_rank",
    "display": {
        "title": {
            "text": "C rank",
            "color": "blue",
            "bold": true
        },
        "description": {
            "text": "Progressing steadily, gaining confidence with every leap!",
            "color": "white",
            "bold": false
        },
        "icon": {
            "id": "minecraft:iron_ingot"
        },
        "frame": "goal",
        "show_toast": false,
        "announce_to_chat": false,
        "hidden": true
    },
    "criteria": {
        "main": {
            "trigger": "minecraft:impossible"
        }
    }
}