{"stats":{"minecraft:dropped":{"minecraft:spore_blossom":1,"minecraft:grass_block":1,"minecraft:dispenser":1,"minecraft:wooden_axe":2,"minecraft:slime_block":1},"minecraft:used":{"minecraft:moss_block":219,"minecraft:stripped_acacia_wood":41,"minecraft:orange_concrete_powder":81,"minecraft:moss_carpet":19,"minecraft:light_blue_stained_glass_pane":7,"minecraft:blue_terracotta":155,"minecraft:red_sand":22,"minecraft:iron_bars":10,"minecraft:waxed_weathered_copper":1,"minecraft:acacia_log":1,"minecraft:crimson_fence":20,"minecraft:polished_deepslate":48,"minecraft:orange_concrete":14,"minecraft:red_concrete":335,"minecraft:spruce_slab":24,"minecraft:dispenser":2,"minecraft:elytra":2,"minecraft:ladder":6,"minecraft:oak_sign":1,"minecraft:light_blue_terracotta":131,"minecraft:chest":28,"minecraft:spruce_planks":4,"minecraft:white_terracotta":4,"minecraft:stone":4299,"minecraft:stripped_birch_wood":28,"minecraft:green_terracotta":100,"minecraft:orange_stained_glass":43,"minecraft:spruce_leaves":43,"minecraft:debug_stick":316,"minecraft:green_glazed_terracotta":38,"minecraft:soul_sand":21,"minecraft:dirt":22,"minecraft:warped_wart_block":24,"minecraft:red_nether_brick_slab":69,"minecraft:prismarine_bricks":2,"minecraft:brick_slab":65,"minecraft:spruce_stairs":4,"minecraft:nether_bricks":1,"minecraft:twisting_vines":38,"minecraft:cobblestone_wall":1,"minecraft:stone_stairs":6,"minecraft:warped_door":5,"minecraft:pink_terracotta":84,"minecraft:polished_granite_slab":110,"minecraft:glow_lichen":35,"minecraft:spruce_fence":70,"minecraft:cyan_wool":22,"minecraft:blue_concrete":16,"minecraft:polished_diorite":644,"minecraft:small_dripleaf":4,"minecraft:big_dripleaf":24,"minecraft:shroomlight":7,"minecraft:glass":6,"minecraft:brown_terracotta":14,"minecraft:waxed_oxidized_copper":27,"minecraft:sea_lantern":5,"minecraft:packed_ice":59,"minecraft:flowering_azalea":1,"minecraft:lava_bucket":167,"minecraft:bricks":507,"minecraft:bookshelf":33,"minecraft:warped_hyphae":628,"minecraft:spruce_wood":212,"minecraft:lantern":3,"minecraft:grass_block":11,"minecraft:green_wool":34,"minecraft:slime_block":94,"minecraft:brick_stairs":76,"minecraft:warped_fence":35,"minecraft:acacia_slab":19,"minecraft:crimson_slab":8,"minecraft:quartz_block":140,"minecraft:dark_oak_slab":6,"minecraft:dark_oak_button":1,"minecraft:pink_wool":4,"minecraft:crimson_planks":37,"minecraft:prismarine_slab":2,"minecraft:barrel":37,"minecraft:stone_brick_stairs":18,"minecraft:stone_bricks":2,"minecraft:basalt":2,"minecraft:deepslate_diamond_ore":3,"minecraft:birch_trapdoor":14,"minecraft:warped_stairs":5,"minecraft:red_nether_brick_wall":51,"minecraft:red_stained_glass_pane":21,"minecraft:redstone_lamp":31,"minecraft:waxed_cut_copper_slab":14,"minecraft:snow":965,"minecraft:magenta_terracotta":110,"minecraft:scaffolding":12,"minecraft:white_stained_glass_pane":21,"minecraft:acacia_fence":51,"minecraft:polished_diorite_stairs":7,"minecraft:gold_block":8,"minecraft:cobbled_deepslate":55,"minecraft:dragon_head":4,"minecraft:acacia_planks":151,"minecraft:powder_snow_bucket":83,"minecraft:orange_terracotta":307,"minecraft:orange_stained_glass_pane":1,"minecraft:stripped_spruce_wood":10,"minecraft:pointed_dripstone":16,"minecraft:calcite":25,"minecraft:quartz_bricks":46,"minecraft:dark_oak_stairs":1,"minecraft:water_bucket":294,"minecraft:diorite":44,"minecraft:end_rod":8,"minecraft:cobblestone_stairs":25,"minecraft:snow_block":1851,"minecraft:birch_planks":32,"minecraft:red_stained_glass":20,"minecraft:acacia_trapdoor":18,"minecraft:powered_rail":8,"minecraft:prismarine":129,"minecraft:red_nether_bricks":38,"minecraft:prismarine_stairs":3,"minecraft:blue_wool":72,"minecraft:polished_diorite_slab":48,"minecraft:redstone_block":130,"minecraft:structure_void":28,"minecraft:red_glazed_terracotta":166,"minecraft:clay":29,"minecraft:deepslate_bricks":45,"minecraft:white_wool":2,"minecraft:lime_terracotta":105,"minecraft:sand":12,"minecraft:rail":12,"minecraft:vine":32,"minecraft:yellow_terracotta":42,"minecraft:lime_stained_glass_pane":5,"minecraft:crafting_table":2,"minecraft:birch_sign":2,"minecraft:blast_furnace":19,"minecraft:yellow_concrete":11,"minecraft:blue_ice":15,"minecraft:white_bed":15,"minecraft:purple_terracotta":65,"minecraft:infested_stone_bricks":20,"minecraft:spruce_log":53,"minecraft:warped_planks":8,"minecraft:birch_fence":33,"minecraft:deepslate_tiles":153,"minecraft:blue_stained_glass_pane":24,"minecraft:netherite_block":87,"minecraft:acacia_stairs":43,"minecraft:black_wool":7,"minecraft:warped_trapdoor":28,"minecraft:command_block":13,"minecraft:birch_slab":97,"minecraft:warped_slab":8,"minecraft:lectern":1,"minecraft:spore_blossom":2,"minecraft:magenta_concrete":5,"minecraft:stone_slab":61,"minecraft:red_terracotta":904,"minecraft:polished_granite":57,"minecraft:deepslate":133,"minecraft:gravel":18,"minecraft:soul_lantern":2,"minecraft:magenta_stained_glass_pane":2,"minecraft:stripped_warped_hyphae":21,"minecraft:cobblestone":36,"minecraft:stripped_crimson_hyphae":24,"minecraft:crimson_stairs":15,"minecraft:dark_oak_fence":29,"minecraft:andesite":2,"minecraft:smooth_stone_slab":118,"minecraft:glass_pane":11,"minecraft:repeating_command_block":3,"minecraft:ice":11,"minecraft:oak_boat":143,"minecraft:white_concrete":26,"minecraft:kelp":18,"minecraft:cobweb":3,"minecraft:birch_stairs":9},"minecraft:picked_up":{"minecraft:wooden_axe":2,"minecraft:minecart":8,"minecraft:spore_blossom":1,"minecraft:dispenser":1,"minecraft:slime_block":1},"minecraft:custom":{"minecraft:open_barrel":24,"minecraft:leave_game":51,"minecraft:time_since_death":305138,"minecraft:climb_one_cm":55085,"minecraft:sprint_one_cm":3099459,"minecraft:walk_one_cm":1146343,"minecraft:drop":6,"minecraft:play_time":2747251,"minecraft:deaths":13,"minecraft:sneak_time":111337,"minecraft:walk_under_water_one_cm":610553,"minecraft:boat_one_cm":204819,"minecraft:jump":24056,"minecraft:interact_with_blast_furnace":4,"minecraft:walk_on_water_one_cm":112056,"minecraft:total_world_time":2747251,"minecraft:interact_with_furnace":1,"minecraft:time_since_rest":305139,"minecraft:damage_taken":10273,"minecraft:minecart_one_cm":43313,"minecraft:damage_dealt":28,"minecraft:swim_one_cm":178089,"minecraft:fly_one_cm":16678231,"minecraft:open_chest":11,"minecraft:crouch_one_cm":132440,"minecraft:aviate_one_cm":1323180,"minecraft:fall_one_cm":279563,"minecraft:inspect_dispenser":22}},"DataVersion":2730}