{"stats":{"minecraft:dropped":{"minecraft:minecart":10,"minecraft:elytra":1,"minecraft:cactus":2,"minecraft:stone":1,"minecraft:warped_fence":1,"minecraft:warped_wart_block":1},"minecraft:killed_by":{"minecraft:player":1},"minecraft:used":{"minecraft:moss_block":479,"minecraft:oak_trapdoor":1,"minecraft:orange_dye":1,"minecraft:stripped_acacia_wood":4,"minecraft:orange_concrete_powder":89,"minecraft:moss_carpet":2,"minecraft:light_blue_stained_glass_pane":1,"minecraft:netherite_sword":3,"minecraft:blue_terracotta":54,"minecraft:iron_bars":3,"minecraft:acacia_log":12,"minecraft:crimson_fence":43,"minecraft:orange_concrete":1,"minecraft:flint_and_steel":2,"minecraft:red_concrete":215,"minecraft:dispenser":5,"minecraft:spruce_slab":149,"minecraft:ladder":13,"minecraft:elytra":1,"minecraft:stone":8894,"minecraft:oak_sign":13,"minecraft:light_blue_terracotta":35,"minecraft:stripped_warped_stem":1,"minecraft:white_concrete_powder":90,"minecraft:chest":28,"minecraft:spruce_planks":292,"minecraft:white_terracotta":2,"minecraft:ender_chest":1,"minecraft:brown_concrete":6,"minecraft:red_nether_brick_stairs":4,"minecraft:quartz_stairs":42,"minecraft:stripped_birch_wood":17,"minecraft:grass":7,"minecraft:waxed_weathered_cut_copper_stairs":3,"minecraft:green_terracotta":81,"minecraft:debug_stick":89,"minecraft:spruce_leaves":422,"minecraft:orange_stained_glass":222,"minecraft:warped_wart_block":9,"minecraft:dirt":62,"minecraft:soul_sand":23,"minecraft:anvil":6,"minecraft:red_nether_brick_slab":62,"minecraft:hopper":1,"minecraft:blue_stained_glass":1,"minecraft:spruce_stairs":227,"minecraft:nether_bricks":109,"minecraft:cobblestone_wall":14,"minecraft:furnace_minecart":5,"minecraft:beehive":6,"minecraft:stone_stairs":17,"minecraft:glow_lichen":46,"minecraft:deepslate_brick_slab":2,"minecraft:pink_terracotta":57,"minecraft:yellow_candle":4,"minecraft:magenta_candle":2,"minecraft:light_blue_stained_glass":8,"minecraft:acacia_button":9,"minecraft:spruce_fence":98,"minecraft:granite":32,"minecraft:milk_bucket":16,"minecraft:polished_diorite":6,"minecraft:andesite_wall":31,"minecraft:stripped_spruce_log":18,"minecraft:fern":10,"minecraft:small_dripleaf":1,"minecraft:orange_candle":4,"minecraft:big_dripleaf":36,"minecraft:shroomlight":11,"minecraft:packed_ice":1597,"minecraft:waxed_oxidized_copper":18,"minecraft:brown_terracotta":677,"minecraft:red_shulker_box":2,"minecraft:dark_oak_planks":62,"minecraft:honey_block":5,"minecraft:sea_lantern":2,"minecraft:flowering_azalea":11,"minecraft:lava_bucket":314,"minecraft:stripped_dark_oak_wood":22,"minecraft:bricks":389,"minecraft:light_gray_stained_glass":65,"minecraft:grass_block":161,"minecraft:quartz_slab":3,"minecraft:spruce_wood":2,"minecraft:lantern":11,"minecraft:deepslate_copper_ore":1,"minecraft:spruce_button":1,"minecraft:slime_block":126,"minecraft:brick_stairs":39,"minecraft:warped_fence":5,"minecraft:acacia_slab":72,"minecraft:green_wool":5,"minecraft:quartz_block":372,"minecraft:red_candle":6,"minecraft:dark_oak_slab":11,"minecraft:dark_oak_button":1,"minecraft:pink_wool":51,"minecraft:prismarine_slab":1,"minecraft:stone_brick_stairs":8,"minecraft:barrel":17,"minecraft:stone_bricks":52,"minecraft:red_carpet":44,"minecraft:red_nether_brick_wall":42,"minecraft:raw_copper_block":10,"minecraft:warped_stairs":7,"minecraft:magma_block":100,"minecraft:birch_button":3,"minecraft:redstone_lamp":9,"minecraft:lime_concrete":1,"minecraft:snow":4477,"minecraft:emerald_block":4,"minecraft:lime_stained_glass":13,"minecraft:sweet_berries":2,"minecraft:iron_trapdoor":9,"minecraft:blue_shulker_box":2,"minecraft:furnace":12,"minecraft:minecart":3,"minecraft:acacia_fence":6,"minecraft:gold_block":100,"minecraft:stone_pressure_plate":4,"minecraft:red_dye":2,"minecraft:acacia_planks":135,"minecraft:seagrass":100,"minecraft:powder_snow_bucket":149,"minecraft:orange_terracotta":150,"minecraft:enchanted_golden_apple":15,"minecraft:stripped_spruce_wood":73,"minecraft:pointed_dripstone":90,"minecraft:calcite":19,"minecraft:dark_oak_stairs":4,"minecraft:water_bucket":496,"minecraft:diorite":24,"minecraft:end_rod":8,"minecraft:amethyst_block":7,"minecraft:cobblestone_stairs":30,"minecraft:spruce_door":6,"minecraft:stripped_acacia_log":14,"minecraft:snow_block":3784,"minecraft:birch_planks":87,"minecraft:red_stained_glass":5,"minecraft:yellow_shulker_box":1,"minecraft:acacia_trapdoor":14,"minecraft:powered_rail":25,"minecraft:prismarine":91,"minecraft:red_nether_bricks":45,"minecraft:oak_planks":107,"minecraft:prismarine_stairs":2,"minecraft:spruce_sign":11,"minecraft:redstone_block":6,"minecraft:structure_void":162,"minecraft:cauldron":1,"minecraft:glow_ink_sac":1,"minecraft:leather_boots":21,"minecraft:red_glazed_terracotta":210,"minecraft:cobblestone_slab":5,"minecraft:spruce_fence_gate":2,"minecraft:deepslate_bricks":1,"minecraft:white_wool":15,"minecraft:sand":42,"minecraft:diamond_block":14,"minecraft:lime_terracotta":309,"minecraft:glow_berries":46,"minecraft:dark_oak_trapdoor":4,"minecraft:stripped_dark_oak_log":12,"minecraft:brown_dye":1,"minecraft:vine":1,"minecraft:rail":91,"minecraft:terracotta":30,"minecraft:yellow_terracotta":134,"minecraft:crafting_table":2,"minecraft:loom":4,"minecraft:red_bed":14,"minecraft:blast_furnace":3,"minecraft:blue_ice":721,"minecraft:campfire":1,"minecraft:purple_terracotta":12,"minecraft:dripstone_block":143,"minecraft:spruce_log":135,"minecraft:smoker":1,"minecraft:small_amethyst_bud":1,"minecraft:deepslate_tiles":1,"minecraft:birch_fence":28,"minecraft:redstone_torch":1,"minecraft:black_concrete":5,"minecraft:red_sandstone":15,"minecraft:black_terracotta":12,"minecraft:netherite_block":87,"minecraft:gray_terracotta":46,"minecraft:black_wool":52,"minecraft:yellow_dye":2,"minecraft:flower_pot":1,"minecraft:acacia_stairs":9,"minecraft:activator_rail":4,"minecraft:firework_rocket":1,"minecraft:warped_trapdoor":6,"minecraft:acacia_door":3,"minecraft:command_block":21,"minecraft:birch_slab":76,"minecraft:heavy_weighted_pressure_plate":2,"minecraft:warped_slab":1,"minecraft:stone_button":3,"minecraft:spruce_pressure_plate":3,"minecraft:stone_slab":76,"minecraft:red_terracotta":547,"minecraft:polished_granite":2,"minecraft:spruce_trapdoor":20,"minecraft:deepslate":201,"minecraft:iron_door":7,"minecraft:soul_lantern":26,"minecraft:stripped_warped_hyphae":13,"minecraft:green_shulker_box":1,"minecraft:coal_block":8,"minecraft:cobblestone":106,"minecraft:potion":3,"minecraft:cobbled_deepslate_slab":1,"minecraft:red_concrete_powder":41,"minecraft:chain_command_block":6,"minecraft:white_stained_glass":28,"minecraft:ice":424,"minecraft:green_concrete_powder":3,"minecraft:bucket":356,"minecraft:andesite":3,"minecraft:repeating_command_block":27,"minecraft:glass_pane":29,"minecraft:smooth_stone_slab":102,"minecraft:polished_blackstone_button":5,"minecraft:oak_boat":304,"minecraft:sea_pickle":10,"minecraft:white_concrete":194,"minecraft:kelp":23,"minecraft:birch_stairs":7,"minecraft:lime_candle":6},"minecraft:picked_up":{"minecraft:fishing_rod":1,"minecraft:splash_potion":4,"minecraft:light_gray_shulker_box":14,"minecraft:enchanted_book":11,"minecraft:purple_shulker_box":14,"minecraft:brewing_stand":14,"minecraft:elytra":5,"minecraft:compass":1,"minecraft:warped_fence":1,"minecraft:pink_shulker_box":14,"minecraft:diamond_leggings":1,"minecraft:black_shulker_box":14,"minecraft:minecart":18,"minecraft:blue_shulker_box":13,"minecraft:chest":11,"minecraft:furnace":11,"minecraft:lime_shulker_box":14,"minecraft:orange_shulker_box":14,"minecraft:stone":1,"minecraft:magenta_shulker_box":14,"minecraft:end_crystal":1,"minecraft:cyan_shulker_box":14,"minecraft:gray_shulker_box":14,"minecraft:arrow":8,"minecraft:cactus":29,"minecraft:red_shulker_box":13,"minecraft:diamond_chestplate":1,"minecraft:diamond_boots":1,"minecraft:brown_shulker_box":14,"minecraft:totem_of_undying":1,"minecraft:white_shulker_box":14,"minecraft:yellow_shulker_box":13,"minecraft:smoker":13,"minecraft:green_shulker_box":13,"minecraft:paper":3008,"minecraft:leather_boots":2,"minecraft:bow":1,"minecraft:diamond_helmet":1,"minecraft:iron_sword":1,"minecraft:birch_boat":4,"minecraft:warped_wart_block":1,"minecraft:dropper":14,"minecraft:light_blue_shulker_box":14,"minecraft:blast_furnace":13,"minecraft:trapped_chest":14,"minecraft:barrel":12,"minecraft:shulker_box":14,"minecraft:dispenser":11,"minecraft:golden_apple":1,"minecraft:ender_pearl":1},"minecraft:custom":{"minecraft:interact_with_anvil":4,"minecraft:inspect_hopper":1,"minecraft:interact_with_crafting_table":1,"minecraft:open_barrel":25,"minecraft:open_shulker_box":47,"minecraft:bell_ring":42,"minecraft:leave_game":52,"minecraft:time_since_death":75087,"minecraft:damage_resisted":349046,"minecraft:climb_one_cm":32941,"minecraft:sprint_one_cm":3171220,"minecraft:walk_one_cm":1595513,"minecraft:drop":16,"minecraft:play_time":2212163,"minecraft:deaths":17,"minecraft:sneak_time":191429,"minecraft:walk_under_water_one_cm":614994,"minecraft:boat_one_cm":344394,"minecraft:interact_with_lectern":1,"minecraft:jump":27962,"minecraft:interact_with_blast_furnace":1,"minecraft:walk_on_water_one_cm":226159,"minecraft:total_world_time":2212163,"minecraft:interact_with_furnace":2,"minecraft:pot_flower":6,"minecraft:time_since_rest":75088,"minecraft:damage_taken":79572,"minecraft:open_enderchest":1,"minecraft:damage_absorbed":1976,"minecraft:damage_dealt":648,"minecraft:minecart_one_cm":37665,"minecraft:swim_one_cm":158766,"minecraft:player_kills":3,"minecraft:fly_one_cm":19321652,"minecraft:open_chest":54,"minecraft:crouch_one_cm":324989,"minecraft:aviate_one_cm":805360,"minecraft:interact_with_smoker":1,"minecraft:use_cauldron":2,"minecraft:fall_one_cm":555475,"minecraft:inspect_dispenser":22}},"DataVersion":2730}