{"stats":{"minecraft:custom":{"minecraft:jump":391,"minecraft:open_chest":4,"minecraft:time_since_rest":7891,"minecraft:deaths":1,"minecraft:crouch_one_cm":1377,"minecraft:damage_taken":670,"minecraft:sprint_one_cm":68858,"minecraft:play_time":13466,"minecraft:walk_on_water_one_cm":2740,"minecraft:time_since_death":7891,"minecraft:walk_one_cm":9886,"minecraft:sneak_time":673,"minecraft:climb_one_cm":1232,"minecraft:total_world_time":13466,"minecraft:walk_under_water_one_cm":7811,"minecraft:swim_one_cm":3239,"minecraft:boat_one_cm":18472,"minecraft:fall_one_cm":6903,"minecraft:fly_one_cm":169241,"minecraft:inspect_dispenser":1,"minecraft:leave_game":1},"minecraft:used":{"minecraft:chest":2,"minecraft:glass":4,"minecraft:oak_sign":1}},"DataVersion":2730}