{"stats":{"minecraft:dropped":{"minecraft:wooden_axe":1},"minecraft:used":{"minecraft:calcite":5,"minecraft:moss_block":5,"minecraft:dark_oak_stairs":1,"minecraft:water_bucket":90,"minecraft:yellow_banner":8,"minecraft:waxed_exposed_cut_copper":1,"minecraft:end_rod":2,"minecraft:iron_bars":18,"minecraft:polished_granite_stairs":3,"minecraft:brick_wall":12,"minecraft:snow_block":743,"minecraft:flint_and_steel":2,"minecraft:prismarine_brick_slab":17,"minecraft:cut_copper_slab":4,"minecraft:smooth_quartz_slab":75,"minecraft:red_concrete":114,"minecraft:spruce_slab":47,"minecraft:prismarine":169,"minecraft:ladder":20,"minecraft:prismarine_stairs":9,"minecraft:blue_wool":4,"minecraft:andesite_slab":38,"minecraft:white_concrete_powder":7,"minecraft:spruce_planks":127,"minecraft:white_terracotta":14,"minecraft:spruce_sign":3,"minecraft:warped_sign":4,"minecraft:deepslate_bricks":5,"minecraft:waxed_copper_block":1,"minecraft:debug_stick":38,"minecraft:spruce_leaves":237,"minecraft:white_wool":29,"minecraft:waxed_exposed_copper":2,"minecraft:polished_deepslate_slab":2,"minecraft:soul_sand":2,"minecraft:red_nether_brick_slab":3,"minecraft:rail":6,"minecraft:dark_prismarine_slab":6,"minecraft:prismarine_bricks":30,"minecraft:brick_slab":48,"minecraft:spruce_stairs":31,"minecraft:prismarine_brick_stairs":2,"minecraft:yellow_concrete":51,"minecraft:blue_ice":94,"minecraft:campfire":10,"minecraft:stone_brick_wall":2,"minecraft:furnace_minecart":1,"minecraft:cyan_wool":38,"minecraft:dripstone_block":1,"minecraft:glow_lichen":13,"minecraft:polished_granite_slab":5,"minecraft:granite":30,"minecraft:spruce_fence":190,"minecraft:blue_concrete":34,"minecraft:spruce_log":75,"minecraft:redstone_torch":6,"minecraft:andesite_wall":6,"minecraft:birch_fence":4,"minecraft:shroomlight":2,"minecraft:polished_blackstone_slab":3,"minecraft:glass":2,"minecraft:dark_prismarine":18,"minecraft:dark_oak_planks":1,"minecraft:black_wool":3,"minecraft:packed_ice":126,"minecraft:sea_lantern":12,"minecraft:black_concrete":24,"minecraft:bricks":125,"minecraft:warped_trapdoor":6,"minecraft:bookshelf":2,"minecraft:waxed_cut_copper":14,"minecraft:red_wool":26,"minecraft:black_stained_glass_pane":8,"minecraft:quartz_slab":12,"minecraft:spruce_wood":63,"minecraft:grass_block":24,"minecraft:light_weighted_pressure_plate":2,"minecraft:barrier":3,"minecraft:slime_block":39,"minecraft:brick_stairs":6,"minecraft:warped_slab":30,"minecraft:green_wool":44,"minecraft:quartz_block":43,"minecraft:cyan_concrete":24,"minecraft:magenta_concrete":731,"minecraft:polished_granite":14,"minecraft:dark_oak_slab":12,"minecraft:deepslate":103,"minecraft:prismarine_wall":23,"minecraft:pink_wool":1,"minecraft:prismarine_slab":16,"minecraft:blue_banner":8,"minecraft:yellow_wool":3,"minecraft:soul_lantern":21,"minecraft:granite_slab":5,"minecraft:light_gray_wool":9,"minecraft:green_carpet":1,"minecraft:coal_block":33,"minecraft:repeater":1,"minecraft:red_nether_brick_wall":4,"minecraft:lime_concrete":38,"minecraft:snow":587,"minecraft:hay_block":16,"minecraft:cobbled_deepslate_slab":15,"minecraft:dark_oak_fence":1,"minecraft:minecart":1,"minecraft:red_banner":6,"minecraft:andesite":6,"minecraft:deepslate_coal_ore":37,"minecraft:glass_pane":12,"minecraft:black_candle":3,"minecraft:ice":198,"minecraft:cyan_banner":8,"minecraft:polished_blackstone_button":9,"minecraft:white_concrete":44,"minecraft:gray_wool":23,"minecraft:candle":9,"minecraft:diorite_slab":23},"minecraft:picked_up":{"minecraft:wooden_axe":1},"minecraft:custom":{"minecraft:leave_game":10,"minecraft:time_since_death":110056,"minecraft:climb_one_cm":7814,"minecraft:damage_resisted":170274,"minecraft:time_since_rest":110057,"minecraft:sprint_one_cm":938871,"minecraft:damage_taken":4000,"minecraft:walk_one_cm":289307,"minecraft:drop":1,"minecraft:minecart_one_cm":7930,"minecraft:swim_one_cm":31219,"minecraft:fly_one_cm":6743211,"minecraft:crouch_one_cm":37752,"minecraft:play_time":559663,"minecraft:deaths":5,"minecraft:sneak_time":32945,"minecraft:walk_under_water_one_cm":106054,"minecraft:boat_one_cm":47889,"minecraft:aviate_one_cm":23953,"minecraft:jump":7803,"minecraft:walk_on_water_one_cm":43470,"minecraft:total_world_time":559663,"minecraft:fall_one_cm":202980,"minecraft:inspect_dispenser":1}},"DataVersion":2730}