{"stats":{"minecraft:used":{"minecraft:ender_pearl":21,"minecraft:stone":1},"minecraft:custom":{"minecraft:jump":4067,"minecraft:open_chest":3,"minecraft:time_since_rest":73008,"minecraft:damage_taken":2440,"minecraft:walk_one_cm":100087,"minecraft:crouch_one_cm":15393,"minecraft:leave_game":13,"minecraft:sprint_one_cm":536372,"minecraft:play_time":144348,"minecraft:time_since_death":73008,"minecraft:walk_on_water_one_cm":12240,"minecraft:deaths":4,"minecraft:sneak_time":5765,"minecraft:total_world_time":144348,"minecraft:climb_one_cm":3437,"minecraft:walk_under_water_one_cm":27271,"minecraft:swim_one_cm":69648,"minecraft:fall_one_cm":89789,"minecraft:fly_one_cm":1972758,"minecraft:aviate_one_cm":39872}},"DataVersion":2730}