{"stats":{"minecraft:picked_up":{"minecraft:ice":1},"minecraft:dropped":{"minecraft:ice":1,"minecraft:sponge":1},"minecraft:used":{"minecraft:water_bucket":43,"minecraft:packed_ice":57,"minecraft:snow_block":11,"minecraft:iron_trapdoor":1,"minecraft:command_block":1,"minecraft:blue_ice":15,"minecraft:quartz_block":24,"minecraft:ice":9,"minecraft:sponge":2},"minecraft:custom":{"minecraft:time_since_rest":32681,"minecraft:crouch_one_cm":17618,"minecraft:play_time":74823,"minecraft:sprint_one_cm":138382,"minecraft:deaths":1,"minecraft:damage_taken":280,"minecraft:walk_one_cm":40302,"minecraft:sneak_time":8745,"minecraft:walk_under_water_one_cm":24396,"minecraft:drop":2,"minecraft:jump":760,"minecraft:walk_on_water_one_cm":12560,"minecraft:leave_game":4,"minecraft:time_since_death":32677,"minecraft:climb_one_cm":2102,"minecraft:total_world_time":74823,"minecraft:swim_one_cm":36869,"minecraft:fly_one_cm":603915}},"DataVersion":2730}