{"stats":{"minecraft:picked_up":{"minecraft:sponge":1,"minecraft:gold_block":1,"minecraft:hanging_roots":1,"minecraft:cobweb":1,"minecraft:soul_sand":64,"minecraft:pointed_dripstone":1,"minecraft:dispenser":1,"minecraft:cobblestone":2},"minecraft:killed":{"minecraft:villager":21},"minecraft:killed_by":{"minecraft:player":6},"minecraft:custom":{"minecraft:mob_kills":22,"minecraft:bell_ring":35,"minecraft:pot_flower":9,"minecraft:leave_game":21,"minecraft:time_since_death":195842,"minecraft:climb_one_cm":21261,"minecraft:damage_resisted":351,"minecraft:time_since_rest":195844,"minecraft:walk_one_cm":361267,"minecraft:sprint_one_cm":685611,"minecraft:damage_taken":6701,"minecraft:damage_absorbed":637,"minecraft:drop":20,"minecraft:damage_dealt":7102,"minecraft:damage_dealt_absorbed":1445,"minecraft:swim_one_cm":36744,"minecraft:fly_one_cm":2417762,"minecraft:player_kills":9,"minecraft:open_chest":1,"minecraft:crouch_one_cm":4875,"minecraft:play_time":719578,"minecraft:deaths":15,"minecraft:sneak_time":6831,"minecraft:walk_under_water_one_cm":70789,"minecraft:boat_one_cm":140389,"minecraft:interact_with_lectern":5,"minecraft:aviate_one_cm":671079,"minecraft:jump":5033,"minecraft:walk_on_water_one_cm":36978,"minecraft:total_world_time":719578,"minecraft:fall_one_cm":73797},"minecraft:mined":{"minecraft:structure_void":1},"minecraft:dropped":{"minecraft:spruce_sign":2,"minecraft:spyglass":1,"minecraft:pointed_dripstone":1,"minecraft:cobblestone":2,"minecraft:elytra":2,"minecraft:grass_block":1,"minecraft:cobweb":1,"minecraft:dirt":1,"minecraft:packed_ice":1,"minecraft:powder_snow_bucket":1,"minecraft:quartz_block":3,"minecraft:wooden_axe":1,"minecraft:sand":1,"minecraft:polished_deepslate":1,"minecraft:hanging_roots":1},"minecraft:used":{"minecraft:calcite":1,"minecraft:oak_fence":20,"minecraft:moss_block":240,"minecraft:petrified_oak_slab":2,"minecraft:water_bucket":15,"minecraft:moss_carpet":6,"minecraft:netherite_sword":85,"minecraft:writable_book":5,"minecraft:pink_tulip":4,"minecraft:polished_deepslate":41,"minecraft:orange_concrete":24,"minecraft:snow_block":13,"minecraft:red_concrete":27,"minecraft:ladder":13,"minecraft:oak_planks":18,"minecraft:elytra":1,"minecraft:spruce_planks":92,"minecraft:birch_boat":5,"minecraft:stone":5,"minecraft:redstone_block":1,"minecraft:structure_void":13,"minecraft:spruce_sign":3,"minecraft:spruce_fence_gate":2,"minecraft:deepslate_bricks":14,"minecraft:green_terracotta":38,"minecraft:oak_leaves":35,"minecraft:debug_stick":99,"minecraft:sand":4,"minecraft:dirt":18,"minecraft:spyglass":27,"minecraft:oak_slab":6,"minecraft:yellow_concrete":38,"minecraft:blue_ice":43,"minecraft:warped_door":1,"minecraft:dripstone_block":45,"minecraft:painting":6,"minecraft:blue_concrete":43,"minecraft:small_dripleaf":4,"minecraft:big_dripleaf":28,"minecraft:redstone_torch":1,"minecraft:glass":71,"minecraft:packed_ice":3,"minecraft:wooden_axe":223,"minecraft:dark_oak_planks":10,"minecraft:flower_pot":10,"minecraft:sea_lantern":2,"minecraft:flowering_azalea":4,"minecraft:firework_rocket":64,"minecraft:warped_trapdoor":8,"minecraft:bookshelf":155,"minecraft:villager_spawn_egg":5,"minecraft:lantern":3,"minecraft:grass_block":2,"minecraft:oak_stairs":19,"minecraft:slime_block":7,"minecraft:warped_fence":2,"minecraft:netherite_axe":146,"minecraft:quartz_block":274,"minecraft:spore_blossom":7,"minecraft:lectern":1,"minecraft:dark_oak_slab":2,"minecraft:iron_door":2,"minecraft:deepslate":80,"minecraft:bedrock":1,"minecraft:green_carpet":4,"minecraft:purple_concrete":39,"minecraft:cobblestone":1,"minecraft:snow":46,"minecraft:written_book":3,"minecraft:white_concrete":24,"minecraft:cobbled_deepslate":1,"minecraft:powder_snow_bucket":82,"minecraft:enchanted_golden_apple":5,"minecraft:hanging_roots":3,"minecraft:purple_wool":1,"minecraft:cobweb":7,"minecraft:pointed_dripstone":47}},"DataVersion":2730}