{"stats":{"minecraft:picked_up":{"minecraft:red_glazed_terracotta":1,"minecraft:cornflower":2,"minecraft:hanging_roots":1,"minecraft:kelp":3,"minecraft:poppy":1,"minecraft:deepslate":1,"minecraft:writable_book":1,"minecraft:glowstone":1},"minecraft:dropped":{"minecraft:red_glazed_terracotta":1,"minecraft:deepslate":1,"minecraft:item_frame":1,"minecraft:poppy":1,"minecraft:cornflower":2,"minecraft:glowstone":1,"minecraft:writable_book":1,"minecraft:hanging_roots":1},"minecraft:used":{"minecraft:diorite_stairs":4,"minecraft:calcite":148,"minecraft:moss_block":49,"minecraft:dark_oak_stairs":3,"minecraft:moss_carpet":4,"minecraft:water_bucket":12,"minecraft:end_rod":1,"minecraft:diorite":278,"minecraft:blue_terracotta":200,"minecraft:tube_coral_fan":3,"minecraft:cobblestone_stairs":1,"minecraft:iron_shovel":31,"minecraft:acacia_log":5,"minecraft:snow_block":994,"minecraft:smooth_quartz_slab":1,"minecraft:cut_copper_slab":5,"minecraft:red_concrete":143,"minecraft:spruce_slab":84,"minecraft:dark_oak_sign":4,"minecraft:red_nether_bricks":16,"minecraft:ladder":4,"minecraft:copper_block":14,"minecraft:andesite_slab":19,"minecraft:lime_concrete_powder":8,"minecraft:white_concrete_powder":21,"minecraft:chest":1,"minecraft:spruce_planks":262,"minecraft:stone":233,"minecraft:redstone_block":5,"minecraft:structure_void":17,"minecraft:blue_bed":2,"minecraft:bell":1,"minecraft:red_glazed_terracotta":158,"minecraft:spruce_fence_gate":2,"minecraft:tube_coral":1,"minecraft:debug_stick":75,"minecraft:spruce_leaves":412,"minecraft:anvil":1,"minecraft:glow_berries":6,"minecraft:dragon_egg":1,"minecraft:birch_pressure_plate":6,"minecraft:dirt":6,"minecraft:soul_sand":1,"minecraft:lime_terracotta":28,"minecraft:red_nether_brick_slab":3,"minecraft:blue_stained_glass":21,"minecraft:jungle_planks":10,"minecraft:spruce_stairs":15,"minecraft:yellow_concrete":1,"minecraft:stone_stairs":6,"minecraft:blue_ice":136,"minecraft:campfire":30,"minecraft:pink_terracotta":2,"minecraft:dripstone_block":1,"minecraft:raw_iron_block":58,"minecraft:painting":2,"minecraft:granite":9,"minecraft:spruce_fence":20,"minecraft:blue_concrete":37,"minecraft:spruce_log":109,"minecraft:stripped_spruce_log":21,"minecraft:exposed_copper":5,"minecraft:lightning_rod":3,"minecraft:polished_deepslate_stairs":1,"minecraft:deepslate_tiles":4,"minecraft:andesite_wall":9,"minecraft:gray_terracotta":13,"minecraft:dark_oak_planks":20,"minecraft:flower_pot":4,"minecraft:packed_ice":465,"minecraft:sea_lantern":1,"minecraft:cyan_terracotta":7,"minecraft:lava_bucket":28,"minecraft:warped_trapdoor":1,"minecraft:bookshelf":20,"minecraft:grass_block":4,"minecraft:birch_slab":4,"minecraft:spruce_wood":25,"minecraft:lantern":20,"minecraft:light_weighted_pressure_plate":5,"minecraft:oak_stairs":14,"minecraft:cyan_bed":1,"minecraft:slime_block":24,"minecraft:acacia_slab":26,"minecraft:quartz_block":5,"minecraft:spruce_pressure_plate":3,"minecraft:spore_blossom":1,"minecraft:lectern":3,"minecraft:stone_slab":10,"minecraft:dark_oak_slab":10,"minecraft:spruce_trapdoor":3,"minecraft:spruce_sapling":2,"minecraft:deepslate":105,"minecraft:raw_gold_block":6,"minecraft:diorite_wall":3,"minecraft:pink_wool":7,"minecraft:prismarine_slab":1,"minecraft:barrel":13,"minecraft:soul_lantern":4,"minecraft:item_frame":120,"minecraft:crimson_sign":1,"minecraft:exposed_cut_copper_slab":4,"minecraft:birch_button":6,"minecraft:deepslate_diamond_ore":1,"minecraft:basalt":181,"minecraft:brown_carpet":4,"minecraft:glowstone":8,"minecraft:cobblestone":100,"minecraft:snow":692,"minecraft:raw_copper_block":11,"minecraft:red_nether_brick_wall":4,"minecraft:magma_block":10,"minecraft:hay_block":57,"minecraft:iron_trapdoor":4,"minecraft:dark_oak_fence":46,"minecraft:andesite_stairs":23,"minecraft:yellow_bed":1,"minecraft:andesite":496,"minecraft:chain":5,"minecraft:smooth_stone_slab":24,"minecraft:gold_block":8,"minecraft:ice":23,"minecraft:sea_pickle":2,"minecraft:white_concrete":25,"minecraft:acacia_planks":11,"minecraft:cobbled_deepslate":12,"minecraft:hanging_roots":1,"minecraft:powder_snow_bucket":12,"minecraft:smooth_stone":75,"minecraft:bone_meal":1,"minecraft:cobweb":6,"minecraft:diorite_slab":4},"minecraft:custom":{"minecraft:open_barrel":7,"minecraft:interact_with_campfire":10,"minecraft:bell_ring":3,"minecraft:pot_flower":11,"minecraft:leave_game":17,"minecraft:time_since_death":154654,"minecraft:climb_one_cm":17861,"minecraft:time_since_rest":154658,"minecraft:sprint_one_cm":1512024,"minecraft:damage_taken":17223,"minecraft:walk_one_cm":542191,"minecraft:drop":9,"minecraft:minecart_one_cm":20347,"minecraft:damage_dealt":16,"minecraft:swim_one_cm":66471,"minecraft:fly_one_cm":6535631,"minecraft:deaths":1,"minecraft:open_chest":3,"minecraft:crouch_one_cm":34796,"minecraft:play_time":1011473,"minecraft:sneak_time":37610,"minecraft:walk_under_water_one_cm":197958,"minecraft:boat_one_cm":57009,"minecraft:aviate_one_cm":57692,"minecraft:jump":11494,"minecraft:walk_on_water_one_cm":53554,"minecraft:total_world_time":1011473,"minecraft:fall_one_cm":417303,"minecraft:inspect_dispenser":15}},"DataVersion":2730}