{"stats":{"minecraft:mined":{"minecraft:orange_concrete_powder":38,"minecraft:red_sand":16,"minecraft:crafting_table":1,"minecraft:spruce_log":1,"minecraft:sand":82},"minecraft:killed":{"minecraft:iron_golem":1,"minecraft:villager":22},"minecraft:broken":{"minecraft:golden_sword":2},"minecraft:killed_by":{"minecraft:player":14},"minecraft:used":{"minecraft:trident":227,"minecraft:light_blue_stained_glass_pane":36,"minecraft:orange_concrete_powder":54,"minecraft:jack_o_lantern":64,"minecraft:red_sand":16,"minecraft:light_gray_dye":1,"minecraft:cracked_deepslate_bricks":3,"minecraft:carved_pumpkin":1,"minecraft:dispenser":4,"minecraft:red_concrete":197,"minecraft:red_sandstone_slab":139,"minecraft:spruce_slab":76,"minecraft:elytra":1,"minecraft:oak_sign":19,"minecraft:chest":1,"minecraft:spruce_planks":3,"minecraft:shield":11,"minecraft:white_terracotta":34,"minecraft:quartz_stairs":3,"minecraft:netherrack":47,"minecraft:debug_stick":53,"minecraft:green_terracotta":21,"minecraft:spruce_leaves":198,"minecraft:orange_stained_glass":4,"minecraft:chiseled_red_sandstone":20,"minecraft:dirt":184,"minecraft:soul_sand":18,"minecraft:birch_pressure_plate":2,"minecraft:white_carpet":2,"minecraft:chorus_flower":4,"minecraft:jungle_planks":19,"minecraft:twisting_vines":5,"minecraft:orange_wool":72,"minecraft:cracked_deepslate_tiles":7,"minecraft:deepslate_brick_slab":8,"minecraft:pink_terracotta":38,"minecraft:yellow_carpet":3,"minecraft:cyan_wool":9,"minecraft:spruce_fence":65,"minecraft:blue_concrete":1,"minecraft:polished_diorite":9,"minecraft:obsidian":20,"minecraft:shroomlight":2,"minecraft:glass":1,"minecraft:wooden_axe":36,"minecraft:dark_oak_planks":12,"minecraft:packed_ice":1367,"minecraft:sea_lantern":51,"minecraft:lava_bucket":721,"minecraft:stripped_dark_oak_wood":1,"minecraft:bookshelf":3,"minecraft:gray_dye":1,"minecraft:villager_spawn_egg":23,"minecraft:red_wool":32,"minecraft:lantern":14,"minecraft:iron_block":4,"minecraft:oak_stairs":14,"minecraft:rooted_dirt":2,"minecraft:slime_block":71,"minecraft:green_wool":14,"minecraft:quartz_block":123,"minecraft:raw_gold_block":1,"minecraft:totem_of_undying":1,"minecraft:blue_banner":5,"minecraft:item_frame":15,"minecraft:bedrock":1,"minecraft:diamond_chestplate":1,"minecraft:birch_button":23,"minecraft:golden_sword":84,"minecraft:redstone_lamp":6,"minecraft:red_carpet":21,"minecraft:raw_copper_block":13,"minecraft:red_nether_brick_wall":4,"minecraft:magma_block":557,"minecraft:snow":1272,"minecraft:magenta_wool":8,"minecraft:acacia_fence":14,"minecraft:gold_block":2,"minecraft:cyan_banner":18,"minecraft:observer":8,"minecraft:acacia_planks":86,"minecraft:cooked_beef":6,"minecraft:orange_terracotta":99,"minecraft:cobbled_deepslate":9,"minecraft:powder_snow_bucket":524,"minecraft:turtle_egg":14,"minecraft:orange_stained_glass_pane":9,"minecraft:enchanted_golden_apple":51,"minecraft:stripped_spruce_wood":19,"minecraft:pointed_dripstone":1,"minecraft:calcite":124,"minecraft:water_bucket":270,"minecraft:waxed_oxidized_cut_copper_slab":1,"minecraft:end_rod":19,"minecraft:end_stone_bricks":41,"minecraft:prismarine_brick_slab":1,"minecraft:stripped_acacia_log":58,"minecraft:dropper":2,"minecraft:snow_block":2695,"minecraft:cartography_table":9,"minecraft:prismarine":116,"minecraft:lime_wool":1,"minecraft:oak_planks":21,"minecraft:copper_block":13,"minecraft:blue_wool":36,"minecraft:ender_pearl":546,"minecraft:birch_boat":61,"minecraft:sandstone":1,"minecraft:red_mushroom_block":1,"minecraft:structure_void":54,"minecraft:glow_ink_sac":4,"minecraft:white_dye":5,"minecraft:diamond_axe":52,"minecraft:red_glazed_terracotta":3,"minecraft:spruce_fence_gate":7,"minecraft:deepslate_bricks":37,"minecraft:white_wool":115,"minecraft:respawn_anchor":2,"minecraft:sand":103,"minecraft:diamond_block":2,"minecraft:orange_carpet":1,"minecraft:lime_terracotta":42,"minecraft:terracotta":41,"minecraft:yellow_terracotta":11,"minecraft:crafting_table":1,"minecraft:loom":8,"minecraft:light_blue_wool":20,"minecraft:birch_sign":12,"minecraft:smooth_red_sandstone":206,"minecraft:blue_ice":981,"minecraft:yellow_concrete":12,"minecraft:crossbow":32,"minecraft:sponge":1,"minecraft:dripstone_block":13,"minecraft:gray_concrete":51,"minecraft:painting":33,"minecraft:end_stone":187,"minecraft:cobbled_deepslate_stairs":8,"minecraft:deepslate_tiles":9,"minecraft:sticky_piston":9,"minecraft:black_terracotta":1,"minecraft:black_wool":58,"minecraft:black_concrete":183,"minecraft:light":26,"minecraft:red_sandstone":308,"minecraft:crying_obsidian":10,"minecraft:gray_stained_glass_pane":11,"minecraft:lime_carpet":1,"minecraft:birch_slab":3,"minecraft:warped_slab":1,"minecraft:netherite_axe":111,"minecraft:spore_blossom":1,"minecraft:stone_slab":2,"minecraft:spruce_trapdoor":5,"minecraft:cut_red_sandstone":61,"minecraft:deepslate":22,"minecraft:yellow_wool":33,"minecraft:soul_lantern":13,"minecraft:stone_axe":67,"minecraft:smooth_red_sandstone_slab":3,"minecraft:coal_block":2,"minecraft:azalea_leaves":63,"minecraft:bucket":33,"minecraft:chain":122,"minecraft:ice":1568,"minecraft:white_concrete":198,"minecraft:kelp":35,"minecraft:chorus_plant":18,"minecraft:cobweb":9},"minecraft:dropped":{"minecraft:water_bucket":2,"minecraft:soul_sand":64,"minecraft:ender_pearl":1,"minecraft:command_block":2,"minecraft:elytra":2,"minecraft:yellow_carpet":1,"minecraft:birch_slab":1,"minecraft:item_frame":1,"minecraft:red_carpet":1,"minecraft:gold_block":1,"minecraft:iron_block":1,"minecraft:ice":1,"minecraft:dispenser":2,"minecraft:wooden_axe":1,"minecraft:stripped_dark_oak_wood":1,"minecraft:orange_concrete_powder":1,"minecraft:acacia_planks":1,"minecraft:green_wool":1,"minecraft:snow_block":1,"minecraft:twisting_vines":1,"minecraft:slime_block":1,"minecraft:prismarine":1,"minecraft:white_terracotta":1,"minecraft:spruce_fence":1,"minecraft:orange_stained_glass":1,"minecraft:light":1,"minecraft:snow":64,"minecraft:shield":1,"minecraft:diamond_chestplate":1,"minecraft:spruce_planks":1,"minecraft:dropper":1,"minecraft:quartz_block":2,"minecraft:blue_ice":1,"minecraft:birch_boat":2,"minecraft:stripped_spruce_wood":1,"minecraft:acacia_fence":1},"minecraft:picked_up":{"minecraft:wooden_axe":1,"minecraft:coarse_dirt":2,"minecraft:packed_ice":2,"minecraft:orange_stained_glass_pane":1,"minecraft:chain":64,"minecraft:light":1,"minecraft:shield":1,"minecraft:elytra":1,"minecraft:snow":128,"minecraft:item_frame":1,"minecraft:sticky_piston":1,"minecraft:smooth_red_sandstone_slab":1,"minecraft:oak_sign":1,"minecraft:respawn_anchor":1,"minecraft:spruce_planks":1,"minecraft:warped_slab":1,"minecraft:end_stone":1,"minecraft:spruce_fence":1,"minecraft:snow_block":2,"minecraft:trident":1,"minecraft:gray_stained_glass_pane":1,"minecraft:quartz_block":2,"minecraft:command_block":1,"minecraft:deepslate_bricks":1,"minecraft:stripped_dark_oak_wood":1,"minecraft:cracked_deepslate_tiles":1,"minecraft:magma_block":1,"minecraft:ice":1,"minecraft:bedrock":1,"minecraft:stripped_spruce_wood":2,"minecraft:dirt":1,"minecraft:red_carpet":1,"minecraft:acacia_planks":1,"minecraft:cobweb":1,"minecraft:prismarine_brick_slab":1,"minecraft:prismarine":1,"minecraft:debug_stick":1,"minecraft:birch_boat":34,"minecraft:dripstone_block":1,"minecraft:dropper":1,"minecraft:spruce_fence_gate":1,"minecraft:dispenser":1,"minecraft:yellow_carpet":1,"minecraft:slime_block":1,"minecraft:soul_lantern":1,"minecraft:blue_ice":1,"minecraft:diamond_axe":1,"minecraft:jack_o_lantern":1,"minecraft:ender_pearl":1},"minecraft:custom":{"minecraft:inspect_dropper":4,"minecraft:mob_kills":23,"minecraft:interact_with_crafting_table":1,"minecraft:time_since_death":3574,"minecraft:leave_game":24,"minecraft:climb_one_cm":9431,"minecraft:damage_resisted":3398,"minecraft:sprint_one_cm":1483013,"minecraft:walk_one_cm":985311,"minecraft:damage_blocked_by_shield":321,"minecraft:drop":42,"minecraft:damage_dealt_absorbed":1519,"minecraft:talked_to_villager":6,"minecraft:play_time":1707554,"minecraft:walk_under_water_one_cm":416144,"minecraft:deaths":35,"minecraft:sneak_time":105606,"minecraft:boat_one_cm":516324,"minecraft:jump":12922,"minecraft:walk_on_water_one_cm":218690,"minecraft:total_world_time":1707554,"minecraft:interact_with_cartography_table":1,"minecraft:time_since_rest":3578,"minecraft:damage_taken":38015,"minecraft:damage_absorbed":7101,"minecraft:minecart_one_cm":8113,"minecraft:damage_dealt":13129,"minecraft:swim_one_cm":297427,"minecraft:fly_one_cm":7269459,"minecraft:player_kills":15,"minecraft:open_chest":2,"minecraft:crouch_one_cm":220586,"minecraft:aviate_one_cm":64448,"minecraft:inspect_dispenser":11,"minecraft:fall_one_cm":174687},"minecraft:crafted":{"minecraft:diamond":9,"minecraft:dark_oak_planks":4,"minecraft:crafting_table":1,"minecraft:diamond_chestplate":1}},"DataVersion":2730}