{"stats":{"minecraft:picked_up":{"minecraft:paper":64,"minecraft:carved_pumpkin":2},"minecraft:killed":{"minecraft:snow_golem":1},"minecraft:killed_by":{"minecraft:player":7},"minecraft:custom":{"minecraft:mob_kills":1,"minecraft:interact_with_anvil":3,"minecraft:interact_with_loom":3,"minecraft:time_since_death":3979,"minecraft:leave_game":22,"minecraft:climb_one_cm":7588,"minecraft:damage_resisted":598,"minecraft:time_since_rest":3983,"minecraft:walk_one_cm":342832,"minecraft:sprint_one_cm":883460,"minecraft:damage_taken":34272,"minecraft:damage_absorbed":1320,"minecraft:damage_dealt":547,"minecraft:damage_dealt_absorbed":348,"minecraft:swim_one_cm":113203,"minecraft:fly_one_cm":3760165,"minecraft:player_kills":4,"minecraft:open_chest":5,"minecraft:crouch_one_cm":65979,"minecraft:play_time":644923,"minecraft:deaths":29,"minecraft:sneak_time":31763,"minecraft:walk_under_water_one_cm":50867,"minecraft:boat_one_cm":20780,"minecraft:jump":6330,"minecraft:walk_on_water_one_cm":171941,"minecraft:total_world_time":644923,"minecraft:fall_one_cm":410475},"minecraft:mined":{"minecraft:sand":24},"minecraft:used":{"minecraft:calcite":218,"minecraft:moss_block":7,"minecraft:trident":136,"minecraft:waxed_weathered_copper":3,"minecraft:moss_carpet":12,"minecraft:dark_oak_stairs":1,"minecraft:waxed_exposed_cut_copper":2,"minecraft:water_bucket":56,"minecraft:waxed_oxidized_cut_copper_slab":2,"minecraft:netherite_sword":6,"minecraft:diorite":56,"minecraft:iron_bars":21,"minecraft:cobblestone_stairs":8,"minecraft:red_sand":7,"minecraft:amethyst_block":103,"minecraft:granite_stairs":4,"minecraft:acacia_log":7,"minecraft:spruce_door":4,"minecraft:flint_and_steel":1,"minecraft:snow_block":352,"minecraft:smooth_quartz_slab":6,"minecraft:netherite_chestplate":1,"minecraft:red_concrete":33,"minecraft:polished_andesite":8,"minecraft:acacia_trapdoor":17,"minecraft:redstone":376,"minecraft:prismarine":9,"minecraft:dead_brain_coral":8,"minecraft:prismarine_stairs":3,"minecraft:ender_pearl":2,"minecraft:andesite_slab":1,"minecraft:waxed_oxidized_cut_copper":1,"minecraft:stripped_warped_stem":13,"minecraft:white_concrete_powder":5,"minecraft:chest":1,"minecraft:spruce_planks":43,"minecraft:stone":75,"minecraft:redstone_block":7,"minecraft:structure_void":7,"minecraft:quartz_stairs":1,"minecraft:grass":12,"minecraft:cobblestone_slab":40,"minecraft:waxed_copper_block":1,"minecraft:large_amethyst_bud":2,"minecraft:debug_stick":13,"minecraft:spruce_leaves":6,"minecraft:waxed_exposed_copper":2,"minecraft:dark_oak_trapdoor":15,"minecraft:warped_wart_block":18,"minecraft:dirt":216,"minecraft:soul_sand":11,"minecraft:sand":322,"minecraft:anvil":1,"minecraft:lily_of_the_valley":4,"minecraft:netherite_leggings":1,"minecraft:dark_prismarine_slab":5,"minecraft:tnt":1,"minecraft:blue_stained_glass":1,"minecraft:red_bed":1,"minecraft:prismarine_bricks":12,"minecraft:waxed_weathered_cut_copper_slab":1,"minecraft:jungle_planks":4,"minecraft:spruce_stairs":20,"minecraft:birch_sign":2,"minecraft:cobblestone_wall":1,"minecraft:netherite_helmet":1,"minecraft:blue_ice":13,"minecraft:campfire":2,"minecraft:oxidized_cut_copper_slab":19,"minecraft:sponge":8,"minecraft:light_gray_concrete_powder":2,"minecraft:glow_lichen":92,"minecraft:dripstone_block":33,"minecraft:painting":10,"minecraft:tuff":4,"minecraft:granite":105,"minecraft:warped_planks":10,"minecraft:spruce_log":22,"minecraft:mushroom_stem":9,"minecraft:lightning_rod":5,"minecraft:obsidian":25,"minecraft:small_amethyst_bud":26,"minecraft:big_dripleaf":51,"minecraft:shroomlight":11,"minecraft:amethyst_cluster":30,"minecraft:ender_eye":16,"minecraft:waxed_oxidized_copper":5,"minecraft:lever":3,"minecraft:packed_ice":79,"minecraft:acacia_stairs":3,"minecraft:black_concrete":5,"minecraft:lava_bucket":117,"minecraft:green_wool":2,"minecraft:deepslate_copper_ore":24,"minecraft:acacia_sign":3,"minecraft:waxed_cut_copper":1,"minecraft:red_wool":576,"minecraft:quartz_slab":10,"minecraft:command_block":4,"minecraft:lime_carpet":4,"minecraft:lantern":1,"minecraft:nether_sprouts":4,"minecraft:grass_block":15,"minecraft:oak_stairs":4,"minecraft:string":1,"minecraft:slime_block":14,"minecraft:warped_slab":14,"minecraft:acacia_slab":36,"minecraft:polished_andesite_stairs":2,"minecraft:quartz_block":193,"minecraft:spruce_sapling":2,"minecraft:diamond_ore":8,"minecraft:dark_oak_slab":22,"minecraft:deepslate":799,"minecraft:spruce_trapdoor":8,"minecraft:gray_concrete_powder":2,"minecraft:prismarine_wall":3,"minecraft:waxed_weathered_cut_copper":1,"minecraft:iron_door":3,"minecraft:diorite_wall":8,"minecraft:gravel":14,"minecraft:prismarine_slab":20,"minecraft:waxed_exposed_cut_copper_slab":1,"minecraft:acacia_fence_gate":1,"minecraft:bedrock":1,"minecraft:netherite_boots":1,"minecraft:bow":6,"minecraft:light_blue_concrete_powder":67,"minecraft:deepslate_diamond_ore":34,"minecraft:glowstone":5,"minecraft:cobblestone":124,"minecraft:snow":780,"minecraft:red_carpet":2,"minecraft:raw_copper_block":2,"minecraft:waxed_cut_copper_slab":2,"minecraft:warped_stairs":6,"minecraft:dark_oak_boat":12,"minecraft:cobbled_deepslate_slab":27,"minecraft:medium_amethyst_bud":1,"minecraft:acacia_fence":1,"minecraft:oxidized_copper":1,"minecraft:dark_oak_fence":1,"minecraft:white_stained_glass_pane":8,"minecraft:red_banner":10,"minecraft:white_stained_glass":9,"minecraft:andesite":5,"minecraft:bucket":19,"minecraft:chain":3,"minecraft:ice":122,"minecraft:end_portal_frame":20,"minecraft:white_concrete":24,"minecraft:warped_button":1,"minecraft:brown_mushroom_block":15,"minecraft:enchanted_golden_apple":11,"minecraft:bone_meal":2,"minecraft:diorite_slab":15,"minecraft:pointed_dripstone":9}},"DataVersion":2730}