{"stats":{"minecraft:picked_up":{"minecraft:dark_oak_planks":1},"minecraft:custom":{"minecraft:time_since_rest":108025,"minecraft:crouch_one_cm":1656,"minecraft:play_time":108025,"minecraft:sprint_one_cm":84629,"minecraft:damage_taken":130,"minecraft:walk_one_cm":41906,"minecraft:sneak_time":2529,"minecraft:walk_under_water_one_cm":4116,"minecraft:drop":1,"minecraft:jump":442,"minecraft:leave_game":4,"minecraft:walk_on_water_one_cm":6353,"minecraft:time_since_death":108025,"minecraft:climb_one_cm":6605,"minecraft:total_world_time":108025,"minecraft:swim_one_cm":2868,"minecraft:fly_one_cm":208458},"minecraft:dropped":{"minecraft:dark_oak_planks":1},"minecraft:used":{"minecraft:glass":2,"minecraft:dark_oak_planks":1,"minecraft:iron_bars":9,"minecraft:lime_concrete":2,"minecraft:magma_block":4,"minecraft:orange_concrete":8,"minecraft:snow_block":2,"minecraft:red_concrete":8,"minecraft:yellow_concrete":8,"minecraft:white_concrete":21,"minecraft:powder_snow_bucket":2}},"DataVersion":2730}