{"stats":{"minecraft:killed_by":{"minecraft:player":3},"minecraft:dropped":{"minecraft:coarse_dirt":2,"minecraft:cobbled_deepslate":1,"minecraft:oak_fence":1,"minecraft:fern":1,"minecraft:stone_slab":1,"minecraft:spruce_fence":1,"minecraft:grass_block":1,"minecraft:glass_pane":1,"minecraft:red_mushroom":1,"minecraft:dirt":1,"minecraft:stone":6,"minecraft:ice":1,"minecraft:quartz_block":2,"minecraft:quartz_stairs":1,"minecraft:dead_fire_coral":1,"minecraft:spruce_wood":1,"minecraft:podzol":1,"minecraft:splash_potion":1},"minecraft:picked_up":{"minecraft:coarse_dirt":1,"minecraft:stone_slab":1,"minecraft:ice":1,"minecraft:stone":4},"minecraft:used":{"minecraft:calcite":17,"minecraft:oak_fence":1,"minecraft:moss_block":90,"minecraft:light_blue_stained_glass_pane":47,"minecraft:water_bucket":415,"minecraft:moss_carpet":23,"minecraft:diorite":29,"minecraft:dirt_path":6,"minecraft:spruce_door":4,"minecraft:snow_block":807,"minecraft:yellow_shulker_box":1,"minecraft:spruce_slab":113,"minecraft:dead_tube_coral_fan":4,"minecraft:ladder":5,"minecraft:poppy":8,"minecraft:ender_pearl":1,"minecraft:andesite_slab":54,"minecraft:blackstone":28,"minecraft:white_concrete_powder":17,"minecraft:sandstone":85,"minecraft:brown_concrete":11,"minecraft:stone":6140,"minecraft:structure_void":37,"minecraft:cauldron":1,"minecraft:white_dye":1,"minecraft:glow_ink_sac":1,"minecraft:quartz_stairs":2,"minecraft:clay":67,"minecraft:grass":60,"minecraft:spruce_fence_gate":15,"minecraft:spruce_leaves":905,"minecraft:debug_stick":66,"minecraft:glow_berries":8,"minecraft:sand":144,"minecraft:dirt":132,"minecraft:lime_terracotta":14,"minecraft:vine":23,"minecraft:red_mushroom":9,"minecraft:spruce_stairs":40,"minecraft:birch_sign":17,"minecraft:yellow_carpet":5,"minecraft:yellow_stained_glass_pane":10,"minecraft:stone_stairs":101,"minecraft:blue_ice":204,"minecraft:deepslate_brick_slab":2,"minecraft:pink_terracotta":2,"minecraft:painting":11,"minecraft:spruce_fence":119,"minecraft:spruce_log":45,"minecraft:small_dripleaf":17,"minecraft:andesite_wall":36,"minecraft:red_sandstone_stairs":5,"minecraft:red_shulker_box":2,"minecraft:brown_terracotta":11,"minecraft:flower_pot":5,"minecraft:packed_ice":519,"minecraft:cyan_terracotta":234,"minecraft:firework_rocket":7,"minecraft:dead_fire_coral":20,"minecraft:red_wool":4,"minecraft:spruce_wood":332,"minecraft:lantern":11,"minecraft:grass_block":312,"minecraft:slime_block":99,"minecraft:spruce_button":7,"minecraft:smooth_sandstone":13,"minecraft:quartz_block":205,"minecraft:stone_slab":468,"minecraft:spruce_trapdoor":22,"minecraft:oak_pressure_plate":10,"minecraft:dark_oak_button":2,"minecraft:prismarine_wall":8,"minecraft:prismarine_slab":3,"minecraft:barrel":15,"minecraft:stone_bricks":106,"minecraft:soul_lantern":11,"minecraft:smooth_basalt":19,"minecraft:blue_carpet":5,"minecraft:bedrock":2,"minecraft:green_carpet":9,"minecraft:dead_horn_coral":3,"minecraft:green_shulker_box":1,"minecraft:smooth_red_sandstone_slab":3,"minecraft:red_carpet":10,"minecraft:snow":907,"minecraft:sweet_berries":17,"minecraft:cyan_stained_glass_pane":2,"minecraft:blue_shulker_box":2,"minecraft:podzol":19,"minecraft:sandstone_slab":10,"minecraft:andesite":316,"minecraft:chain":12,"minecraft:glass_pane":11,"minecraft:gold_block":1,"minecraft:ice":122,"minecraft:polished_blackstone_button":1,"minecraft:sea_pickle":75,"minecraft:white_concrete":4,"minecraft:coarse_dirt":52,"minecraft:cobbled_deepslate":4,"minecraft:orange_stained_glass_pane":3,"minecraft:powder_snow_bucket":14,"minecraft:seagrass":137,"minecraft:splash_potion":309},"minecraft:custom":{"minecraft:open_barrel":1,"minecraft:fill_cauldron":1,"minecraft:pot_flower":6,"minecraft:leave_game":19,"minecraft:time_since_death":24258,"minecraft:climb_one_cm":14992,"minecraft:time_since_rest":24260,"minecraft:walk_one_cm":741777,"minecraft:sprint_one_cm":853187,"minecraft:damage_taken":32590,"minecraft:drop":25,"minecraft:minecart_one_cm":3774,"minecraft:swim_one_cm":64082,"minecraft:fly_one_cm":4324300,"minecraft:open_chest":7,"minecraft:crouch_one_cm":376574,"minecraft:play_time":906138,"minecraft:deaths":7,"minecraft:sneak_time":64833,"minecraft:walk_under_water_one_cm":92068,"minecraft:interact_with_lectern":2,"minecraft:aviate_one_cm":172231,"minecraft:jump":6200,"minecraft:walk_on_water_one_cm":127006,"minecraft:total_world_time":906138,"minecraft:fall_one_cm":62691}},"DataVersion":2730}