{"stats":{"minecraft:dropped":{"minecraft:command_block":1,"minecraft:oak_sign":1,"minecraft:quartz_block":1},"minecraft:picked_up":{"minecraft:quartz_block":1,"minecraft:command_block":1},"minecraft:used":{"minecraft:sticky_piston":3,"minecraft:sand":6,"minecraft:command_block":1,"minecraft:slime_block":3,"minecraft:quartz_block":1,"minecraft:oak_sign":3,"minecraft:polished_diorite_slab":1,"minecraft:observer":6},"minecraft:custom":{"minecraft:time_since_rest":175199,"minecraft:open_chest":3,"minecraft:crouch_one_cm":8561,"minecraft:play_time":196726,"minecraft:sprint_one_cm":636326,"minecraft:deaths":1,"minecraft:damage_taken":280,"minecraft:walk_one_cm":48282,"minecraft:sneak_time":5914,"minecraft:walk_under_water_one_cm":22985,"minecraft:boat_one_cm":39633,"minecraft:drop":3,"minecraft:interact_with_lectern":1,"minecraft:aviate_one_cm":11155,"minecraft:jump":5922,"minecraft:minecart_one_cm":3675,"minecraft:damage_dealt":10,"minecraft:leave_game":6,"minecraft:walk_on_water_one_cm":9096,"minecraft:time_since_death":175198,"minecraft:climb_one_cm":3492,"minecraft:total_world_time":196726,"minecraft:swim_one_cm":35832,"minecraft:fly_one_cm":3200225,"minecraft:inspect_dispenser":1}},"DataVersion":2730}