{"stats":{"minecraft:dropped":{"minecraft:spruce_fence":1},"minecraft:picked_up":{"minecraft:spruce_fence":1},"minecraft:used":{"minecraft:small_dripleaf":6,"minecraft:andesite_wall":6,"minecraft:moss_block":38,"minecraft:water_bucket":26,"minecraft:moss_carpet":4,"minecraft:packed_ice":16,"minecraft:snow_block":325,"minecraft:grass_block":40,"minecraft:spruce_slab":11,"minecraft:slime_block":106,"minecraft:quartz_block":30,"minecraft:andesite_slab":19,"minecraft:smooth_sandstone_slab":36,"minecraft:stone_slab":67,"minecraft:stone":548,"minecraft:spruce_trapdoor":4,"minecraft:clay":7,"minecraft:quartz_stairs":1,"minecraft:dirt":31,"minecraft:snow":638,"minecraft:spruce_stairs":2,"minecraft:andesite_stairs":1,"minecraft:andesite":18,"minecraft:stone_stairs":17,"minecraft:blue_ice":24,"minecraft:sea_pickle":8,"minecraft:spruce_fence":9,"minecraft:spruce_log":13},"minecraft:custom":{"minecraft:time_since_rest":276381,"minecraft:sprint_one_cm":408600,"minecraft:damage_taken":217,"minecraft:walk_one_cm":209464,"minecraft:drop":1,"minecraft:minecart_one_cm":4009,"minecraft:swim_one_cm":13801,"minecraft:fly_one_cm":1678169,"minecraft:crouch_one_cm":32108,"minecraft:play_time":276381,"minecraft:sneak_time":14788,"minecraft:walk_under_water_one_cm":63114,"minecraft:boat_one_cm":27643,"minecraft:interact_with_lectern":1,"minecraft:aviate_one_cm":125768,"minecraft:jump":3773,"minecraft:leave_game":15,"minecraft:time_since_death":276381,"minecraft:walk_on_water_one_cm":26535,"minecraft:total_world_time":276381,"minecraft:climb_one_cm":4471,"minecraft:fall_one_cm":4594}},"DataVersion":2730}