{"stats":{"minecraft:picked_up":{"minecraft:chicken":2,"minecraft:porkchop":4,"minecraft:item_frame":1,"minecraft:beef":2,"minecraft:rabbit":1,"minecraft:mutton":4},"minecraft:used":{"minecraft:calcite":14,"minecraft:andesite_wall":34,"minecraft:brown_terracotta":8,"minecraft:water_bucket":22,"minecraft:blue_terracotta":109,"minecraft:cyan_terracotta":2,"minecraft:iron_shovel":13,"minecraft:snow_block":94,"minecraft:spruce_wood":38,"minecraft:spruce_slab":18,"minecraft:jungle_fence":1,"minecraft:quartz_block":80,"minecraft:light_blue_terracotta":27,"minecraft:chest":7,"minecraft:spruce_planks":4,"minecraft:white_terracotta":200,"minecraft:stone":28,"minecraft:spruce_trapdoor":1,"minecraft:redstone_block":11,"minecraft:barrel":11,"minecraft:item_frame":10,"minecraft:debug_stick":4,"minecraft:exposed_cut_copper_stairs":1,"minecraft:anvil":1,"minecraft:raw_copper_block":6,"minecraft:cobblestone":11,"minecraft:snow":7,"minecraft:iron_trapdoor":27,"minecraft:jungle_planks":18,"minecraft:andesite":162,"minecraft:andesite_stairs":4,"minecraft:jungle_slab":24,"minecraft:campfire":16,"minecraft:smooth_stone_slab":66,"minecraft:cake":1,"minecraft:spruce_log":9,"minecraft:splash_potion":2,"minecraft:birch_fence":4},"minecraft:custom":{"minecraft:time_since_rest":71403,"minecraft:sprint_one_cm":800351,"minecraft:damage_taken":21871,"minecraft:walk_one_cm":241851,"minecraft:minecart_one_cm":3959,"minecraft:damage_dealt":10,"minecraft:swim_one_cm":126549,"minecraft:fly_one_cm":2840878,"minecraft:open_barrel":3,"minecraft:open_chest":1,"minecraft:crouch_one_cm":23641,"minecraft:play_time":400904,"minecraft:deaths":15,"minecraft:interact_with_campfire":34,"minecraft:sneak_time":13520,"minecraft:walk_under_water_one_cm":116441,"minecraft:boat_one_cm":57470,"minecraft:aviate_one_cm":127679,"minecraft:jump":9235,"minecraft:leave_game":3,"minecraft:time_since_death":71388,"minecraft:walk_on_water_one_cm":67596,"minecraft:climb_one_cm":5970,"minecraft:total_world_time":400904,"minecraft:fall_one_cm":660725,"minecraft:inspect_dispenser":14}},"DataVersion":2730}