{"stats":{"minecraft:custom":{"minecraft:jump":1445,"minecraft:time_since_rest":1553,"minecraft:damage_taken":7730,"minecraft:walk_one_cm":17071,"minecraft:crouch_one_cm":7332,"minecraft:leave_game":3,"minecraft:sprint_one_cm":173782,"minecraft:play_time":55654,"minecraft:time_since_death":1549,"minecraft:walk_on_water_one_cm":102116,"minecraft:deaths":24,"minecraft:sneak_time":2205,"minecraft:total_world_time":55654,"minecraft:climb_one_cm":1155,"minecraft:fall_one_cm":152078,"minecraft:fly_one_cm":280612}},"DataVersion":2730}