{"stats":{"minecraft:dropped":{"minecraft:crossbow":3,"minecraft:spectral_arrow":1,"minecraft:snow_block":1,"minecraft:stone":1},"minecraft:broken":{"minecraft:leather_helmet":1},"minecraft:used":{"minecraft:oak_fence":14,"minecraft:moss_block":24,"minecraft:netherite_sword":134,"minecraft:moss_carpet":1,"minecraft:nether_brick_fence":47,"minecraft:orange_concrete_powder":1,"minecraft:blue_terracotta":3,"minecraft:waxed_exposed_cut_copper":6,"minecraft:jack_o_lantern":1,"minecraft:iron_bars":38,"minecraft:enchanting_table":3,"minecraft:crimson_fence":4,"minecraft:waxed_weathered_copper":19,"minecraft:granite_stairs":1,"minecraft:acacia_log":254,"minecraft:polished_deepslate":7,"minecraft:dead_bush":6,"minecraft:flint_and_steel":9,"minecraft:spruce_slab":112,"minecraft:red_concrete":97,"minecraft:red_sandstone_slab":18,"minecraft:dead_tube_coral_fan":1,"minecraft:elytra":30,"minecraft:dead_brain_coral":1,"minecraft:ladder":28,"minecraft:oak_sign":3,"minecraft:light_blue_terracotta":6,"minecraft:stripped_warped_stem":2,"minecraft:white_concrete_powder":7,"minecraft:spruce_planks":524,"minecraft:chest":25,"minecraft:white_terracotta":469,"minecraft:stone":441,"minecraft:red_nether_brick_stairs":4,"minecraft:grass":1,"minecraft:quartz_stairs":161,"minecraft:sandstone_wall":1,"minecraft:structure_block":1,"minecraft:green_terracotta":545,"minecraft:stripped_crimson_stem":2,"minecraft:spruce_leaves":21,"minecraft:white_candle":27,"minecraft:debug_stick":112,"minecraft:torch":19,"minecraft:brewing_stand":1,"minecraft:soul_sand":14,"minecraft:dirt":490,"minecraft:anvil":54,"minecraft:red_nether_brick_slab":2,"minecraft:cocoa_beans":1,"minecraft:white_carpet":14,"minecraft:brick_slab":4,"minecraft:prismarine_bricks":64,"minecraft:spruce_stairs":69,"minecraft:nether_bricks":25,"minecraft:cobblestone_wall":47,"minecraft:orange_wool":1,"minecraft:pink_terracotta":3,"minecraft:polished_granite_slab":2,"minecraft:glow_lichen":7,"minecraft:cyan_wool":1,"minecraft:granite":6,"minecraft:spruce_fence":153,"minecraft:snowball":6,"minecraft:nether_brick_stairs":18,"minecraft:big_dripleaf":59,"minecraft:shroomlight":8,"minecraft:andesite_wall":15,"minecraft:brown_terracotta":952,"minecraft:dark_oak_planks":11,"minecraft:waxed_oxidized_copper":11,"minecraft:packed_ice":222,"minecraft:flowering_azalea":2,"minecraft:honey_block":2,"minecraft:sea_lantern":33,"minecraft:lava_bucket":19,"minecraft:bricks":42,"minecraft:bookshelf":42,"minecraft:quartz_slab":20,"minecraft:grass_block":9,"minecraft:waxed_cut_copper":4,"minecraft:red_wool":2,"minecraft:spruce_wood":83,"minecraft:lantern":37,"minecraft:light_weighted_pressure_plate":1,"minecraft:brick_stairs":1,"minecraft:quartz_block":1937,"minecraft:spruce_button":2,"minecraft:slime_block":122,"minecraft:warped_fence":18,"minecraft:acacia_slab":246,"minecraft:polished_andesite_stairs":1,"minecraft:jungle_log":1,"minecraft:dark_oak_slab":3,"minecraft:smooth_quartz":3,"minecraft:waxed_weathered_cut_copper":7,"minecraft:pink_wool":1,"minecraft:prismarine_slab":10,"minecraft:barrel":49,"minecraft:bedrock":1,"minecraft:deepslate_diamond_ore":234,"minecraft:basalt":404,"minecraft:birch_trapdoor":6,"minecraft:red_nether_brick_wall":2,"minecraft:glowstone":16,"minecraft:red_stained_glass_pane":6,"minecraft:redstone_lamp":56,"minecraft:lime_concrete":66,"minecraft:snow":611,"minecraft:hay_block":7,"minecraft:magenta_terracotta":15,"minecraft:iron_trapdoor":26,"minecraft:dark_oak_pressure_plate":1,"minecraft:lime_stained_glass":13,"minecraft:acacia_fence":9,"minecraft:polished_diorite_stairs":1,"minecraft:gold_block":6,"minecraft:orange_terracotta":332,"minecraft:enchanted_golden_apple":13,"minecraft:acacia_planks":267,"minecraft:cobbled_deepslate":82,"minecraft:dead_brain_coral_fan":1,"minecraft:turtle_egg":1,"minecraft:powder_snow_bucket":16,"minecraft:seagrass":4,"minecraft:dead_bubble_coral_fan":5,"minecraft:pointed_dripstone":24,"minecraft:lime_glazed_terracotta":6,"minecraft:cobbled_deepslate_wall":6,"minecraft:deepslate_brick_wall":12,"minecraft:calcite":14,"minecraft:dark_oak_stairs":8,"minecraft:water_bucket":145,"minecraft:diorite":243,"minecraft:amethyst_block":122,"minecraft:cobblestone_stairs":16,"minecraft:dirt_path":8,"minecraft:spruce_door":4,"minecraft:snow_block":3142,"minecraft:prismarine_brick_slab":38,"minecraft:birch_planks":237,"minecraft:acacia_trapdoor":37,"minecraft:powered_rail":2,"minecraft:prismarine":19,"minecraft:lime_wool":1,"minecraft:red_nether_bricks":145,"minecraft:prismarine_stairs":3,"minecraft:blue_wool":2,"minecraft:waxed_oxidized_cut_copper":3,"minecraft:cactus":3,"minecraft:ender_pearl":57,"minecraft:sandstone":31,"minecraft:redstone_block":11,"minecraft:structure_void":63,"minecraft:spruce_sign":23,"minecraft:white_dye":5,"minecraft:glow_ink_sac":10,"minecraft:cobblestone_slab":21,"minecraft:leather_boots":1,"minecraft:deepslate_bricks":14,"minecraft:large_amethyst_bud":11,"minecraft:waxed_exposed_copper":6,"minecraft:respawn_anchor":5,"minecraft:brown_dye":3,"minecraft:diamond_block":1,"minecraft:vine":50,"minecraft:sand":265,"minecraft:lime_terracotta":341,"minecraft:rail":16,"minecraft:yellow_terracotta":102,"minecraft:light_blue_concrete":79,"minecraft:loom":27,"minecraft:red_bed":3,"minecraft:light_blue_wool":1,"minecraft:blast_furnace":6,"minecraft:yellow_concrete":67,"minecraft:crossbow":277,"minecraft:blue_ice":309,"minecraft:white_bed":2,"minecraft:dead_bubble_coral":2,"minecraft:dripstone_block":41,"minecraft:painting":3,"minecraft:black_bed":1,"minecraft:cobbled_deepslate_stairs":2,"minecraft:spruce_log":674,"minecraft:warped_planks":1,"minecraft:deepslate_brick_stairs":19,"minecraft:birch_fence":12,"minecraft:small_amethyst_bud":5,"minecraft:deepslate_tiles":6,"minecraft:redstone_torch":6,"minecraft:dead_fire_coral_fan":2,"minecraft:flower_pot":9,"minecraft:netherite_block":2,"minecraft:lever":2,"minecraft:acacia_stairs":120,"minecraft:red_sandstone":26,"minecraft:warped_trapdoor":24,"minecraft:diamond_shovel":32,"minecraft:daylight_detector":15,"minecraft:acacia_sign":8,"minecraft:dead_fire_coral":7,"minecraft:birch_slab":372,"minecraft:barrier":17,"minecraft:spruce_pressure_plate":5,"minecraft:spore_blossom":1,"minecraft:white_glazed_terracotta":2,"minecraft:leather_helmet":11,"minecraft:stone_slab":46,"minecraft:red_terracotta":27,"minecraft:spruce_trapdoor":12,"minecraft:iron_door":5,"minecraft:deepslate":1831,"minecraft:yellow_wool":2,"minecraft:soul_lantern":14,"minecraft:dead_horn_coral":2,"minecraft:wooden_sword":63,"minecraft:cobblestone":601,"minecraft:cobbled_deepslate_slab":15,"minecraft:andesite":826,"minecraft:medium_amethyst_bud":5,"minecraft:dark_oak_fence":17,"minecraft:smithing_table":1,"minecraft:andesite_stairs":3,"minecraft:white_stained_glass":58,"minecraft:red_banner":4,"minecraft:deepslate_coal_ore":2,"minecraft:chain":15,"minecraft:glass_pane":55,"minecraft:ice":443,"minecraft:smooth_stone_slab":6,"minecraft:chest_minecart":1,"minecraft:sea_pickle":3,"minecraft:white_concrete":22,"minecraft:cobweb":12,"minecraft:purple_wool":4,"minecraft:birch_stairs":40},"minecraft:custom":{"minecraft:interact_with_anvil":2,"minecraft:open_barrel":1,"minecraft:leave_game":42,"minecraft:time_since_death":4835,"minecraft:damage_resisted":20740,"minecraft:climb_one_cm":113711,"minecraft:sprint_one_cm":3986490,"minecraft:walk_one_cm":1191482,"minecraft:drop":6,"minecraft:damage_dealt_absorbed":3228,"minecraft:play_time":3647239,"minecraft:deaths":244,"minecraft:sneak_time":132280,"minecraft:walk_under_water_one_cm":345752,"minecraft:boat_one_cm":132927,"minecraft:jump":46549,"minecraft:walk_on_water_one_cm":302526,"minecraft:total_world_time":3922484,"minecraft:interact_with_loom":2,"minecraft:pot_flower":6,"minecraft:time_since_rest":4836,"minecraft:damage_taken":67996,"minecraft:damage_absorbed":756,"minecraft:minecart_one_cm":58622,"minecraft:damage_dealt":14418,"minecraft:swim_one_cm":455934,"minecraft:fly_one_cm":18221047,"minecraft:player_kills":9,"minecraft:open_chest":6,"minecraft:crouch_one_cm":150443,"minecraft:aviate_one_cm":305863,"minecraft:fall_one_cm":1157275,"minecraft:inspect_dispenser":21},"minecraft:mined":{"minecraft:orange_concrete_powder":5,"minecraft:sand":20},"minecraft:killed_by":{"minecraft:player":10},"minecraft:picked_up":{"minecraft:orange_concrete_powder":1,"minecraft:minecart":3,"minecraft:quartz_block":1,"minecraft:water_bucket":1,"minecraft:grass_block":1,"minecraft:crossbow":1}},"DataVersion":2730}