{
    "parent": "main:slime",
    "display": {
        "title": {"text":"The end","color":"yellow","bold":true},
        "description": {"text":"Finish Parkour Pyramid","color":"white","bold":false},
        "icon": {
            "item": "minecraft:diamond"
        },
        "frame": "goal",
        "show_toast": true,
        "announce_to_chat": true,
        "hidden": true
    },
    "criteria": {
        "0": {
            "trigger": "minecraft:impossible"
        }
    }
}