{
    "parent": "main:root",
    "display": {
        "title": {"text":"The start of an adventure","color":"yellow","bold":true},
        "description": {"text":"Start Parkour Pyramid","color":"white","bold":false},
        "icon": {
            "id": "minecraft:quartz_stairs"
        },
        "frame": "task",
        "show_toast": true,
        "announce_to_chat": false,
        "hidden": true
    },
    "criteria": {
        "root": {
            "trigger": "minecraft:impossible"
        }
    }
}