{
    "parent": "main:50percent",
    "display": {
        "title": {"text":"Underground city","color":"yellow","bold":true},
        "description": {"text":"Visit the underground city in level 62","color":"white","bold":false},
        "icon": {
            "item": "minecraft:acacia_door"
        },
        "frame": "task",
        "show_toast": true,
        "announce_to_chat": false,
        "hidden": true
    },
    "criteria": {
        "0": {
            "trigger": "minecraft:impossible"
        }
    }
}