{
    "display": {
        "title": {
            "text": "Easter Eggs",
            "color": "light_purple",
            "bold": true
        },
        "description": {
            "text": "Find All 5 Easter Eggs Hidden In the Map!",
            "color": "white",
            "bold": false
        },
        "icon": {
            "id": "minecraft:carved_pumpkin"
        },
        "frame": "task",
        "show_toast": false,
        "announce_to_chat": false,
        "hidden": false,
        "background": "minecraft:textures/gui/advancements/backgrounds/stone.png"
    },
    "criteria": {
        "root": {
            "trigger": "minecraft:tick"
        }
    }
}