{"stats":{"minecraft:used":{"minecraft:redstone_torch":1,"minecraft:calcite":43,"minecraft:stripped_acacia_wood":20,"minecraft:mud":13,"minecraft:orange_concrete_powder":7,"minecraft:dark_oak_planks":20,"minecraft:water_bucket":1,"minecraft:acacia_stairs":12,"minecraft:lava_bucket":1,"minecraft:pink_tulip":2,"minecraft:mangrove_log":14,"minecraft:stripped_dark_oak_wood":8,"minecraft:purple_candle":1,"minecraft:crimson_fence":9,"minecraft:snow_block":8,"minecraft:ladder":28,"minecraft:spruce_slab":36,"minecraft:spruce_wood":82,"minecraft:black_stained_glass_pane":10,"minecraft:red_concrete":2,"minecraft:red_stained_glass":8,"minecraft:jungle_fence":2,"minecraft:mud_brick_slab":4,"minecraft:acacia_slab":13,"minecraft:slime_block":3,"minecraft:mangrove_planks":56,"minecraft:red_nether_bricks":2,"minecraft:oak_sign":1,"minecraft:crimson_slab":17,"minecraft:white_concrete_powder":11,"minecraft:spruce_planks":2,"minecraft:dark_oak_slab":12,"minecraft:magenta_concrete_powder":29,"minecraft:mangrove_fence":3,"minecraft:mud_bricks":1,"minecraft:deepslate":69,"minecraft:crimson_planks":5,"minecraft:stripped_crimson_stem":3,"minecraft:yellow_concrete_powder":3,"minecraft:debug_stick":3,"minecraft:spruce_leaves":140,"minecraft:respawn_anchor":2,"minecraft:stripped_mangrove_wood":7,"minecraft:pink_candle":3,"minecraft:red_stained_glass_pane":6,"minecraft:snow":2,"minecraft:black_stained_glass":7,"minecraft:stripped_crimson_hyphae":25,"minecraft:crimson_stairs":10,"minecraft:oak_slab":2,"minecraft:dark_oak_pressure_plate":3,"minecraft:spruce_stairs":24,"minecraft:mangrove_slab":4,"minecraft:podzol":61,"minecraft:crimson_hyphae":7,"minecraft:acacia_fence":2,"minecraft:allium":3,"minecraft:smooth_stone_slab":4,"minecraft:purple_terracotta":42,"minecraft:acacia_planks":12,"minecraft:weeping_vines":8,"minecraft:orange_stained_glass_pane":3,"minecraft:spruce_log":11,"minecraft:purple_concrete_powder":11,"minecraft:green_stained_glass":9},"minecraft:custom":{"minecraft:time_since_rest":16224,"minecraft:sprint_one_cm":1083651,"minecraft:damage_taken":1270,"minecraft:walk_one_cm":290456,"minecraft:swim_one_cm":31826,"minecraft:fly_one_cm":3396234,"minecraft:crouch_one_cm":37529,"minecraft:play_time":686391,"minecraft:deaths":1,"minecraft:sneak_time":17779,"minecraft:walk_under_water_one_cm":46320,"minecraft:interact_with_lectern":3,"minecraft:boat_one_cm":14137,"minecraft:jump":6832,"minecraft:leave_game":49,"minecraft:time_since_death":16220,"minecraft:walk_on_water_one_cm":30163,"minecraft:total_world_time":686391,"minecraft:climb_one_cm":49337,"minecraft:fall_one_cm":22006}},"DataVersion":3120}