{"stats":{"minecraft:used":{"minecraft:oak_fence":2,"minecraft:peony":1,"minecraft:oak_trapdoor":1,"minecraft:orange_concrete_powder":117,"minecraft:light_blue_stained_glass_pane":44,"minecraft:netherite_sword":27,"minecraft:blue_terracotta":5,"minecraft:writable_book":4,"minecraft:iron_bars":6,"minecraft:purple_candle":3,"minecraft:crimson_fence":10,"minecraft:white_tulip":1,"minecraft:orange_concrete":3,"minecraft:flint_and_steel":24,"minecraft:dispenser":1,"minecraft:red_concrete":54,"minecraft:red_sandstone_slab":8,"minecraft:spruce_slab":121,"minecraft:ladder":8,"minecraft:elytra":10,"minecraft:oak_sign":4,"minecraft:stripped_warped_stem":8,"minecraft:white_concrete_powder":163,"minecraft:spruce_planks":66,"minecraft:chest":13,"minecraft:white_terracotta":3,"minecraft:stone":466,"minecraft:brown_concrete":4,"minecraft:purple_shulker_box":1,"minecraft:nether_wart":12,"minecraft:quartz_stairs":26,"minecraft:player_head":22,"minecraft:netherrack":22,"minecraft:orange_bed":4,"minecraft:debug_stick":88,"minecraft:white_candle":18,"minecraft:spruce_leaves":252,"minecraft:oxidized_cut_copper":16,"minecraft:dirt":18,"minecraft:brewing_stand":1,"minecraft:soul_sand":15,"minecraft:warped_wart_block":21,"minecraft:blue_stained_glass":10,"minecraft:prismarine_bricks":3,"minecraft:twisting_vines":50,"minecraft:spruce_stairs":111,"minecraft:nether_bricks":2,"minecraft:cobblestone_wall":10,"minecraft:weathered_cut_copper_stairs":2,"minecraft:allium":5,"minecraft:orange_wool":11,"minecraft:glow_lichen":10,"minecraft:polished_granite_slab":4,"minecraft:spruce_fence":16,"minecraft:nether_brick_stairs":1,"minecraft:oak_fence_gate":2,"minecraft:stripped_spruce_log":1,"minecraft:milk_bucket":8,"minecraft:polished_diorite":2,"minecraft:orange_candle":31,"minecraft:andesite_wall":1,"minecraft:red_shulker_box":3,"minecraft:dark_oak_planks":3,"minecraft:packed_ice":187,"minecraft:sea_lantern":14,"minecraft:grass_block":35,"minecraft:lava_bucket":81,"minecraft:coal_ore":6,"minecraft:bricks":3,"minecraft:red_tulip":4,"minecraft:bookshelf":9,"minecraft:iron_block":14,"minecraft:red_wool":21,"minecraft:oak_stairs":29,"minecraft:cyan_shulker_box":1,"minecraft:light_weighted_pressure_plate":1,"minecraft:spruce_wood":69,"minecraft:black_stained_glass_pane":4,"minecraft:lantern":8,"minecraft:muddy_mangrove_roots":50,"minecraft:blue_orchid":1,"minecraft:green_wool":14,"minecraft:orange_shulker_box":1,"minecraft:slime_block":186,"minecraft:warped_fence":44,"minecraft:acacia_slab":14,"minecraft:crimson_slab":3,"minecraft:quartz_block":311,"minecraft:warped_nylium":10,"minecraft:dark_oak_wood":3,"minecraft:dark_oak_button":1,"minecraft:crimson_planks":23,"minecraft:item_frame":1,"minecraft:blaze_spawn_egg":1,"minecraft:yellow_concrete_powder":77,"minecraft:red_carpet":10,"minecraft:soul_soil":2,"minecraft:stripped_mangrove_log":2,"minecraft:birch_trapdoor":12,"minecraft:purple_concrete":1,"minecraft:glowstone":41,"minecraft:oxidized_cut_copper_stairs":10,"minecraft:warped_stairs":8,"minecraft:weathered_cut_copper":1,"minecraft:snow":2095,"minecraft:furnace":4,"minecraft:magenta_wool":11,"minecraft:written_book":20,"minecraft:iron_trapdoor":2,"minecraft:mangrove_roots":16,"minecraft:blue_shulker_box":2,"minecraft:oxidized_copper":2,"minecraft:mangrove_slab":14,"minecraft:seagrass":13,"minecraft:acacia_fence":7,"minecraft:brown_concrete_powder":1,"minecraft:gold_block":42,"minecraft:powder_snow_bucket":14,"minecraft:cyan_concrete_powder":33,"minecraft:fire_coral_fan":5,"minecraft:crimson_pressure_plate":3,"minecraft:stone_pressure_plate":2,"minecraft:pink_concrete_powder":2,"minecraft:cobbled_deepslate":36,"minecraft:acacia_planks":17,"minecraft:orange_terracotta":130,"minecraft:enchanted_golden_apple":1,"minecraft:orange_stained_glass_pane":2,"minecraft:dark_prismarine_stairs":53,"minecraft:magenta_shulker_box":1,"minecraft:horn_coral_fan":1,"minecraft:stripped_spruce_wood":17,"minecraft:mangrove_leaves":5,"minecraft:cobbled_deepslate_wall":1,"minecraft:turtle_spawn_egg":1,"minecraft:calcite":1048,"minecraft:wheat_seeds":2,"minecraft:dark_oak_stairs":5,"minecraft:water_bucket":335,"minecraft:warped_stem":13,"minecraft:diorite":68,"minecraft:light_blue_shulker_box":2,"minecraft:nether_brick_wall":22,"minecraft:pink_tulip":1,"minecraft:snow_block":1808,"minecraft:stripped_acacia_log":4,"minecraft:birch_planks":47,"minecraft:birch_leaves":35,"minecraft:yellow_shulker_box":2,"minecraft:acacia_trapdoor":7,"minecraft:mangrove_planks":24,"minecraft:lime_wool":8,"minecraft:oak_planks":143,"minecraft:blue_wool":6,"minecraft:orange_tulip":5,"minecraft:lime_concrete_powder":75,"minecraft:redstone_block":2,"minecraft:end_stone_brick_slab":2,"minecraft:blue_concrete_powder":465,"minecraft:structure_void":48,"minecraft:spruce_sign":1,"minecraft:clay":2,"minecraft:spruce_fence_gate":10,"minecraft:warped_roots":1,"minecraft:white_wool":14,"minecraft:respawn_anchor":1,"minecraft:sand":4,"minecraft:diamond_block":56,"minecraft:orange_carpet":3,"minecraft:lime_terracotta":6,"minecraft:terracotta":9,"minecraft:mangrove_trapdoor":1,"minecraft:yellow_terracotta":201,"minecraft:dark_prismarine_slab":237,"minecraft:oak_slab":108,"minecraft:crafting_table":1,"minecraft:crimson_trapdoor":4,"minecraft:red_bed":3,"minecraft:blast_furnace":1,"minecraft:yellow_stained_glass_pane":48,"minecraft:yellow_concrete":327,"minecraft:blue_ice":417,"minecraft:campfire":8,"minecraft:oxidized_cut_copper_slab":5,"minecraft:dark_oak_fence_gate":17,"minecraft:purple_terracotta":49,"minecraft:dripstone_block":1,"minecraft:lime_shulker_box":1,"minecraft:infested_deepslate":5,"minecraft:cobbled_deepslate_stairs":12,"minecraft:end_stone":4,"minecraft:spruce_log":71,"minecraft:warped_planks":17,"minecraft:mushroom_stem":31,"minecraft:dark_oak_door":2,"minecraft:purple_concrete_powder":69,"minecraft:birch_fence":77,"minecraft:black_concrete":10,"minecraft:mud":452,"minecraft:wooden_hoe":1,"minecraft:piston":1,"minecraft:dark_prismarine":486,"minecraft:lever":2,"minecraft:flower_pot":2,"minecraft:light":52,"minecraft:cornflower":2,"minecraft:black_wool":1,"minecraft:firework_rocket":9,"minecraft:birch_fence_gate":68,"minecraft:mangrove_pressure_plate":1,"minecraft:command_block":13,"minecraft:birch_slab":46,"minecraft:barrier":629,"minecraft:brown_wool":10,"minecraft:warped_slab":117,"minecraft:mangrove_propagule":9,"minecraft:cyan_carpet":6,"minecraft:oak_button":1,"minecraft:stone_button":6,"minecraft:lectern":1,"minecraft:stone_slab":26,"minecraft:red_terracotta":36,"minecraft:spruce_trapdoor":25,"minecraft:magenta_concrete_powder":13,"minecraft:deepslate":202,"minecraft:gravel":10,"minecraft:yellow_wool":6,"minecraft:soul_lantern":13,"minecraft:blackstone_slab":3,"minecraft:green_carpet":36,"minecraft:green_shulker_box":2,"minecraft:light_blue_concrete_powder":3,"minecraft:potion":1,"minecraft:azalea_leaves":12,"minecraft:stripped_crimson_hyphae":6,"minecraft:red_concrete_powder":126,"minecraft:cobbled_deepslate_slab":20,"minecraft:crimson_stairs":5,"minecraft:dark_oak_fence":16,"minecraft:pink_shulker_box":3,"minecraft:green_concrete_powder":10,"minecraft:bucket":5,"minecraft:andesite":58,"minecraft:red_banner":26,"minecraft:lapis_block":61,"minecraft:black_candle":3,"minecraft:ice":18,"minecraft:repeating_command_block":7,"minecraft:oak_boat":36,"minecraft:wither_rose":2,"minecraft:sea_pickle":24,"minecraft:stripped_oak_log":5,"minecraft:white_concrete":43,"minecraft:kelp":17,"minecraft:purple_carpet":11,"minecraft:dandelion":8,"minecraft:candle":3,"minecraft:purple_wool":5,"minecraft:birch_stairs":60},"minecraft:custom":{"minecraft:mob_kills":27,"minecraft:interact_with_crafting_table":1,"minecraft:open_shulker_box":69,"minecraft:leave_game":55,"minecraft:time_since_death":7520,"minecraft:climb_one_cm":69311,"minecraft:damage_resisted":50176,"minecraft:sprint_one_cm":2320614,"minecraft:walk_one_cm":965762,"minecraft:drop":4,"minecraft:play_time":1317465,"minecraft:sneak_time":114851,"minecraft:deaths":16,"minecraft:walk_under_water_one_cm":149747,"minecraft:boat_one_cm":202553,"minecraft:interact_with_lectern":13,"minecraft:interact_with_brewingstand":3,"minecraft:jump":16966,"minecraft:interact_with_blast_furnace":2,"minecraft:walk_on_water_one_cm":93273,"minecraft:total_world_time":1317465,"minecraft:interact_with_furnace":8,"minecraft:interact_with_loom":8,"minecraft:pot_flower":4,"minecraft:time_since_rest":7520,"minecraft:damage_taken":8601,"minecraft:damage_dealt":3629,"minecraft:minecart_one_cm":1210,"minecraft:swim_one_cm":63196,"minecraft:fly_one_cm":9011661,"minecraft:open_chest":33,"minecraft:crouch_one_cm":188785,"minecraft:aviate_one_cm":366420,"minecraft:fall_one_cm":231738},"minecraft:picked_up":{"minecraft:light_gray_shulker_box":4,"minecraft:purple_shulker_box":3,"minecraft:brewing_stand":3,"minecraft:pink_shulker_box":3,"minecraft:black_shulker_box":4,"minecraft:blue_shulker_box":3,"minecraft:chest":3,"minecraft:furnace":2,"minecraft:lime_shulker_box":3,"minecraft:orange_shulker_box":3,"minecraft:diorite":1,"minecraft:magenta_shulker_box":3,"minecraft:cyan_shulker_box":3,"minecraft:gray_shulker_box":4,"minecraft:red_shulker_box":3,"minecraft:brown_shulker_box":3,"minecraft:yellow_terracotta":1,"minecraft:white_shulker_box":4,"minecraft:iron_bars":1,"minecraft:yellow_shulker_box":3,"minecraft:cooked_beef":1,"minecraft:smoker":4,"minecraft:green_shulker_box":4,"minecraft:dropper":4,"minecraft:light_blue_shulker_box":3,"minecraft:blast_furnace":4,"minecraft:trapped_chest":4,"minecraft:barrel":4,"minecraft:shulker_box":4,"minecraft:dispenser":4,"minecraft:white_concrete_powder":1,"minecraft:writable_book":1},"minecraft:dropped":{"minecraft:yellow_terracotta":1,"minecraft:diorite":1,"minecraft:iron_bars":1,"minecraft:written_book":1},"minecraft:killed":{"minecraft:shulker":9,"minecraft:turtle":1,"minecraft:magma_cube":17}},"DataVersion":3120}