{"stats":{"minecraft:used":{"minecraft:birch_fence":38,"minecraft:orange_concrete_powder":43,"minecraft:crimson_button":1,"minecraft:oak_trapdoor":5,"minecraft:glass":6,"minecraft:black_concrete":1,"minecraft:writable_book":2,"minecraft:red_shulker_box":1,"minecraft:water_bucket":4,"minecraft:blue_terracotta":40,"minecraft:sea_lantern":77,"minecraft:cornflower":1,"minecraft:ladder":4,"minecraft:birch_fence_gate":55,"minecraft:birch_planks":5,"minecraft:orange_concrete":50,"minecraft:stripped_acacia_log":2,"minecraft:spruce_wood":36,"minecraft:birch_slab":38,"minecraft:red_wool":15,"minecraft:black_stained_glass_pane":360,"minecraft:grass_block":1,"minecraft:red_concrete":82,"minecraft:spruce_slab":125,"minecraft:acacia_trapdoor":6,"minecraft:slime_block":21,"minecraft:brown_wool":12,"minecraft:warped_fence":1,"minecraft:quartz_block":4,"minecraft:lime_concrete_powder":21,"minecraft:spruce_planks":21,"minecraft:red_terracotta":20,"minecraft:blue_concrete_powder":11,"minecraft:spruce_fence_gate":10,"minecraft:player_head":2,"minecraft:yellow_wool":187,"minecraft:yellow_concrete_powder":25,"minecraft:green_carpet":8,"minecraft:spruce_leaves":2246,"minecraft:purple_concrete":12,"minecraft:brown_carpet":5,"minecraft:lime_concrete":9,"minecraft:mangrove_trapdoor":7,"minecraft:yellow_terracotta":29,"minecraft:oak_slab":3,"minecraft:red_concrete_powder":12,"minecraft:spruce_stairs":87,"minecraft:purple_terracotta":33,"minecraft:cobblestone_wall":2,"minecraft:acacia_fence":1,"minecraft:gold_block":29,"minecraft:yellow_concrete":34,"minecraft:shulker_box":1,"minecraft:dark_oak_fence_gate":13,"minecraft:polished_blackstone_button":4,"minecraft:spruce_fence":1,"minecraft:orange_terracotta":30,"minecraft:blue_concrete":48,"minecraft:spruce_log":145,"minecraft:oak_fence_gate":2,"minecraft:birch_stairs":72,"minecraft:purple_concrete_powder":57},"minecraft:custom":{"minecraft:time_since_rest":606489,"minecraft:sprint_one_cm":726751,"minecraft:damage_taken":120,"minecraft:walk_one_cm":151754,"minecraft:minecart_one_cm":1227,"minecraft:damage_dealt":10,"minecraft:swim_one_cm":17899,"minecraft:fly_one_cm":3340275,"minecraft:open_barrel":2,"minecraft:open_chest":1,"minecraft:crouch_one_cm":5477,"minecraft:play_time":606489,"minecraft:open_shulker_box":1,"minecraft:sneak_time":16879,"minecraft:walk_under_water_one_cm":72585,"minecraft:boat_one_cm":47256,"minecraft:interact_with_lectern":6,"minecraft:jump":4076,"minecraft:leave_game":19,"minecraft:time_since_death":606489,"minecraft:walk_on_water_one_cm":25353,"minecraft:total_world_time":606489,"minecraft:climb_one_cm":28049},"minecraft:picked_up":{"minecraft:furnace":1}},"DataVersion":3120}