{"stats":{"minecraft:custom":{"minecraft:jump":535,"minecraft:time_since_rest":1134,"minecraft:deaths":9,"minecraft:damage_taken":4790,"minecraft:crouch_one_cm":171,"minecraft:play_time":15434,"minecraft:leave_game":2,"minecraft:sprint_one_cm":73870,"minecraft:walk_on_water_one_cm":8236,"minecraft:time_since_death":1133,"minecraft:walk_one_cm":9900,"minecraft:sneak_time":58,"minecraft:climb_one_cm":4035,"minecraft:total_world_time":15434,"minecraft:fall_one_cm":73454,"minecraft:fly_one_cm":131270}},"DataVersion":3120}