{"stats":{"minecraft:used":{"minecraft:elytra":2,"minecraft:ender_pearl":16,"minecraft:splash_potion":46},"minecraft:custom":{"minecraft:time_since_rest":4546,"minecraft:crouch_one_cm":5478,"minecraft:play_time":94927,"minecraft:sprint_one_cm":290864,"minecraft:deaths":6,"minecraft:damage_taken":4799,"minecraft:walk_one_cm":57480,"minecraft:sneak_time":2491,"minecraft:walk_under_water_one_cm":33929,"minecraft:drop":2,"minecraft:aviate_one_cm":29569,"minecraft:jump":1871,"minecraft:damage_dealt":47,"minecraft:leave_game":78,"minecraft:walk_on_water_one_cm":6287,"minecraft:time_since_death":4545,"minecraft:climb_one_cm":9153,"minecraft:total_world_time":94927,"minecraft:swim_one_cm":11092,"minecraft:fall_one_cm":28989,"minecraft:fly_one_cm":1686164},"minecraft:dropped":{"minecraft:cobbled_deepslate_slab":1,"minecraft:splash_potion":1}},"DataVersion":3120}