{"stats":{"minecraft:custom":{"minecraft:jump":4640,"minecraft:open_chest":6,"minecraft:time_since_rest":1631,"minecraft:deaths":2,"minecraft:damage_taken":1060,"minecraft:crouch_one_cm":11698,"minecraft:leave_game":16,"minecraft:sprint_one_cm":584996,"minecraft:play_time":234527,"minecraft:time_since_death":1625,"minecraft:walk_on_water_one_cm":18589,"minecraft:walk_one_cm":120257,"minecraft:sneak_time":6640,"minecraft:total_world_time":234527,"minecraft:climb_one_cm":33731,"minecraft:walk_under_water_one_cm":23860,"minecraft:drop":1,"minecraft:swim_one_cm":13201,"minecraft:boat_one_cm":17747,"minecraft:fall_one_cm":50470,"minecraft:fly_one_cm":1731835},"minecraft:dropped":{"minecraft:ender_pearl":1}},"DataVersion":3120}