{"stats":{"minecraft:picked_up":{"minecraft:wooden_axe":1,"minecraft:stone_slab":1,"minecraft:diorite_slab":1,"minecraft:snow_block":3},"minecraft:used":{"minecraft:calcite":56,"minecraft:oak_trapdoor":10,"minecraft:oak_fence":33,"minecraft:moss_block":6,"minecraft:water_bucket":3,"minecraft:diorite":3,"minecraft:snow_block":174,"minecraft:red_concrete":37,"minecraft:spruce_slab":36,"minecraft:oak_planks":74,"minecraft:ladder":4,"minecraft:oak_sign":6,"minecraft:blackstone":7,"minecraft:white_concrete_powder":2,"minecraft:spruce_planks":24,"minecraft:stone":94,"minecraft:structure_void":14,"minecraft:cobblestone_slab":10,"minecraft:debug_stick":33,"minecraft:dirt":2,"minecraft:warped_wart_block":7,"minecraft:dark_prismarine_slab":5,"minecraft:oak_slab":4,"minecraft:spruce_stairs":15,"minecraft:cobblestone_wall":1,"minecraft:stone_stairs":2,"minecraft:dripstone_block":44,"minecraft:stone_brick_wall":22,"minecraft:infested_deepslate":13,"minecraft:spruce_fence":9,"minecraft:dark_oak_planks":15,"minecraft:lever":3,"minecraft:lava_bucket":7,"minecraft:stripped_dark_oak_wood":1,"minecraft:bookshelf":6,"minecraft:birch_slab":51,"minecraft:black_stained_glass_pane":1,"minecraft:grass_block":25,"minecraft:deepslate_iron_ore":2,"minecraft:oak_stairs":7,"minecraft:slime_block":4,"minecraft:stone_slab":52,"minecraft:red_terracotta":8,"minecraft:spruce_trapdoor":5,"minecraft:gravel":1,"minecraft:deepslate":15,"minecraft:barrel":4,"minecraft:blackstone_slab":8,"minecraft:chiseled_stone_bricks":11,"minecraft:cobblestone":9,"minecraft:snow":183,"minecraft:cobbled_deepslate_slab":4,"minecraft:dark_oak_fence":12,"minecraft:podzol":1,"minecraft:deepslate_coal_ore":19,"minecraft:chain":33,"minecraft:repeating_command_block":34,"minecraft:stripped_oak_log":11,"minecraft:white_concrete":29,"minecraft:cobbled_deepslate":13,"minecraft:powder_snow_bucket":10,"minecraft:diorite_slab":12,"minecraft:stripped_spruce_wood":44,"minecraft:pointed_dripstone":4},"minecraft:custom":{"minecraft:open_shulker_box":2,"minecraft:leave_game":16,"minecraft:time_since_death":12014,"minecraft:climb_one_cm":31910,"minecraft:time_since_rest":12017,"minecraft:sprint_one_cm":1098853,"minecraft:damage_taken":170,"minecraft:walk_one_cm":370506,"minecraft:drop":10,"minecraft:swim_one_cm":45324,"minecraft:fly_one_cm":2506883,"minecraft:open_chest":1,"minecraft:crouch_one_cm":66121,"minecraft:play_time":420983,"minecraft:deaths":15,"minecraft:sneak_time":33357,"minecraft:walk_under_water_one_cm":63895,"minecraft:boat_one_cm":45352,"minecraft:interact_with_lectern":1,"minecraft:jump":4420,"minecraft:walk_on_water_one_cm":48036,"minecraft:total_world_time":420983,"minecraft:fall_one_cm":3601,"minecraft:inspect_dispenser":3},"minecraft:dropped":{"minecraft:snow_block":3,"minecraft:oak_planks":1,"minecraft:stone_slab":1,"minecraft:black_stained_glass_pane":1,"minecraft:wooden_axe":2,"minecraft:oak_boat":1,"minecraft:diorite_slab":1}},"DataVersion":3120}