{"stats":{"minecraft:used":{"minecraft:oak_fence":40,"minecraft:nether_brick_fence":1,"minecraft:water_bucket":61,"minecraft:blue_terracotta":61,"minecraft:writable_book":2,"minecraft:cobblestone_stairs":9,"minecraft:snow_block":40,"minecraft:birch_planks":1,"minecraft:dispenser":16,"minecraft:redstone":33,"minecraft:powered_rail":1,"minecraft:ladder":15,"minecraft:oak_planks":35,"minecraft:elytra":2,"minecraft:oak_sign":5,"minecraft:light_blue_terracotta":98,"minecraft:white_terracotta":118,"minecraft:stone":121,"minecraft:structure_void":45,"minecraft:spruce_sign":6,"minecraft:quartz_stairs":26,"minecraft:grass":13,"minecraft:netherrack":1,"minecraft:spruce_leaves":290,"minecraft:white_wool":115,"minecraft:torch":4,"minecraft:orange_carpet":2,"minecraft:lime_terracotta":7,"minecraft:dirt":98,"minecraft:sand":3,"minecraft:yellow_terracotta":281,"minecraft:white_carpet":10,"minecraft:cobblestone_wall":25,"minecraft:light_gray_terracotta":73,"minecraft:yellow_stained_glass_pane":27,"minecraft:yellow_concrete":41,"minecraft:orange_wool":3,"minecraft:dripstone_block":2,"minecraft:beehive":1,"minecraft:spruce_fence":12,"minecraft:spruce_log":157,"minecraft:milk_bucket":13,"minecraft:obsidian":41,"minecraft:redstone_torch":18,"minecraft:birch_door":3,"minecraft:gray_terracotta":36,"minecraft:light":68,"minecraft:lever":2,"minecraft:honey_block":5,"minecraft:black_concrete":99,"minecraft:lava_bucket":5,"minecraft:daylight_detector":2,"minecraft:crying_obsidian":2,"minecraft:command_block":4,"minecraft:quartz_slab":2,"minecraft:spruce_wood":172,"minecraft:grass_block":190,"minecraft:barrier":84,"minecraft:slime_block":67,"minecraft:stone_button":2,"minecraft:quartz_block":112,"minecraft:red_terracotta":128,"minecraft:iron_door":1,"minecraft:raw_gold_block":5,"minecraft:spruce_sapling":6,"minecraft:crimson_nylium":1,"minecraft:stone_axe":45,"minecraft:green_carpet":60,"minecraft:redstone_lamp":2,"minecraft:glowstone":26,"minecraft:repeater":10,"minecraft:honeycomb_block":12,"minecraft:snow":11,"minecraft:tall_grass":3,"minecraft:hay_block":28,"minecraft:magenta_terracotta":111,"minecraft:andesite":9,"minecraft:gold_block":43,"minecraft:smooth_stone_slab":37,"minecraft:skeleton_skull":1,"minecraft:pearlescent_froglight":1,"minecraft:fire_coral_fan":1,"minecraft:purple_carpet":1,"minecraft:orange_terracotta":62,"minecraft:splash_potion":55,"minecraft:pointed_dripstone":59},"minecraft:custom":{"minecraft:interact_with_furnace":1,"minecraft:inspect_dropper":2,"minecraft:interact_with_anvil":1,"minecraft:mob_kills":10,"minecraft:interact_with_crafting_table":1,"minecraft:open_barrel":3,"minecraft:interact_with_loom":1,"minecraft:open_shulker_box":9,"minecraft:leave_game":34,"minecraft:time_since_death":17950,"minecraft:climb_one_cm":32939,"minecraft:time_since_rest":17953,"minecraft:sprint_one_cm":885693,"minecraft:damage_taken":6633,"minecraft:walk_one_cm":682251,"minecraft:drop":12,"minecraft:minecart_one_cm":95030,"minecraft:damage_dealt":100,"minecraft:swim_one_cm":25431,"minecraft:fly_one_cm":5386585,"minecraft:open_chest":5,"minecraft:crouch_one_cm":10408,"minecraft:play_time":1789245,"minecraft:deaths":18,"minecraft:sneak_time":23084,"minecraft:walk_under_water_one_cm":128453,"minecraft:boat_one_cm":61259,"minecraft:interact_with_lectern":10,"minecraft:aviate_one_cm":145542,"minecraft:jump":5542,"minecraft:walk_on_water_one_cm":52042,"minecraft:total_world_time":1789245,"minecraft:fall_one_cm":100792,"minecraft:inspect_dispenser":36},"minecraft:killed_by":{"minecraft:player":1},"minecraft:picked_up":{"minecraft:blackstone_slab":1,"minecraft:gilded_blackstone":1,"minecraft:gray_concrete_powder":1,"minecraft:snow":1,"minecraft:blackstone":1,"minecraft:oak_sign":1,"minecraft:crimson_fence":1,"minecraft:grass_block":2,"minecraft:crying_obsidian":1,"minecraft:quartz_block":1,"minecraft:arrow":576,"minecraft:stone_axe":1,"minecraft:blackstone_stairs":1,"minecraft:crimson_slab":1,"minecraft:white_wool":1},"minecraft:dropped":{"minecraft:stone_axe":1,"minecraft:lever":1,"minecraft:player_head":1,"minecraft:oak_fence":1,"minecraft:oak_sign":1,"minecraft:grass_block":3,"minecraft:snow":1,"minecraft:quartz_stairs":1,"minecraft:white_wool":1,"minecraft:magenta_terracotta":1},"minecraft:killed":{"minecraft:slime":10}},"DataVersion":3120}