{"stats":{"minecraft:used":{"minecraft:cobbled_deepslate_wall":11,"minecraft:calcite":1527,"minecraft:oak_fence":26,"minecraft:petrified_oak_slab":88,"minecraft:water_bucket":167,"minecraft:moss_carpet":22,"minecraft:diorite":128,"minecraft:dirt_path":7,"minecraft:crimson_fence":13,"minecraft:dead_bush":1,"minecraft:snow_block":771,"minecraft:mud_brick_slab":4,"minecraft:oak_sign":20,"minecraft:andesite_slab":4,"minecraft:blackstone":757,"minecraft:chest":2,"minecraft:stone":1955,"minecraft:structure_void":33,"minecraft:wooden_shovel":14,"minecraft:clay":31,"minecraft:smooth_quartz_stairs":2,"minecraft:gilded_blackstone":12,"minecraft:debug_stick":3,"minecraft:spruce_leaves":106,"minecraft:soul_sand":7,"minecraft:dirt":232,"minecraft:sand":2,"minecraft:rail":16,"minecraft:stone_stairs":152,"minecraft:sponge":2,"minecraft:dripstone_block":172,"minecraft:infested_deepslate":343,"minecraft:beehive":2,"minecraft:light_blue_stained_glass":3,"minecraft:polished_diorite":1,"minecraft:andesite_wall":37,"minecraft:mud":122,"minecraft:dark_prismarine":16,"minecraft:lever":3,"minecraft:packed_ice":319,"minecraft:lava_bucket":23,"minecraft:mangrove_log":159,"minecraft:crying_obsidian":13,"minecraft:gray_stained_glass_pane":3,"minecraft:spruce_wood":145,"minecraft:grass_block":33,"minecraft:muddy_mangrove_roots":24,"minecraft:mangrove_propagule":2,"minecraft:quartz_block":33,"minecraft:crimson_slab":32,"minecraft:stone_slab":483,"minecraft:gray_concrete_powder":1,"minecraft:deepslate":2,"minecraft:bamboo":31,"minecraft:blackstone_slab":78,"minecraft:chiseled_stone_bricks":1,"minecraft:redstone_lamp":1,"minecraft:snow":194,"minecraft:hay_block":2,"minecraft:mangrove_roots":83,"minecraft:cobbled_deepslate_slab":3,"minecraft:crimson_stairs":1,"minecraft:dark_oak_fence":32,"minecraft:andesite_stairs":9,"minecraft:andesite":34,"minecraft:ice":56,"minecraft:white_concrete":1,"minecraft:powder_snow_bucket":66,"minecraft:diorite_slab":145,"minecraft:pointed_dripstone":13,"minecraft:mangrove_leaves":87},"minecraft:custom":{"minecraft:leave_game":5,"minecraft:time_since_death":40225,"minecraft:damage_resisted":2222,"minecraft:climb_one_cm":10169,"minecraft:time_since_rest":40226,"minecraft:sprint_one_cm":510923,"minecraft:damage_taken":980,"minecraft:walk_one_cm":440294,"minecraft:swim_one_cm":34078,"minecraft:fly_one_cm":2409959,"minecraft:open_chest":2,"minecraft:crouch_one_cm":59985,"minecraft:play_time":515423,"minecraft:deaths":2,"minecraft:sneak_time":32845,"minecraft:walk_under_water_one_cm":75173,"minecraft:boat_one_cm":11794,"minecraft:jump":2993,"minecraft:walk_on_water_one_cm":38462,"minecraft:total_world_time":515423,"minecraft:fall_one_cm":13459},"minecraft:picked_up":{"minecraft:blackstone_slab":1,"minecraft:gilded_blackstone":1,"minecraft:gray_concrete_powder":1,"minecraft:blackstone":1,"minecraft:crimson_fence":1,"minecraft:crying_obsidian":1,"minecraft:quartz_block":1,"minecraft:blackstone_stairs":1,"minecraft:crimson_slab":1}},"DataVersion":3120}