{"stats":{"minecraft:used":{"minecraft:mangrove_leaves":153,"minecraft:crimson_stem":3,"minecraft:calcite":192,"minecraft:moss_block":250,"minecraft:oak_trapdoor":22,"minecraft:oak_fence":25,"minecraft:nether_brick_fence":13,"minecraft:dark_oak_stairs":1,"minecraft:moss_carpet":16,"minecraft:water_bucket":49,"minecraft:jungle_leaves":4,"minecraft:tube_coral_fan":5,"minecraft:mangrove_wood":25,"minecraft:end_stone_bricks":186,"minecraft:pink_tulip":28,"minecraft:purple_candle":1,"minecraft:crimson_fence":10,"minecraft:snow_block":257,"minecraft:flint_and_steel":2,"minecraft:birch_planks":18,"minecraft:birch_leaves":44,"minecraft:spruce_slab":62,"minecraft:poppy":56,"minecraft:mud_brick_slab":6,"minecraft:ladder":7,"minecraft:oak_planks":56,"minecraft:oak_sign":1,"minecraft:mangrove_button":1,"minecraft:andesite_slab":2,"minecraft:white_concrete_powder":11,"minecraft:spruce_planks":10,"minecraft:stone":533,"minecraft:nether_wart":17,"minecraft:structure_void":34,"minecraft:clay":20,"minecraft:grass":6,"minecraft:netherrack":21,"minecraft:debug_stick":53,"minecraft:tube_coral":4,"minecraft:warped_roots":5,"minecraft:oak_leaves":122,"minecraft:white_wool":89,"minecraft:spruce_leaves":4,"minecraft:oxidized_cut_copper":44,"minecraft:warped_wart_block":9,"minecraft:lily_of_the_valley":7,"minecraft:sand":58,"minecraft:diamond_block":1,"minecraft:soul_sand":25,"minecraft:dirt":75,"minecraft:orange_carpet":10,"minecraft:mangrove_trapdoor":3,"minecraft:rail":26,"minecraft:vine":9,"minecraft:white_carpet":14,"minecraft:oak_slab":17,"minecraft:crafting_table":4,"minecraft:crimson_trapdoor":1,"minecraft:magenta_bed":3,"minecraft:twisting_vines":1,"minecraft:spruce_stairs":15,"minecraft:jungle_slab":19,"minecraft:crimson_hyphae":11,"minecraft:allium":36,"minecraft:stone_stairs":4,"minecraft:yellow_carpet":12,"minecraft:oxidized_cut_copper_slab":27,"minecraft:purple_terracotta":17,"minecraft:dripstone_block":2,"minecraft:stone_brick_wall":12,"minecraft:magenta_carpet":16,"minecraft:mud_brick_stairs":26,"minecraft:spruce_fence":9,"minecraft:end_stone":45,"minecraft:cobbled_deepslate_stairs":3,"minecraft:weeping_vines":17,"minecraft:purple_concrete_powder":3,"minecraft:oak_log":34,"minecraft:birch_fence":8,"minecraft:andesite_wall":4,"minecraft:spruce_boat":1,"minecraft:green_wool":55,"minecraft:purple_stained_glass_pane":6,"minecraft:deepslate_iron_ore":4,"minecraft:mud":101,"minecraft:packed_ice":26,"minecraft:dark_prismarine":2,"minecraft:flower_pot":5,"minecraft:light":64,"minecraft:black_concrete":14,"minecraft:cornflower":59,"minecraft:lava_bucket":69,"minecraft:mangrove_log":34,"minecraft:grass_block":288,"minecraft:quartz_block":9,"minecraft:lantern":3,"minecraft:birch_fence_gate":1,"minecraft:muddy_mangrove_roots":92,"minecraft:barrier":1,"minecraft:red_wool":3,"minecraft:quartz_slab":3,"minecraft:lime_carpet":4,"minecraft:oak_stairs":3,"minecraft:nether_sprouts":6,"minecraft:blue_orchid":21,"minecraft:mangrove_propagule":19,"minecraft:brown_stained_glass":2,"minecraft:packed_mud":33,"minecraft:slime_block":31,"minecraft:warped_fence":16,"minecraft:acacia_slab":1,"minecraft:stone_button":2,"minecraft:crimson_slab":20,"minecraft:stone_slab":5,"minecraft:spruce_trapdoor":13,"minecraft:pink_stained_glass_pane":4,"minecraft:iron_door":2,"minecraft:deepslate":27,"minecraft:gravel":3,"minecraft:mud_bricks":30,"minecraft:crimson_planks":27,"minecraft:yellow_wool":206,"minecraft:yellow_concrete_powder":66,"minecraft:magenta_stained_glass_pane":10,"minecraft:green_carpet":2,"minecraft:stripped_warped_hyphae":21,"minecraft:stripped_crimson_hyphae":3,"minecraft:brown_stained_glass_pane":2,"minecraft:iron_trapdoor":1,"minecraft:mangrove_roots":90,"minecraft:cobbled_deepslate_slab":38,"minecraft:snow":96,"minecraft:mangrove_slab":114,"minecraft:sweet_berries":14,"minecraft:soul_soil":46,"minecraft:crimson_stairs":10,"minecraft:mud_brick_wall":20,"minecraft:furnace":4,"minecraft:oak_sapling":3,"minecraft:dark_oak_fence":3,"minecraft:oxidized_cut_copper_stairs":22,"minecraft:podzol":8,"minecraft:crimson_door":2,"minecraft:birch_log":10,"minecraft:andesite_stairs":1,"minecraft:andesite":2,"minecraft:glass_pane":4,"minecraft:ice":61,"minecraft:oak_boat":3,"minecraft:sea_pickle":10,"minecraft:white_concrete":9,"minecraft:purple_carpet":21,"minecraft:cobbled_deepslate":62,"minecraft:dandelion":53,"minecraft:seagrass":5,"minecraft:powder_snow_bucket":5,"minecraft:brown_concrete_powder":1,"minecraft:bone_meal":12,"minecraft:purple_wool":81,"minecraft:diorite_slab":35,"minecraft:pointed_dripstone":1},"minecraft:custom":{"minecraft:interact_with_furnace":1,"minecraft:open_barrel":1,"minecraft:pot_flower":5,"minecraft:leave_game":26,"minecraft:time_since_death":89899,"minecraft:climb_one_cm":39792,"minecraft:time_since_rest":89902,"minecraft:sprint_one_cm":1384565,"minecraft:damage_taken":18940,"minecraft:walk_one_cm":656846,"minecraft:drop":1,"minecraft:swim_one_cm":50077,"minecraft:fly_one_cm":4207868,"minecraft:open_chest":7,"minecraft:crouch_one_cm":37066,"minecraft:play_time":758772,"minecraft:deaths":4,"minecraft:sneak_time":29003,"minecraft:walk_under_water_one_cm":65989,"minecraft:interact_with_lectern":4,"minecraft:boat_one_cm":67691,"minecraft:jump":11158,"minecraft:walk_on_water_one_cm":55810,"minecraft:total_world_time":758772,"minecraft:fall_one_cm":468785},"minecraft:dropped":{"minecraft:weeping_vines":1}},"DataVersion":3120}