{"stats":{"minecraft:used":{"minecraft:mangrove_leaves":156,"minecraft:crimson_stem":54,"minecraft:water_bucket":87,"minecraft:light_blue_stained_glass_pane":1,"minecraft:writable_book":7,"minecraft:nether_brick_wall":2,"minecraft:mangrove_wood":4,"minecraft:crimson_fence":43,"minecraft:wither_skeleton_skull":3,"minecraft:armor_stand":1,"minecraft:red_concrete":95,"minecraft:spruce_slab":194,"minecraft:redstone":6,"minecraft:mangrove_planks":3,"minecraft:red_nether_bricks":19,"minecraft:cartography_table":1,"minecraft:mangrove_button":4,"minecraft:stripped_warped_stem":4,"minecraft:white_concrete_powder":150,"minecraft:spruce_planks":16,"minecraft:brown_concrete":3,"minecraft:spruce_sign":4,"minecraft:redstone_block":1,"minecraft:structure_void":10,"minecraft:cauldron":1,"minecraft:player_head":1,"minecraft:netherrack":21,"minecraft:warped_roots":3,"minecraft:debug_stick":55,"minecraft:white_wool":119,"minecraft:warped_wart_block":10,"minecraft:brewing_stand":1,"minecraft:soul_sand":25,"minecraft:dirt":45,"minecraft:sand":5,"minecraft:loom":5,"minecraft:crimson_trapdoor":20,"minecraft:nether_bricks":3,"minecraft:spruce_stairs":74,"minecraft:blast_furnace":1,"minecraft:crimson_hyphae":98,"minecraft:nether_brick_slab":1,"minecraft:blue_ice":31,"minecraft:nether_brick_stairs":7,"minecraft:stripped_spruce_log":102,"minecraft:oak_fence_gate":12,"minecraft:birch_fence":44,"minecraft:purple_stained_glass_pane":2,"minecraft:mud":61,"minecraft:lava_bucket":1,"minecraft:mangrove_log":26,"minecraft:bookshelf":7,"minecraft:mangrove_stairs":4,"minecraft:command_block":1,"minecraft:light_weighted_pressure_plate":2,"minecraft:heavy_weighted_pressure_plate":1,"minecraft:lantern":4,"minecraft:muddy_mangrove_roots":10,"minecraft:mangrove_propagule":5,"minecraft:slime_block":25,"minecraft:brown_stained_glass":7,"minecraft:barrier":74,"minecraft:warped_fence":10,"minecraft:crimson_slab":196,"minecraft:quartz_block":19,"minecraft:warped_nylium":25,"minecraft:lectern":1,"minecraft:spruce_trapdoor":14,"minecraft:crimson_roots":10,"minecraft:crimson_planks":65,"minecraft:crimson_nylium":39,"minecraft:crimson_sign":9,"minecraft:snow":3,"minecraft:golden_carrot":6,"minecraft:nether_wart_block":41,"minecraft:brown_stained_glass_pane":12,"minecraft:red_stained_glass_pane":2,"minecraft:crimson_fungus":1,"minecraft:red_nether_brick_wall":5,"minecraft:magma_block":15,"minecraft:stripped_crimson_hyphae":10,"minecraft:iron_trapdoor":4,"minecraft:warped_fungus":2,"minecraft:mangrove_roots":79,"minecraft:written_book":3,"minecraft:crimson_stairs":30,"minecraft:stripped_oak_wood":7,"minecraft:mangrove_slab":3,"minecraft:warped_fence_gate":3,"minecraft:chain":2,"minecraft:repeating_command_block":1,"minecraft:wither_rose":3,"minecraft:sea_pickle":9,"minecraft:white_concrete":221,"minecraft:cooked_beef":1,"minecraft:kelp":80,"minecraft:enchanted_golden_apple":1,"minecraft:jukebox":2,"minecraft:brown_concrete_powder":30,"minecraft:stripped_spruce_wood":118},"minecraft:custom":{"minecraft:open_barrel":2,"minecraft:fill_cauldron":1,"minecraft:open_shulker_box":1,"minecraft:leave_game":21,"minecraft:time_since_death":128909,"minecraft:climb_one_cm":18755,"minecraft:damage_resisted":152,"minecraft:time_since_rest":128910,"minecraft:sprint_one_cm":560582,"minecraft:damage_absorbed":160,"minecraft:damage_taken":10398,"minecraft:walk_one_cm":248036,"minecraft:swim_one_cm":36542,"minecraft:fly_one_cm":1967409,"minecraft:open_chest":6,"minecraft:crouch_one_cm":42721,"minecraft:play_time":400387,"minecraft:walk_under_water_one_cm":53433,"minecraft:deaths":5,"minecraft:sneak_time":24074,"minecraft:boat_one_cm":9743,"minecraft:interact_with_lectern":18,"minecraft:jump":4256,"minecraft:walk_on_water_one_cm":25785,"minecraft:total_world_time":400387,"minecraft:fall_one_cm":233090}},"DataVersion":3120}