{"stats":{"minecraft:used":{"minecraft:oak_fence":35,"minecraft:oak_trapdoor":17,"minecraft:stripped_acacia_wood":258,"minecraft:light_blue_stained_glass_pane":1,"minecraft:enchanting_table":3,"minecraft:red_sand":31,"minecraft:iron_bars":6,"minecraft:purple_candle":13,"minecraft:crimson_fence":134,"minecraft:dead_bush":8,"minecraft:white_tulip":7,"minecraft:flint_and_steel":15,"minecraft:red_sandstone_slab":186,"minecraft:spruce_slab":13,"minecraft:redstone":46,"minecraft:elytra":39,"minecraft:light_blue_terracotta":14,"minecraft:white_concrete_powder":10,"minecraft:chest":6,"minecraft:spruce_planks":299,"minecraft:white_terracotta":48,"minecraft:brown_concrete":20,"minecraft:stone":909,"minecraft:sculk":289,"minecraft:stripped_jungle_wood":65,"minecraft:warped_sign":8,"minecraft:stripped_birch_wood":17,"minecraft:mangrove_fence":37,"minecraft:player_head":16,"minecraft:netherrack":14,"minecraft:stripped_crimson_stem":261,"minecraft:debug_stick":44,"minecraft:spruce_leaves":59,"minecraft:soul_campfire":2,"minecraft:torch":6,"minecraft:pink_candle":7,"minecraft:warped_wart_block":422,"minecraft:dirt":28,"minecraft:soul_sand":250,"minecraft:birch_pressure_plate":1,"minecraft:chorus_flower":33,"minecraft:prismarine_bricks":343,"minecraft:spruce_stairs":59,"minecraft:jungle_planks":200,"minecraft:twisting_vines":50,"minecraft:crimson_hyphae":8,"minecraft:jungle_slab":2,"minecraft:warped_door":2,"minecraft:pink_terracotta":12,"minecraft:jungle_trapdoor":4,"minecraft:glow_lichen":24,"minecraft:warped_pressure_plate":2,"minecraft:spruce_fence":30,"minecraft:snowball":4,"minecraft:weeping_vines":52,"minecraft:shroomlight":12,"minecraft:purple_banner":4,"minecraft:purple_stained_glass_pane":2,"minecraft:packed_ice":3,"minecraft:sea_lantern":59,"minecraft:lava_bucket":117,"minecraft:bookshelf":4,"minecraft:red_tulip":43,"minecraft:mangrove_stairs":57,"minecraft:grass_block":160,"minecraft:quartz_slab":1,"minecraft:warped_hyphae":1134,"minecraft:spruce_wood":6,"minecraft:lantern":5,"minecraft:blue_orchid":11,"minecraft:oak_stairs":30,"minecraft:slime_block":163,"minecraft:brick_stairs":1,"minecraft:warped_fence":41,"minecraft:acacia_slab":100,"minecraft:quartz_block":50,"minecraft:crimson_slab":129,"minecraft:warped_nylium":55,"minecraft:dark_oak_slab":29,"minecraft:crimson_roots":6,"minecraft:raw_gold_block":8,"minecraft:pink_stained_glass_pane":1,"minecraft:crimson_planks":27,"minecraft:yellow_concrete_powder":9,"minecraft:birch_button":6,"minecraft:birch_trapdoor":4,"minecraft:red_stained_glass_pane":4,"minecraft:repeater":24,"minecraft:redstone_lamp":18,"minecraft:warped_stairs":19,"minecraft:snow":654,"minecraft:horn_coral":2,"minecraft:warped_fungus":9,"minecraft:mangrove_roots":9,"minecraft:magenta_terracotta":122,"minecraft:mangrove_slab":17,"minecraft:acacia_fence":49,"minecraft:polished_diorite_stairs":8,"minecraft:cyan_concrete_powder":157,"minecraft:crimson_pressure_plate":2,"minecraft:pink_concrete_powder":103,"minecraft:pearlescent_froglight":8,"minecraft:acacia_planks":171,"minecraft:cobbled_deepslate":1,"minecraft:orange_stained_glass_pane":9,"minecraft:orange_terracotta":33,"minecraft:dark_prismarine_stairs":5,"minecraft:stripped_spruce_wood":179,"minecraft:calcite":65,"minecraft:dark_oak_stairs":9,"minecraft:water_bucket":199,"minecraft:diorite":14,"minecraft:end_stone_bricks":19,"minecraft:mangrove_wood":5,"minecraft:pink_tulip":52,"minecraft:spruce_door":5,"minecraft:snow_block":1010,"minecraft:prismarine_brick_slab":69,"minecraft:birch_planks":6,"minecraft:acacia_trapdoor":17,"minecraft:cyan_candle":17,"minecraft:jungle_fence":7,"minecraft:prismarine":52,"minecraft:mangrove_planks":273,"minecraft:oak_planks":27,"minecraft:bubble_coral_fan":2,"minecraft:polished_diorite_slab":36,"minecraft:ender_pearl":14,"minecraft:redstone_block":7,"minecraft:structure_void":38,"minecraft:fletching_table":2,"minecraft:red_glazed_terracotta":12,"minecraft:warped_roots":34,"minecraft:respawn_anchor":3,"minecraft:stripped_mangrove_wood":165,"minecraft:dark_oak_trapdoor":6,"minecraft:diamond_block":9,"minecraft:terracotta":457,"minecraft:mangrove_trapdoor":9,"minecraft:yellow_terracotta":34,"minecraft:oak_slab":22,"minecraft:loom":2,"minecraft:crimson_trapdoor":8,"minecraft:birch_sign":3,"minecraft:smooth_red_sandstone":38,"minecraft:light_gray_terracotta":22,"minecraft:blue_ice":5,"minecraft:purple_terracotta":184,"minecraft:fire_coral":13,"minecraft:infested_deepslate":1,"minecraft:end_stone":292,"minecraft:smooth_red_sandstone_stairs":25,"minecraft:spruce_log":11,"minecraft:warped_planks":227,"minecraft:purple_concrete_powder":64,"minecraft:birch_fence":102,"minecraft:redstone_torch":10,"minecraft:gray_terracotta":20,"minecraft:mud":5,"minecraft:dark_prismarine":4,"minecraft:lever":4,"minecraft:flower_pot":6,"minecraft:acacia_stairs":50,"minecraft:cornflower":39,"minecraft:warped_trapdoor":25,"minecraft:birch_fence_gate":1,"minecraft:daylight_detector":10,"minecraft:mangrove_door":2,"minecraft:command_block":10,"minecraft:birch_slab":58,"minecraft:nether_sprouts":22,"minecraft:barrier":42,"minecraft:warped_slab":205,"minecraft:stone_button":1,"minecraft:verdant_froglight":6,"minecraft:spruce_pressure_plate":4,"minecraft:jungle_stairs":24,"minecraft:stone_slab":150,"minecraft:red_terracotta":22,"minecraft:magenta_concrete_powder":18,"minecraft:spruce_trapdoor":8,"minecraft:iron_door":3,"minecraft:prismarine_wall":4,"minecraft:flowering_azalea_leaves":1,"minecraft:crimson_nylium":6,"minecraft:soul_lantern":10,"minecraft:stripped_warped_hyphae":100,"minecraft:nether_wart_block":19,"minecraft:brown_stained_glass_pane":4,"minecraft:stripped_crimson_hyphae":259,"minecraft:crimson_stairs":87,"minecraft:cyan_stained_glass_pane":1,"minecraft:stripped_oak_wood":6,"minecraft:warped_fence_gate":1,"minecraft:crimson_door":3,"minecraft:smooth_stone_slab":31,"minecraft:repeating_command_block":8,"minecraft:sea_pickle":28,"minecraft:warped_button":7,"minecraft:chorus_plant":124,"minecraft:sculk_vein":58,"minecraft:sculk_catalyst":1,"minecraft:soul_torch":5,"minecraft:birch_stairs":2},"minecraft:custom":{"minecraft:leave_game":62,"minecraft:time_since_death":22226,"minecraft:damage_resisted":2828,"minecraft:climb_one_cm":72090,"minecraft:sprint_one_cm":2816903,"minecraft:walk_one_cm":526045,"minecraft:play_time":1145607,"minecraft:deaths":1,"minecraft:sneak_time":45506,"minecraft:walk_under_water_one_cm":195281,"minecraft:boat_one_cm":122427,"minecraft:interact_with_lectern":3,"minecraft:jump":21338,"minecraft:walk_on_water_one_cm":169162,"minecraft:total_world_time":1145607,"minecraft:interact_with_loom":2,"minecraft:pot_flower":6,"minecraft:time_since_rest":22231,"minecraft:damage_taken":7096,"minecraft:swim_one_cm":65463,"minecraft:fly_one_cm":9343786,"minecraft:open_chest":7,"minecraft:crouch_one_cm":11955,"minecraft:fall_one_cm":262125},"minecraft:picked_up":{"minecraft:crimson_hyphae":1}},"DataVersion":3120}