{"stats":{"minecraft:picked_up":{"minecraft:lava_bucket":2},"minecraft:used":{"minecraft:black_terracotta":28,"minecraft:brown_terracotta":120,"minecraft:lava_bucket":131,"minecraft:red_sand":67,"minecraft:lime_terracotta":8,"minecraft:terracotta":130,"minecraft:yellow_terracotta":89,"minecraft:magenta_terracotta":12,"minecraft:white_terracotta":133,"minecraft:red_terracotta":54,"minecraft:orange_terracotta":91},"minecraft:custom":{"minecraft:time_since_rest":124749,"minecraft:crouch_one_cm":35,"minecraft:play_time":142301,"minecraft:sprint_one_cm":217298,"minecraft:walk_one_cm":232297,"minecraft:damage_taken":260,"minecraft:deaths":1,"minecraft:sneak_time":557,"minecraft:walk_under_water_one_cm":2568,"minecraft:drop":13,"minecraft:jump":1399,"minecraft:leave_game":1,"minecraft:time_since_death":124746,"minecraft:walk_on_water_one_cm":5943,"minecraft:climb_one_cm":315,"minecraft:total_world_time":142301,"minecraft:swim_one_cm":5219,"minecraft:fall_one_cm":1130,"minecraft:fly_one_cm":582595},"minecraft:dropped":{"minecraft:yellow_terracotta":1,"minecraft:black_terracotta":1,"minecraft:lava_bucket":4,"minecraft:brown_terracotta":1,"minecraft:red_sand":2,"minecraft:white_terracotta":1,"minecraft:orange_terracotta":1,"minecraft:red_terracotta":1,"minecraft:terracotta":1}},"DataVersion":3120}