{"stats":{"minecraft:used":{"minecraft:diorite":1,"minecraft:cooked_beef":1},"minecraft:custom":{"minecraft:jump":713,"minecraft:open_chest":9,"minecraft:time_since_rest":12248,"minecraft:damage_taken":1130,"minecraft:walk_one_cm":38471,"minecraft:leave_game":5,"minecraft:crouch_one_cm":864,"minecraft:sprint_one_cm":157422,"minecraft:play_time":36311,"minecraft:open_shulker_box":2,"minecraft:time_since_death":12248,"minecraft:walk_on_water_one_cm":6216,"minecraft:deaths":3,"minecraft:sneak_time":1182,"minecraft:total_world_time":36311,"minecraft:climb_one_cm":6709,"minecraft:walk_under_water_one_cm":3559,"minecraft:pot_flower":1,"minecraft:swim_one_cm":11286,"minecraft:boat_one_cm":4783,"minecraft:fall_one_cm":46607,"minecraft:fly_one_cm":385766}},"DataVersion":3120}