{"stats":{"minecraft:mined":{"minecraft:tube_coral":1,"minecraft:twisting_vines":1},"minecraft:used":{"minecraft:diorite_stairs":5,"minecraft:moss_block":14,"minecraft:oak_fence":28,"minecraft:oak_trapdoor":17,"minecraft:purpur_block":1,"minecraft:orange_concrete_powder":24,"minecraft:moss_carpet":1,"minecraft:netherite_sword":12,"minecraft:blue_terracotta":19,"minecraft:writable_book":42,"minecraft:iron_bars":45,"minecraft:stone_sword":2,"minecraft:purple_candle":10,"minecraft:crimson_fence":164,"minecraft:brain_coral_fan":1,"minecraft:flint_and_steel":57,"minecraft:red_concrete":94,"minecraft:armor_stand":1,"minecraft:spruce_slab":332,"minecraft:redstone":1,"minecraft:bone_block":11,"minecraft:ladder":19,"minecraft:elytra":3,"minecraft:oak_sign":91,"minecraft:light_blue_terracotta":37,"minecraft:white_concrete_powder":148,"minecraft:spruce_planks":635,"minecraft:stone":1509,"minecraft:brown_concrete":50,"minecraft:wooden_shovel":3,"minecraft:stripped_birch_wood":8,"minecraft:bubble_coral":1,"minecraft:player_head":34,"minecraft:tube_coral":3,"minecraft:green_terracotta":96,"minecraft:stripped_crimson_stem":8,"minecraft:netherrack":454,"minecraft:debug_stick":318,"minecraft:white_candle":8,"minecraft:spruce_leaves":85,"minecraft:dirt":206,"minecraft:soul_sand":30,"minecraft:white_carpet":27,"minecraft:brick_slab":1,"minecraft:twisting_vines":20,"minecraft:spruce_stairs":339,"minecraft:nether_bricks":3,"minecraft:cobblestone_wall":1,"minecraft:crimson_hyphae":16,"minecraft:orange_wool":6,"minecraft:stone_stairs":15,"minecraft:pink_terracotta":32,"minecraft:yellow_carpet":2,"minecraft:glow_lichen":72,"minecraft:spruce_fence":102,"minecraft:mud_brick_stairs":57,"minecraft:weeping_vines":19,"minecraft:nether_brick_stairs":14,"minecraft:stripped_spruce_log":7,"minecraft:obsidian":15,"minecraft:orange_candle":7,"minecraft:dark_oak_planks":36,"minecraft:packed_ice":80,"minecraft:cyan_terracotta":12,"minecraft:lava_bucket":740,"minecraft:mangrove_log":35,"minecraft:bricks":81,"minecraft:grass_block":107,"minecraft:bookshelf":1,"minecraft:red_wool":26,"minecraft:oak_stairs":36,"minecraft:yellow_stained_glass":5,"minecraft:mangrove_stairs":31,"minecraft:spruce_wood":39,"minecraft:quartz_slab":6,"minecraft:black_stained_glass_pane":1,"minecraft:lantern":10,"minecraft:muddy_mangrove_roots":11,"minecraft:blue_orchid":4,"minecraft:green_wool":42,"minecraft:brick_stairs":34,"minecraft:slime_block":105,"minecraft:warped_fence":7,"minecraft:crimson_slab":32,"minecraft:packed_mud":2,"minecraft:quartz_block":591,"minecraft:warped_nylium":24,"minecraft:gray_concrete_powder":1,"minecraft:mud_bricks":72,"minecraft:crimson_planks":120,"minecraft:barrel":38,"minecraft:yellow_concrete_powder":37,"minecraft:red_stained_glass_pane":2,"minecraft:netherite_boots":1,"minecraft:bedrock":19,"minecraft:basalt":39,"minecraft:purple_concrete":2,"minecraft:glowstone":1,"minecraft:red_carpet":20,"minecraft:redstone_lamp":9,"minecraft:soul_soil":23,"minecraft:snow":527,"minecraft:magenta_wool":13,"minecraft:horn_coral":1,"minecraft:magenta_terracotta":29,"minecraft:iron_trapdoor":2,"minecraft:mangrove_roots":30,"minecraft:lime_stained_glass":1,"minecraft:mangrove_slab":166,"minecraft:podzol":18,"minecraft:seagrass":14,"minecraft:acacia_fence":17,"minecraft:end_stone_brick_stairs":7,"minecraft:red_dye":3,"minecraft:gold_block":38,"minecraft:skeleton_skull":6,"minecraft:cyan_concrete_powder":2,"minecraft:fire_coral_fan":3,"minecraft:pink_concrete_powder":2,"minecraft:pearlescent_froglight":25,"minecraft:cobbled_deepslate":420,"minecraft:acacia_planks":20,"minecraft:powder_snow_bucket":70,"minecraft:brown_candle":3,"minecraft:orange_terracotta":28,"minecraft:brown_concrete_powder":14,"minecraft:stripped_spruce_wood":211,"minecraft:pointed_dripstone":23,"minecraft:mangrove_leaves":12,"minecraft:cobbled_deepslate_wall":54,"minecraft:crimson_stem":63,"minecraft:calcite":489,"minecraft:end_rod":2,"minecraft:water_bucket":145,"minecraft:diorite":215,"minecraft:end_stone_bricks":13,"minecraft:mangrove_wood":5,"minecraft:tube_coral_fan":3,"minecraft:nether_brick_wall":159,"minecraft:amethyst_block":697,"minecraft:dirt_path":1,"minecraft:snow_block":984,"minecraft:wither_skeleton_skull":1,"minecraft:birch_planks":18,"minecraft:red_stained_glass":15,"minecraft:mud_brick_slab":86,"minecraft:mangrove_planks":145,"minecraft:netherite_chestplate":1,"minecraft:lime_wool":53,"minecraft:oak_planks":40,"minecraft:bubble_coral_fan":1,"minecraft:blue_wool":3,"minecraft:andesite_slab":16,"minecraft:lime_concrete_powder":23,"minecraft:redstone_block":1,"minecraft:blue_concrete_powder":64,"minecraft:structure_void":47,"minecraft:spruce_sign":62,"minecraft:white_dye":27,"minecraft:glow_ink_sac":29,"minecraft:purpur_pillar":16,"minecraft:oak_leaves":4,"minecraft:white_wool":3,"minecraft:brain_coral":3,"minecraft:sand":2,"minecraft:stripped_mangrove_wood":50,"minecraft:glow_berries":12,"minecraft:dark_oak_trapdoor":35,"minecraft:diamond_block":7,"minecraft:orange_carpet":21,"minecraft:lime_terracotta":33,"minecraft:rail":20,"minecraft:vine":4,"minecraft:yellow_terracotta":11,"minecraft:netherite_leggings":1,"minecraft:tnt":23,"minecraft:oak_slab":3,"minecraft:loom":46,"minecraft:green_dye":3,"minecraft:yellow_concrete":1,"minecraft:blue_ice":21,"minecraft:campfire":22,"minecraft:ochre_froglight":6,"minecraft:purple_terracotta":426,"minecraft:dripstone_block":46,"minecraft:fire_coral":3,"minecraft:stone_brick_wall":34,"minecraft:magenta_carpet":7,"minecraft:cobbled_deepslate_stairs":125,"minecraft:end_stone":18,"minecraft:spruce_log":1,"minecraft:warped_planks":3,"minecraft:purple_concrete_powder":72,"minecraft:birch_fence":60,"minecraft:purple_stained_glass":16,"minecraft:mud":268,"minecraft:lever":19,"minecraft:flower_pot":1,"minecraft:light":33,"minecraft:black_concrete":26,"minecraft:mangrove_door":2,"minecraft:command_block":3,"minecraft:lime_carpet":4,"minecraft:birch_slab":37,"minecraft:barrier":6,"minecraft:brown_stained_glass":2,"minecraft:mangrove_propagule":9,"minecraft:warped_slab":2,"minecraft:verdant_froglight":2,"minecraft:light_gray_candle":3,"minecraft:stone_button":4,"minecraft:stone_slab":261,"minecraft:red_terracotta":16,"minecraft:spruce_trapdoor":75,"minecraft:magenta_concrete_powder":2,"minecraft:iron_door":7,"minecraft:deepslate":52,"minecraft:gravel":54,"minecraft:yellow_wool":22,"minecraft:magenta_stained_glass_pane":4,"minecraft:stripped_warped_hyphae":13,"minecraft:green_carpet":15,"minecraft:coal_block":15,"minecraft:nether_wart_block":44,"minecraft:brown_stained_glass_pane":27,"minecraft:wooden_sword":3,"minecraft:light_blue_concrete_powder":2,"minecraft:red_concrete_powder":45,"minecraft:crimson_stairs":55,"minecraft:stripped_crimson_hyphae":319,"minecraft:acacia_pressure_plate":1,"minecraft:cobbled_deepslate_slab":450,"minecraft:mud_brick_wall":34,"minecraft:dark_oak_fence":53,"minecraft:green_concrete_powder":1,"minecraft:andesite":14,"minecraft:black_candle":31,"minecraft:ice":4,"minecraft:smooth_stone_slab":16,"minecraft:sea_pickle":1,"minecraft:white_concrete":119,"minecraft:kelp":99,"minecraft:coarse_dirt":8,"minecraft:purple_carpet":16,"minecraft:birch_stairs":10,"minecraft:purple_wool":4,"minecraft:diorite_slab":26,"minecraft:green_stained_glass":23},"minecraft:custom":{"minecraft:interact_with_crafting_table":1,"minecraft:open_barrel":26,"minecraft:open_shulker_box":19,"minecraft:time_since_death":19717,"minecraft:leave_game":159,"minecraft:climb_one_cm":155253,"minecraft:damage_resisted":123686,"minecraft:sprint_one_cm":4440973,"minecraft:walk_one_cm":1894729,"minecraft:drop":35,"minecraft:sneak_time":169738,"minecraft:play_time":2623226,"minecraft:deaths":27,"minecraft:walk_under_water_one_cm":311650,"minecraft:boat_one_cm":203070,"minecraft:interact_with_lectern":58,"minecraft:jump":28498,"minecraft:walk_on_water_one_cm":210337,"minecraft:total_world_time":2623226,"minecraft:interact_with_furnace":6,"minecraft:interact_with_loom":9,"minecraft:pot_flower":1,"minecraft:time_since_rest":19720,"minecraft:damage_taken":15269,"minecraft:minecart_one_cm":10179,"minecraft:damage_dealt":2546,"minecraft:swim_one_cm":250101,"minecraft:fly_one_cm":14002236,"minecraft:player_kills":4,"minecraft:open_chest":18,"minecraft:crouch_one_cm":390753,"minecraft:aviate_one_cm":117738,"minecraft:fall_one_cm":442747,"minecraft:inspect_dispenser":5},"minecraft:killed_by":{"minecraft:player":1},"minecraft:picked_up":{"minecraft:ladder":1,"minecraft:purple_shulker_box":1,"minecraft:player_head":1,"minecraft:stone":1,"minecraft:brown_concrete_powder":1,"minecraft:quartz_block":2,"minecraft:blue_concrete_powder":1,"minecraft:horn_coral_fan":1,"minecraft:command_block":1,"minecraft:fire_coral_fan":1,"minecraft:netherite_chestplate":1,"minecraft:nether_brick_wall":1,"minecraft:glow_ink_sac":1,"minecraft:green_concrete_powder":1,"minecraft:purple_stained_glass":1,"minecraft:cyan_concrete_powder":1,"minecraft:light_gray_concrete_powder":1,"minecraft:red_concrete_powder":1,"minecraft:red_stained_glass":1,"minecraft:black_concrete_powder":1,"minecraft:writable_book":2,"minecraft:bone_meal":2,"minecraft:red_concrete":1,"minecraft:bricks":1,"minecraft:purple_concrete_powder":1},"minecraft:dropped":{"minecraft:spruce_sign":1,"minecraft:purple_terracotta":1,"minecraft:red_concrete_powder":1,"minecraft:glow_ink_sac":1,"minecraft:netherite_chestplate":1,"minecraft:blue_concrete_powder":1,"minecraft:red_stained_glass":1,"minecraft:command_block":2,"minecraft:nether_brick_wall":1,"minecraft:brown_concrete_powder":1,"minecraft:warped_slab":1,"minecraft:bone_meal":2,"minecraft:writable_book":2,"minecraft:redstone":1,"minecraft:red_concrete":1,"minecraft:bricks":1,"minecraft:lever":1,"minecraft:purple_stained_glass":1,"minecraft:sea_lantern":1,"minecraft:stone":1,"minecraft:black_concrete_powder":1,"minecraft:fire_coral_fan":1,"minecraft:quartz_block":2,"minecraft:horn_coral_fan":1,"minecraft:ladder":1,"minecraft:purple_concrete_powder":1,"minecraft:purple_shulker_box":1,"minecraft:green_concrete_powder":1,"minecraft:crimson_hyphae":1,"minecraft:light_gray_concrete_powder":1,"minecraft:cyan_concrete_powder":1}},"DataVersion":3120}