{"stats":{"minecraft:picked_up":{"minecraft:wooden_axe":1,"minecraft:elytra":1,"minecraft:firework_rocket":1},"minecraft:used":{"minecraft:calcite":30,"minecraft:oak_fence":25,"minecraft:dark_oak_stairs":146,"minecraft:water_bucket":3,"minecraft:diorite":27,"minecraft:writable_book":6,"minecraft:nether_brick_wall":32,"minecraft:iron_bars":13,"minecraft:dirt_path":15,"minecraft:flint_and_steel":2,"minecraft:snow_block":148,"minecraft:red_concrete":78,"minecraft:spruce_slab":924,"minecraft:mangrove_planks":4,"minecraft:ladder":4,"minecraft:polished_basalt":1,"minecraft:white_concrete_powder":1,"minecraft:chest":1,"minecraft:spruce_planks":615,"minecraft:stone":244,"minecraft:spruce_sign":16,"minecraft:white_dye":1,"minecraft:red_glazed_terracotta":2,"minecraft:glow_ink_sac":1,"minecraft:green_terracotta":42,"minecraft:spruce_leaves":196,"minecraft:debug_stick":12,"minecraft:dark_oak_trapdoor":131,"minecraft:dirt":2,"minecraft:sand":1319,"minecraft:stripped_dark_oak_log":55,"minecraft:loom":93,"minecraft:brick_slab":37,"minecraft:dead_fire_coral_block":1,"minecraft:spruce_stairs":118,"minecraft:birch_sign":1,"minecraft:crimson_hyphae":1,"minecraft:campfire":19,"minecraft:dark_oak_fence_gate":12,"minecraft:painting":2,"minecraft:spruce_fence":14,"minecraft:cake":1,"minecraft:spruce_log":117,"minecraft:stripped_spruce_log":92,"minecraft:polished_diorite":1,"minecraft:mud":1,"minecraft:dark_oak_planks":8,"minecraft:green_concrete":2,"minecraft:flower_pot":9,"minecraft:cyan_terracotta":63,"minecraft:black_concrete":25,"minecraft:bricks":66,"minecraft:firework_rocket":28,"minecraft:bookshelf":74,"minecraft:mangrove_pressure_plate":3,"minecraft:red_wool":11,"minecraft:spruce_wood":110,"minecraft:lantern":10,"minecraft:brick_stairs":60,"minecraft:lectern":3,"minecraft:stone_slab":9,"minecraft:red_terracotta":254,"minecraft:red_candle":7,"minecraft:dark_oak_slab":613,"minecraft:spruce_trapdoor":42,"minecraft:gray_concrete_powder":5,"minecraft:gravel":1,"minecraft:deepslate":1,"minecraft:crimson_nylium":2,"minecraft:barrel":6,"minecraft:item_frame":7,"minecraft:smooth_basalt":1,"minecraft:stripped_mangrove_log":1,"minecraft:nether_wart_block":38,"minecraft:fire_coral_block":3,"minecraft:red_carpet":20,"minecraft:redstone_lamp":29,"minecraft:snow":413,"minecraft:red_concrete_powder":12,"minecraft:smithing_table":1,"minecraft:dark_oak_fence":118,"minecraft:podzol":30,"minecraft:red_banner":5,"minecraft:andesite":32,"minecraft:chain":9,"minecraft:ice":1,"minecraft:sea_pickle":5,"minecraft:fire_coral_fan":9,"minecraft:coarse_dirt":37,"minecraft:powder_snow_bucket":12,"minecraft:brown_concrete_powder":14,"minecraft:splash_potion":4,"minecraft:hanging_roots":1,"minecraft:stripped_spruce_wood":5},"minecraft:custom":{"minecraft:open_barrel":53,"minecraft:interact_with_loom":1,"minecraft:interact_with_campfire":4,"minecraft:pot_flower":8,"minecraft:leave_game":8,"minecraft:time_since_death":504201,"minecraft:climb_one_cm":7451,"minecraft:time_since_rest":504201,"minecraft:sprint_one_cm":230575,"minecraft:walk_one_cm":392653,"minecraft:drop":3,"minecraft:swim_one_cm":857,"minecraft:fly_one_cm":2863377,"minecraft:open_chest":3,"minecraft:crouch_one_cm":38591,"minecraft:play_time":504201,"minecraft:sneak_time":32627,"minecraft:walk_under_water_one_cm":12194,"minecraft:boat_one_cm":19979,"minecraft:interact_with_lectern":8,"minecraft:aviate_one_cm":184979,"minecraft:jump":2017,"minecraft:walk_on_water_one_cm":34035,"minecraft:total_world_time":504201},"minecraft:dropped":{"minecraft:elytra":1,"minecraft:wooden_axe":1,"minecraft:firework_rocket":1}},"DataVersion":3120}