{"stats":{"minecraft:used":{"minecraft:mangrove_leaves":4,"minecraft:calcite":31,"minecraft:oak_trapdoor":2,"minecraft:oak_fence":9,"minecraft:stripped_acacia_wood":7,"minecraft:water_bucket":43,"minecraft:diorite":17,"minecraft:leather_leggings":1,"minecraft:end_stone_bricks":36,"minecraft:crimson_fence":2,"minecraft:white_tulip":2,"minecraft:snow_block":220,"minecraft:armor_stand":14,"minecraft:red_concrete":39,"minecraft:red_sandstone_slab":8,"minecraft:spruce_slab":82,"minecraft:mangrove_planks":1,"minecraft:ladder":12,"minecraft:bubble_coral_fan":2,"minecraft:oak_sign":8,"minecraft:polished_basalt":13,"minecraft:white_concrete_powder":16,"minecraft:chest":4,"minecraft:spruce_planks":6,"minecraft:leather_chestplate":2,"minecraft:stone":27,"minecraft:end_stone_brick_slab":54,"minecraft:sculk":41,"minecraft:spruce_sign":4,"minecraft:bubble_coral":1,"minecraft:quartz_stairs":2,"minecraft:grass":9,"minecraft:leather_boots":1,"minecraft:player_head":4,"minecraft:purpur_pillar":48,"minecraft:deepslate_bricks":12,"minecraft:netherrack":219,"minecraft:stripped_crimson_stem":2,"minecraft:debug_stick":78,"minecraft:spruce_leaves":17,"minecraft:stripped_mangrove_wood":37,"minecraft:diamond_block":8,"minecraft:dirt":34,"minecraft:soul_sand":6,"minecraft:purpur_stairs":2,"minecraft:dark_prismarine_slab":1,"minecraft:oak_slab":1,"minecraft:crafting_table":6,"minecraft:red_bed":1,"minecraft:twisting_vines":4,"minecraft:spruce_stairs":50,"minecraft:yellow_concrete":2,"minecraft:campfire":1,"minecraft:spruce_fence":36,"minecraft:end_stone":233,"minecraft:deepslate_brick_stairs":14,"minecraft:stripped_spruce_log":11,"minecraft:obsidian":20,"minecraft:oak_log":5,"minecraft:mud":44,"minecraft:packed_ice":12,"minecraft:flower_pot":1,"minecraft:black_concrete":5,"minecraft:acacia_stairs":3,"minecraft:cornflower":12,"minecraft:lava_bucket":59,"minecraft:oxeye_daisy":7,"minecraft:red_tulip":4,"minecraft:mangrove_stairs":2,"minecraft:lantern":5,"minecraft:barrier":1,"minecraft:slime_block":31,"minecraft:spruce_button":1,"minecraft:stone_button":21,"minecraft:quartz_block":275,"minecraft:warped_nylium":33,"minecraft:stone_slab":47,"minecraft:red_terracotta":1,"minecraft:purpur_slab":4,"minecraft:crimson_roots":4,"minecraft:crimson_planks":15,"minecraft:crimson_nylium":29,"minecraft:birch_trapdoor":4,"minecraft:red_stained_glass_pane":34,"minecraft:brown_stained_glass_pane":20,"minecraft:basalt":83,"minecraft:nether_wart_block":9,"minecraft:reinforced_deepslate":22,"minecraft:fire_charge":1,"minecraft:crimson_fungus":2,"minecraft:red_nether_brick_wall":3,"minecraft:magma_block":11,"minecraft:snow":529,"minecraft:horn_coral":3,"minecraft:stripped_crimson_hyphae":9,"minecraft:soul_soil":31,"minecraft:crimson_stairs":10,"minecraft:furnace":2,"minecraft:glass_pane":7,"minecraft:end_stone_brick_stairs":16,"minecraft:white_concrete":165,"minecraft:acacia_planks":27,"minecraft:powder_snow_bucket":12,"minecraft:sculk_catalyst":42,"minecraft:horn_coral_fan":3,"minecraft:stripped_spruce_wood":51},"minecraft:custom":{"minecraft:interact_with_crafting_table":7,"minecraft:pot_flower":1,"minecraft:leave_game":30,"minecraft:time_since_death":34011,"minecraft:climb_one_cm":44874,"minecraft:time_since_rest":34012,"minecraft:sprint_one_cm":1277147,"minecraft:damage_taken":10144,"minecraft:walk_one_cm":375544,"minecraft:drop":68,"minecraft:swim_one_cm":41024,"minecraft:fly_one_cm":3223627,"minecraft:crouch_one_cm":18764,"minecraft:play_time":567093,"minecraft:deaths":4,"minecraft:sneak_time":13541,"minecraft:walk_under_water_one_cm":74391,"minecraft:interact_with_lectern":9,"minecraft:boat_one_cm":47468,"minecraft:jump":9328,"minecraft:walk_on_water_one_cm":35979,"minecraft:total_world_time":567093,"minecraft:fall_one_cm":300551},"minecraft:picked_up":{"minecraft:spruce_sign":1},"minecraft:dropped":{"minecraft:player_head":64,"minecraft:crafting_table":1,"minecraft:leather_chestplate":1,"minecraft:leather_boots":1,"minecraft:leather_leggings":1},"minecraft:crafted":{"minecraft:leather_leggings":7,"minecraft:leather_boots":7,"minecraft:leather_chestplate":7}},"DataVersion":3120}