{"stats":{"minecraft:used":{"minecraft:written_book":8,"minecraft:player_head":5},"minecraft:custom":{"minecraft:jump":466,"minecraft:time_since_rest":20707,"minecraft:leave_game":1,"minecraft:crouch_one_cm":1057,"minecraft:damage_taken":100,"minecraft:sprint_one_cm":75251,"minecraft:play_time":20707,"minecraft:walk_on_water_one_cm":2979,"minecraft:time_since_death":20707,"minecraft:walk_one_cm":13761,"minecraft:sneak_time":790,"minecraft:climb_one_cm":2275,"minecraft:total_world_time":20707,"minecraft:walk_under_water_one_cm":3520,"minecraft:swim_one_cm":2406,"minecraft:fall_one_cm":751,"minecraft:fly_one_cm":228459},"minecraft:picked_up":{"minecraft:written_book":1}},"DataVersion":3120}