{"stats":{"minecraft:used":{"minecraft:black_terracotta":68,"minecraft:flower_pot":3,"minecraft:water_bucket":5,"minecraft:stripped_acacia_wood":6,"minecraft:brown_terracotta":114,"minecraft:lever":1,"minecraft:blue_terracotta":104,"minecraft:acacia_stairs":7,"minecraft:red_sand":3,"minecraft:lava_bucket":19,"minecraft:warped_trapdoor":1,"minecraft:acacia_door":1,"minecraft:dead_bush":10,"minecraft:stripped_acacia_log":31,"minecraft:command_block":3,"minecraft:birch_planks":6,"minecraft:lantern":5,"minecraft:grass_block":7,"minecraft:spruce_slab":41,"minecraft:jungle_fence":41,"minecraft:slime_block":5,"minecraft:acacia_slab":12,"minecraft:ladder":10,"minecraft:oak_sign":2,"minecraft:quartz_block":43,"minecraft:cactus":5,"minecraft:jungle_stairs":1,"minecraft:white_terracotta":119,"minecraft:red_terracotta":181,"minecraft:light_blue_bed":1,"minecraft:iron_door":2,"minecraft:quartz_stairs":1,"minecraft:barrel":7,"minecraft:magenta_stained_glass_pane":2,"minecraft:debug_stick":12,"minecraft:birch_pressure_plate":2,"minecraft:red_stained_glass_pane":4,"minecraft:lime_terracotta":39,"minecraft:terracotta":160,"minecraft:yellow_terracotta":276,"minecraft:lime_stained_glass_pane":2,"minecraft:magenta_terracotta":40,"minecraft:lime_bed":1,"minecraft:crafting_table":2,"minecraft:furnace":1,"minecraft:jungle_planks":2,"minecraft:smithing_table":5,"minecraft:birch_sign":3,"minecraft:jungle_door":3,"minecraft:acacia_fence":15,"minecraft:yellow_stained_glass_pane":3,"minecraft:campfire":3,"minecraft:smooth_stone_slab":84,"minecraft:painting":5,"minecraft:acacia_planks":94,"minecraft:orange_terracotta":108,"minecraft:orange_stained_glass_pane":3,"minecraft:birch_stairs":12},"minecraft:custom":{"minecraft:time_since_rest":143528,"minecraft:sprint_one_cm":166511,"minecraft:damage_taken":60,"minecraft:walk_one_cm":86971,"minecraft:swim_one_cm":624,"minecraft:fly_one_cm":834936,"minecraft:crouch_one_cm":6623,"minecraft:play_time":143528,"minecraft:sneak_time":6225,"minecraft:walk_under_water_one_cm":883,"minecraft:pot_flower":3,"minecraft:jump":1976,"minecraft:leave_game":1,"minecraft:walk_on_water_one_cm":3796,"minecraft:time_since_death":143528,"minecraft:total_world_time":143528,"minecraft:climb_one_cm":1685,"minecraft:fall_one_cm":209}},"DataVersion":3120}