{"stats":{"minecraft:used":{"minecraft:cobbled_deepslate_wall":15,"minecraft:deepslate_brick_wall":3,"minecraft:oak_fence":14,"minecraft:water_bucket":39,"minecraft:nether_brick_fence":7,"minecraft:debug_stick":67,"minecraft:light":4,"minecraft:lava_bucket":2,"minecraft:red_sand":1,"minecraft:dirt":4,"minecraft:snow":17,"minecraft:crimson_fence":8,"minecraft:snow_block":9,"minecraft:cobbled_deepslate_slab":1,"minecraft:birch_planks":6,"minecraft:black_stained_glass_pane":2,"minecraft:grass_block":1,"minecraft:polished_deepslate_wall":3,"minecraft:barrier":1,"minecraft:jungle_fence":2,"minecraft:oak_planks":6,"minecraft:dripstone_block":258,"minecraft:tuff":63,"minecraft:cobbled_deepslate":9,"minecraft:spruce_fence":2,"minecraft:gravel":4,"minecraft:pointed_dripstone":33,"minecraft:deepslate_tile_wall":3},"minecraft:custom":{"minecraft:time_since_rest":189984,"minecraft:open_shulker_box":1,"minecraft:crouch_one_cm":16896,"minecraft:play_time":334938,"minecraft:sprint_one_cm":263960,"minecraft:deaths":2,"minecraft:damage_taken":2855,"minecraft:walk_one_cm":163454,"minecraft:sneak_time":10827,"minecraft:walk_under_water_one_cm":12197,"minecraft:jump":3794,"minecraft:damage_dealt":10,"minecraft:leave_game":14,"minecraft:walk_on_water_one_cm":15726,"minecraft:time_since_death":189981,"minecraft:climb_one_cm":4436,"minecraft:total_world_time":334938,"minecraft:swim_one_cm":1618,"minecraft:fall_one_cm":83120,"minecraft:fly_one_cm":1018866}},"DataVersion":3120}