{"stats":{"minecraft:used":{"minecraft:snow_block":1},"minecraft:custom":{"minecraft:jump":629,"minecraft:time_since_rest":22533,"minecraft:damage_dealt":374,"minecraft:damage_taken":376,"minecraft:crouch_one_cm":1717,"minecraft:leave_game":5,"minecraft:sprint_one_cm":101158,"minecraft:play_time":22533,"minecraft:time_since_death":22533,"minecraft:walk_on_water_one_cm":3318,"minecraft:walk_one_cm":20840,"minecraft:sneak_time":734,"minecraft:total_world_time":22533,"minecraft:climb_one_cm":4777,"minecraft:walk_under_water_one_cm":6511,"minecraft:swim_one_cm":432,"minecraft:fall_one_cm":4942,"minecraft:boat_one_cm":6516,"minecraft:fly_one_cm":270974},"minecraft:mined":{"minecraft:torch":1}},"DataVersion":3120}