{"stats":{"minecraft:used":{"minecraft:peony":2,"minecraft:oak_fence":6,"minecraft:purpur_block":5,"minecraft:light_blue_stained_glass_pane":2,"minecraft:jungle_leaves":1,"minecraft:blue_terracotta":167,"minecraft:rose_bush":1,"minecraft:writable_book":3,"minecraft:iron_bars":2,"minecraft:iron_shovel":39,"minecraft:purple_candle":7,"minecraft:crimson_fence":67,"minecraft:white_tulip":1,"minecraft:flint_and_steel":4,"minecraft:dispenser":3,"minecraft:red_sandstone_slab":1,"minecraft:spruce_slab":55,"minecraft:poppy":16,"minecraft:diamond_hoe":49,"minecraft:ladder":14,"minecraft:light_blue_terracotta":141,"minecraft:spruce_planks":34,"minecraft:stone":4135,"minecraft:quartz_stairs":6,"minecraft:grass":60,"minecraft:player_head":3,"minecraft:structure_block":7,"minecraft:farmland":9,"minecraft:debug_stick":195,"minecraft:spruce_leaves":2,"minecraft:end_stone_brick_wall":2,"minecraft:brewing_stand":1,"minecraft:soul_sand":2,"minecraft:dirt":689,"minecraft:birch_pressure_plate":1,"minecraft:prismarine_bricks":4,"minecraft:jungle_planks":539,"minecraft:crimson_hyphae":2,"minecraft:jungle_slab":202,"minecraft:allium":1,"minecraft:pink_terracotta":311,"minecraft:tuff":206,"minecraft:acacia_button":1,"minecraft:polished_granite_slab":31,"minecraft:spruce_fence":3,"minecraft:stripped_spruce_log":21,"minecraft:obsidian":107,"minecraft:fern":14,"minecraft:shroomlight":2,"minecraft:big_dripleaf":6,"minecraft:andesite_wall":1,"minecraft:birch_door":1,"minecraft:purple_stained_glass_pane":5,"minecraft:dark_oak_planks":15,"minecraft:sea_lantern":5,"minecraft:lava_bucket":446,"minecraft:bricks":4,"minecraft:stripped_dark_oak_wood":1,"minecraft:mangrove_stairs":4,"minecraft:quartz_slab":2,"minecraft:lantern":27,"minecraft:grass_block":1308,"minecraft:blue_orchid":1,"minecraft:slime_block":13,"minecraft:brick_stairs":3,"minecraft:warped_fence":1,"minecraft:quartz_block":372,"minecraft:crimson_slab":8,"minecraft:jungle_log":2,"minecraft:dark_oak_slab":14,"minecraft:pink_stained_glass_pane":7,"minecraft:crimson_planks":9,"minecraft:barrel":18,"minecraft:bamboo":16,"minecraft:birch_trapdoor":4,"minecraft:red_stained_glass_pane":5,"minecraft:warped_stairs":4,"minecraft:redstone_lamp":6,"minecraft:magma_block":1,"minecraft:snow":135,"minecraft:hay_block":29,"minecraft:magenta_terracotta":137,"minecraft:jungle_button":3,"minecraft:furnace":3,"minecraft:mangrove_slab":6,"minecraft:white_stained_glass_pane":25,"minecraft:acacia_fence":16,"minecraft:stone_pressure_plate":3,"minecraft:pink_concrete_powder":38,"minecraft:end_stone_brick_stairs":6,"minecraft:pearlescent_froglight":22,"minecraft:cobbled_deepslate":93,"minecraft:orange_terracotta":155,"minecraft:orange_stained_glass_pane":4,"minecraft:seagrass":3,"minecraft:pointed_dripstone":666,"minecraft:wheat_seeds":60,"minecraft:water_bucket":77,"minecraft:warped_stem":13,"minecraft:diorite":2,"minecraft:amethyst_block":1263,"minecraft:end_stone_bricks":40,"minecraft:pink_tulip":8,"minecraft:dirt_path":3,"minecraft:snow_block":37,"minecraft:prismarine_brick_slab":1,"minecraft:birch_planks":95,"minecraft:stripped_birch_log":14,"minecraft:acacia_trapdoor":4,"minecraft:jungle_fence":58,"minecraft:orange_tulip":1,"minecraft:sandstone":2,"minecraft:structure_void":4,"minecraft:cauldron":2,"minecraft:purpur_pillar":98,"minecraft:jungle_wood":7,"minecraft:diamond_block":6,"minecraft:lime_terracotta":156,"minecraft:purpur_stairs":3,"minecraft:sand":89,"minecraft:vine":5,"minecraft:yellow_terracotta":416,"minecraft:lime_bed":2,"minecraft:lime_stained_glass_pane":3,"minecraft:crafting_table":2,"minecraft:crimson_trapdoor":12,"minecraft:blast_furnace":2,"minecraft:yellow_stained_glass_pane":6,"minecraft:blue_ice":1,"minecraft:sponge":9,"minecraft:purple_terracotta":82,"minecraft:blackstone_wall":1,"minecraft:dripstone_block":3339,"minecraft:stone_brick_wall":5,"minecraft:painting":10,"minecraft:black_bed":1,"minecraft:mangrove_sign":2,"minecraft:smoker":1,"minecraft:end_stone":16,"minecraft:cobbled_deepslate_stairs":1,"minecraft:spruce_log":16,"minecraft:purple_concrete_powder":34,"minecraft:birch_fence":21,"minecraft:redstone_torch":1,"minecraft:purple_stained_glass":23,"minecraft:blue_stained_glass_pane":2,"minecraft:lever":1,"minecraft:flower_pot":7,"minecraft:acacia_stairs":5,"minecraft:oxeye_daisy":1,"minecraft:warped_trapdoor":7,"minecraft:daylight_detector":5,"minecraft:acacia_sign":2,"minecraft:dark_oak_log":147,"minecraft:command_block":4,"minecraft:birch_slab":51,"minecraft:cyan_bed":2,"minecraft:warped_slab":8,"minecraft:stone_button":1,"minecraft:jungle_stairs":50,"minecraft:stone_slab":21,"minecraft:red_terracotta":268,"minecraft:polished_granite":74,"minecraft:iron_door":16,"minecraft:spruce_sapling":4,"minecraft:prismarine_wall":12,"minecraft:gravel":41,"minecraft:lilac":2,"minecraft:brown_stained_glass_pane":6,"minecraft:stripped_crimson_hyphae":13,"minecraft:cobbled_deepslate_slab":13,"minecraft:crimson_stairs":77,"minecraft:grindstone":3,"minecraft:smithing_table":3,"minecraft:bucket":87,"minecraft:andesite_stairs":5,"minecraft:andesite":79,"minecraft:glass_pane":3,"minecraft:ice":38,"minecraft:smooth_stone_slab":320,"minecraft:sea_pickle":17,"minecraft:purple_carpet":2,"minecraft:dandelion":1,"minecraft:bone_meal":10,"minecraft:purple_wool":1,"minecraft:birch_stairs":55},"minecraft:custom":{"minecraft:interact_with_crafting_table":1,"minecraft:open_barrel":1,"minecraft:fill_cauldron":2,"minecraft:leave_game":67,"minecraft:time_since_death":972,"minecraft:climb_one_cm":193278,"minecraft:damage_resisted":1548,"minecraft:sprint_one_cm":5184900,"minecraft:walk_one_cm":1087895,"minecraft:drop":10,"minecraft:play_time":2521173,"minecraft:deaths":71,"minecraft:sneak_time":85770,"minecraft:walk_under_water_one_cm":353837,"minecraft:boat_one_cm":137223,"minecraft:interact_with_lectern":16,"minecraft:jump":38886,"minecraft:walk_on_water_one_cm":264799,"minecraft:total_world_time":2523011,"minecraft:interact_with_furnace":1,"minecraft:pot_flower":6,"minecraft:time_since_rest":974,"minecraft:damage_taken":36499,"minecraft:damage_dealt":1067,"minecraft:minecart_one_cm":4400,"minecraft:swim_one_cm":256683,"minecraft:fly_one_cm":14043779,"minecraft:player_kills":1,"minecraft:crouch_one_cm":114627,"minecraft:fall_one_cm":888438,"minecraft:inspect_dispenser":6},"minecraft:killed_by":{"minecraft:player":3},"minecraft:picked_up":{"minecraft:amethyst_block":1,"minecraft:redstone_torch":1,"minecraft:minecart":8,"minecraft:purple_terracotta":1,"minecraft:tnt":732,"minecraft:crimson_slab":1},"minecraft:dropped":{"minecraft:ender_pearl":5,"minecraft:amethyst_block":1,"minecraft:bucket":1,"minecraft:crimson_slab":1,"minecraft:redstone_torch":1,"minecraft:pink_concrete_powder":1}},"DataVersion":3120}