{
    "display": {
        "title": {
            "text": "Cosmetic Master",
            "color": "red",
            "bold": true
        },
        "description": {
            "text": "Purchase all available particle trails",
            "color": "gray",
            "bold": false
        },
        "icon": {
            "item": "minecraft:nether_star"
        },
        "frame": "goal",
        "show_toast": true,
        "announce_to_chat": false,
        "hidden": false
    },
    "criteria": {
        "cosmetic_master": {
            "trigger": "minecraft:impossible"
        }
    },
    "parent": "map:cosmetic_character"
}