{"stats":{"minecraft:dropped":{"minecraft:wooden_axe":1,"minecraft:bricks":1,"minecraft:red_stained_glass_pane":3,"minecraft:firework_star":64,"minecraft:firework_rocket":576},"minecraft:picked_up":{"minecraft:firework_star":64,"minecraft:red_stained_glass_pane":3,"minecraft:firework_rocket":576},"minecraft:crafted":{"minecraft:firework_star":9,"minecraft:firework_rocket":27},"minecraft:killed":{"minecraft:magma_cube":21},"minecraft:mined":{"minecraft:white_bed":45,"minecraft:brown_bed":2,"minecraft:purple_bed":2,"minecraft:yellow_bed":1},"minecraft:custom":{"minecraft:mob_kills":21,"minecraft:interact_with_crafting_table":7,"minecraft:open_barrel":11,"minecraft:open_shulker_box":3,"minecraft:bell_ring":4,"minecraft:leave_game":14,"minecraft:time_since_death":67500,"minecraft:climb_one_cm":10168,"minecraft:damage_resisted":3720,"minecraft:sprint_one_cm":870976,"minecraft:walk_one_cm":432915,"minecraft:drop":15,"minecraft:talked_to_villager":1,"minecraft:deaths":15,"minecraft:walk_under_water_one_cm":54118,"minecraft:sneak_time":10163,"minecraft:jump":5520,"minecraft:interact_with_blast_furnace":15,"minecraft:walk_on_water_one_cm":21334,"minecraft:interact_with_furnace":9,"minecraft:tune_noteblock":18,"minecraft:play_one_minute":806489,"minecraft:pot_flower":7,"minecraft:interact_with_grindstone":1,"minecraft:time_since_rest":67501,"minecraft:damage_taken":1390,"minecraft:damage_dealt":795,"minecraft:swim_one_cm":31919,"minecraft:fly_one_cm":4594131,"minecraft:open_chest":87,"minecraft:crouch_one_cm":8628,"minecraft:interact_with_smoker":9,"minecraft:fall_one_cm":28190,"minecraft:inspect_dispenser":11},"minecraft:used":{"minecraft:oak_fence":24,"minecraft:oak_trapdoor":1,"minecraft:purpur_block":15,"minecraft:stripped_acacia_wood":14,"minecraft:nether_brick_fence":5,"minecraft:orange_concrete_powder":2,"minecraft:jungle_leaves":16,"minecraft:red_sand":2,"minecraft:dead_bush":1,"minecraft:redstone":25,"minecraft:ladder":2,"minecraft:bone_block":21,"minecraft:mycelium":2,"minecraft:white_concrete_powder":3,"minecraft:chest":44,"minecraft:spruce_planks":21,"minecraft:white_terracotta":8,"minecraft:stone":105,"minecraft:stripped_jungle_wood":43,"minecraft:bell":1,"minecraft:red_nether_brick_stairs":26,"minecraft:stripped_birch_wood":38,"minecraft:bubble_coral":1,"minecraft:smooth_sandstone_stairs":4,"minecraft:player_head":1,"minecraft:sandstone_wall":10,"minecraft:farmland":1,"minecraft:netherrack":19,"minecraft:debug_stick":583,"minecraft:orange_bed":6,"minecraft:torch":8,"minecraft:end_stone_brick_wall":7,"minecraft:soul_sand":5,"minecraft:dirt":13,"minecraft:chorus_flower":89,"minecraft:prismarine_bricks":193,"minecraft:jungle_planks":1,"minecraft:nether_bricks":8,"minecraft:prismarine_brick_stairs":1,"minecraft:cobblestone_wall":1,"minecraft:carrot":20,"minecraft:pink_terracotta":2,"minecraft:oak_wood":2,"minecraft:polished_granite_slab":5,"minecraft:spruce_fence":6,"minecraft:nether_brick_stairs":62,"minecraft:stripped_spruce_log":3,"minecraft:obsidian":19,"minecraft:andesite_wall":2,"minecraft:red_sandstone_stairs":7,"minecraft:dark_oak_planks":2,"minecraft:wooden_axe":105,"minecraft:lava_bucket":1,"minecraft:bricks":6,"minecraft:villager_spawn_egg":10,"minecraft:grass_block":18,"minecraft:spruce_wood":1,"minecraft:iron_axe":84,"minecraft:light_weighted_pressure_plate":2,"minecraft:oak_stairs":4,"minecraft:brick_stairs":48,"minecraft:jungle_log":5,"minecraft:dark_oak_wood":1,"minecraft:light_blue_bed":2,"minecraft:stone_brick_stairs":9,"minecraft:barrel":8,"minecraft:birch_button":3,"minecraft:repeater":53,"minecraft:red_stained_glass_pane":2,"minecraft:redstone_lamp":5,"minecraft:red_nether_brick_wall":10,"minecraft:snow":830,"minecraft:magenta_terracotta":5,"minecraft:furnace":2,"minecraft:acacia_fence":8,"minecraft:acacia_wood":41,"minecraft:cyan_concrete_powder":2,"minecraft:skeleton_skull":3,"minecraft:stone_pressure_plate":1,"minecraft:dragon_head":1,"minecraft:dead_bubble_coral_fan":1,"minecraft:seagrass":7,"minecraft:dark_prismarine_stairs":17,"minecraft:brown_bed":4,"minecraft:wheat_seeds":8,"minecraft:dark_oak_stairs":2,"minecraft:water_bucket":65,"minecraft:end_rod":10,"minecraft:nether_brick_wall":1,"minecraft:end_stone_bricks":68,"minecraft:cobblestone_stairs":5,"minecraft:snow_block":3,"minecraft:prismarine_brick_slab":3,"minecraft:birch_planks":1,"minecraft:acacia_trapdoor":5,"minecraft:polished_andesite":10,"minecraft:prismarine":2,"minecraft:jungle_fence":10,"minecraft:bubble_coral_fan":5,"minecraft:lily_pad":3,"minecraft:andesite_slab":6,"minecraft:redstone_block":15,"minecraft:end_stone_brick_slab":37,"minecraft:blue_bed":2,"minecraft:green_bed":2,"minecraft:oak_leaves":3,"minecraft:jungle_wood":2,"minecraft:sand":6,"minecraft:purpur_stairs":31,"minecraft:comparator":4,"minecraft:vine":193,"minecraft:dark_prismarine_slab":10,"minecraft:cut_sandstone_slab":9,"minecraft:crafting_table":1,"minecraft:lime_bed":2,"minecraft:red_bed":7,"minecraft:magenta_bed":7,"minecraft:blast_furnace":1,"minecraft:campfire":5,"minecraft:light_gray_concrete_powder":1,"minecraft:purple_terracotta":2,"minecraft:stone_brick_wall":8,"minecraft:painting":26,"minecraft:end_stone":139,"minecraft:smooth_red_sandstone_stairs":7,"minecraft:smoker":10,"minecraft:mushroom_stem":3,"minecraft:purple_concrete_powder":2,"minecraft:birch_fence":27,"minecraft:redstone_torch":1,"minecraft:dark_prismarine":266,"minecraft:black_concrete":43,"minecraft:daylight_detector":1,"minecraft:command_block":12,"minecraft:birch_slab":4,"minecraft:cyan_bed":3,"minecraft:barrier":3,"minecraft:detector_rail":11,"minecraft:stone_slab":20,"minecraft:red_terracotta":1,"minecraft:iron_door":2,"minecraft:cut_red_sandstone":3,"minecraft:gravel":14,"minecraft:polished_andesite_slab":14,"minecraft:pink_bed":1,"minecraft:nether_wart_block":2,"minecraft:diamond_sword":31,"minecraft:end_crystal":18,"minecraft:purple_bed":5,"minecraft:red_concrete_powder":3,"minecraft:stripped_oak_wood":30,"minecraft:andesite":2,"minecraft:chain_command_block":4,"minecraft:grass_path":20,"minecraft:yellow_bed":9,"minecraft:repeating_command_block":6,"minecraft:kelp":58,"minecraft:chorus_plant":39,"minecraft:bone_meal":40}},"DataVersion":2230}