{"stats":{"minecraft:used":{"minecraft:light_blue_carpet":7,"minecraft:oak_fence":32,"minecraft:water_bucket":163,"minecraft:jungle_leaves":29,"minecraft:cobblestone_stairs":3,"minecraft:dead_bush":6,"minecraft:chiseled_deepslate":1,"minecraft:cracked_deepslate_bricks":35,"minecraft:birch_planks":78,"minecraft:infested_stone":1093,"minecraft:mangrove_planks":99,"minecraft:ladder":5,"minecraft:oak_planks":66,"minecraft:elytra":2,"minecraft:sandstone":418,"minecraft:stone":918,"minecraft:structure_void":29,"minecraft:stripped_birch_wood":4,"minecraft:mangrove_fence":20,"minecraft:grass":23,"minecraft:cobblestone_slab":36,"minecraft:player_head":2,"minecraft:oak_leaves":47,"minecraft:debug_stick":104,"minecraft:orange_stained_glass":1,"minecraft:jungle_wood":27,"minecraft:glow_berries":28,"minecraft:dirt":205,"minecraft:soul_sand":1,"minecraft:sand":326,"minecraft:rail":40,"minecraft:vine":20,"minecraft:crafting_table":1,"minecraft:oak_slab":10,"minecraft:lime_bed":1,"minecraft:red_bed":1,"minecraft:stone_stairs":18,"minecraft:orange_wool":10,"minecraft:deepslate_brick_slab":1,"minecraft:oak_wood":24,"minecraft:glow_lichen":32,"minecraft:birch_fence":47,"minecraft:oak_log":50,"minecraft:glass":23,"minecraft:waxed_oxidized_copper":3,"minecraft:dark_oak_planks":3,"minecraft:honey_block":42,"minecraft:sea_lantern":3,"minecraft:mangrove_log":3,"minecraft:mangrove_stairs":8,"minecraft:command_block":1,"minecraft:birch_slab":4,"minecraft:grass_block":399,"minecraft:slime_block":10,"minecraft:packed_mud":66,"minecraft:quartz_block":75,"minecraft:stone_slab":25,"minecraft:light_blue_bed":1,"minecraft:spruce_trapdoor":4,"minecraft:pink_wool":49,"minecraft:deepslate":3,"minecraft:gravel":2,"minecraft:stone_brick_stairs":19,"minecraft:stone_bricks":108,"minecraft:reinforced_deepslate":6,"minecraft:red_stained_glass_pane":3,"minecraft:redstone_lamp":6,"minecraft:cobblestone":32,"minecraft:mangrove_slab":2,"minecraft:sandstone_slab":51,"minecraft:lapis_block":2,"minecraft:andesite":13,"minecraft:smooth_stone_slab":76,"minecraft:acacia_wood":177,"minecraft:yellow_bed":1,"minecraft:pearlescent_froglight":2,"minecraft:sculk_vein":32,"minecraft:birch_stairs":10},"minecraft:custom":{"minecraft:leave_game":22,"minecraft:time_since_death":875,"minecraft:climb_one_cm":92031,"minecraft:time_since_rest":877,"minecraft:sprint_one_cm":1694452,"minecraft:damage_taken":10728,"minecraft:walk_one_cm":475249,"minecraft:minecart_one_cm":61667,"minecraft:swim_one_cm":114157,"minecraft:fly_one_cm":7346512,"minecraft:crouch_one_cm":67189,"minecraft:play_time":1552853,"minecraft:deaths":25,"minecraft:sneak_time":36301,"minecraft:walk_under_water_one_cm":141881,"minecraft:aviate_one_cm":546936,"minecraft:jump":10921,"minecraft:walk_on_water_one_cm":49271,"minecraft:total_world_time":1558588,"minecraft:fall_one_cm":96370},"minecraft:killed_by":{"minecraft:warden":22}},"DataVersion":3120}