{"stats":{"minecraft:dropped":{"minecraft:orange_shulker_box":1,"minecraft:minecart":1,"minecraft:grass_block":1,"minecraft:rail":1,"minecraft:gray_wool":1,"minecraft:stone_button":1,"minecraft:brewing_stand":1,"minecraft:light_gray_shulker_box":1,"minecraft:yellow_shulker_box":1,"minecraft:dark_oak_planks":1,"minecraft:lapis_block":1,"minecraft:redstone":4,"minecraft:red_concrete":1,"minecraft:soul_lantern":1,"minecraft:deepslate_brick_slab":1,"minecraft:cyan_shulker_box":1,"minecraft:white_shulker_box":1,"minecraft:debug_stick":1,"minecraft:shulker_box":1,"minecraft:red_terracotta":1,"minecraft:flint_and_steel":1,"minecraft:dropper":1,"minecraft:leather_boots":1,"minecraft:chest":1,"minecraft:cracked_deepslate_bricks":1,"minecraft:light_blue_shulker_box":1},"minecraft:used":{"minecraft:oak_fence":22,"minecraft:moss_block":319,"minecraft:orange_dye":1,"minecraft:moss_carpet":35,"minecraft:orange_concrete_powder":110,"minecraft:netherite_sword":37,"minecraft:jungle_leaves":39,"minecraft:iron_bars":3,"minecraft:red_sand":178,"minecraft:chiseled_deepslate":108,"minecraft:music_disc_otherside":1,"minecraft:polished_deepslate":351,"minecraft:dead_bush":6,"minecraft:flint_and_steel":96,"minecraft:cracked_deepslate_bricks":170,"minecraft:pufferfish_spawn_egg":1,"minecraft:red_concrete":552,"minecraft:dispenser":13,"minecraft:spruce_slab":4,"minecraft:redstone":45,"minecraft:ladder":61,"minecraft:bone_block":1,"minecraft:oak_sign":8,"minecraft:stripped_warped_stem":12,"minecraft:polished_basalt":24,"minecraft:tinted_glass":11,"minecraft:chest":6,"minecraft:stone":577,"minecraft:zombie_spawn_egg":8,"minecraft:wither_skeleton_spawn_egg":1,"minecraft:sculk":59,"minecraft:quartz_stairs":8,"minecraft:mangrove_fence":27,"minecraft:grass":154,"minecraft:player_head":16,"minecraft:green_terracotta":179,"minecraft:netherrack":8,"minecraft:sculk_sensor":54,"minecraft:oak_door":1,"minecraft:debug_stick":245,"minecraft:orange_stained_glass":6,"minecraft:torch":35,"minecraft:soul_sand":8,"minecraft:dirt":596,"minecraft:spyglass":1,"minecraft:lily_of_the_valley":5,"minecraft:cocoa_beans":13,"minecraft:light_blue_dye":1,"minecraft:hopper":4,"minecraft:cracked_deepslate_tiles":53,"minecraft:stone_stairs":1,"minecraft:deepslate_tile_slab":5,"minecraft:deepslate_brick_slab":275,"minecraft:oak_wood":51,"minecraft:glow_lichen":2,"minecraft:tuff":75,"minecraft:axolotl_bucket":1,"minecraft:spruce_fence":39,"minecraft:polished_deepslate_stairs":2,"minecraft:fern":70,"minecraft:milk_bucket":9,"minecraft:small_dripleaf":33,"minecraft:big_dripleaf":24,"minecraft:warden_spawn_egg":2,"minecraft:jungle_sapling":9,"minecraft:dark_oak_planks":454,"minecraft:flowering_azalea":3,"minecraft:lava_bucket":691,"minecraft:quartz_slab":28,"minecraft:grass_block":618,"minecraft:blue_orchid":2,"minecraft:red_wool":1,"minecraft:lantern":1,"minecraft:muddy_mangrove_roots":2,"minecraft:light_weighted_pressure_plate":2,"minecraft:oak_stairs":9,"minecraft:slime_block":264,"minecraft:quartz_block":578,"minecraft:jungle_log":20,"minecraft:light_blue_bed":2,"minecraft:dark_oak_slab":170,"minecraft:dark_oak_button":10,"minecraft:stone_brick_stairs":9,"minecraft:stone_bricks":14,"minecraft:repeater":7,"minecraft:item_frame":19,"minecraft:bamboo":21,"minecraft:yellow_concrete_powder":4,"minecraft:red_stained_glass_pane":1,"minecraft:tadpole_bucket":1,"minecraft:stripped_mangrove_log":33,"minecraft:deepslate_diamond_ore":1,"minecraft:reinforced_deepslate":115,"minecraft:snow":3,"minecraft:red_carpet":85,"minecraft:redstone_lamp":22,"minecraft:magma_block":1,"minecraft:bow":5,"minecraft:scaffolding":5,"minecraft:soul_soil":19,"minecraft:mangrove_roots":10,"minecraft:black_dye":2,"minecraft:oxidized_copper":9,"minecraft:deepslate_tile_stairs":488,"minecraft:mangrove_slab":44,"minecraft:minecart":20,"minecraft:acacia_fence":3,"minecraft:gold_block":103,"minecraft:acacia_wood":10,"minecraft:skeleton_skull":3,"minecraft:stone_pressure_plate":2,"minecraft:pearlescent_froglight":3,"minecraft:cobbled_deepslate":18,"minecraft:observer":2,"minecraft:green_stained_glass_pane":2,"minecraft:seagrass":7,"minecraft:pointed_dripstone":102,"minecraft:cobbled_deepslate_wall":8,"minecraft:mangrove_leaves":315,"minecraft:calcite":41,"minecraft:light_blue_carpet":220,"minecraft:dark_oak_stairs":7,"minecraft:water_bucket":346,"minecraft:ink_sac":3,"minecraft:amethyst_block":284,"minecraft:dirt_path":16,"minecraft:infested_stone":67,"minecraft:gray_carpet":194,"minecraft:acacia_trapdoor":1,"minecraft:powered_rail":96,"minecraft:mangrove_planks":17,"minecraft:oak_planks":1,"minecraft:waxed_oxidized_cut_copper":8,"minecraft:lime_concrete_powder":6,"minecraft:sandstone":7,"minecraft:structure_void":41,"minecraft:white_dye":3,"minecraft:clay":65,"minecraft:sugar_cane":10,"minecraft:glow_ink_sac":3,"minecraft:cobblestone_slab":1,"minecraft:deepslate_bricks":1061,"minecraft:large_amethyst_bud":1,"minecraft:oak_leaves":128,"minecraft:white_wool":18,"minecraft:mangrove_trapdoor":37,"minecraft:jungle_wood":76,"minecraft:glow_berries":148,"minecraft:vine":110,"minecraft:diamond_block":30,"minecraft:rail":124,"minecraft:yellow_terracotta":310,"minecraft:sand":2055,"minecraft:comparator":9,"minecraft:stripped_dark_oak_log":28,"minecraft:lime_stained_glass_pane":7,"minecraft:crafting_table":1,"minecraft:red_bed":5,"minecraft:waxed_weathered_cut_copper_slab":12,"minecraft:light_blue_wool":1,"minecraft:blast_furnace":1,"minecraft:sculk_shrieker":37,"minecraft:dripstone_block":189,"minecraft:stone_brick_wall":19,"minecraft:painting":20,"minecraft:mangrove_sign":2,"minecraft:smoker":3,"minecraft:warped_planks":38,"minecraft:deepslate_brick_stairs":355,"minecraft:purple_concrete_powder":20,"minecraft:sticky_piston":6,"minecraft:redstone_torch":47,"minecraft:small_amethyst_bud":13,"minecraft:deepslate_tiles":701,"minecraft:oak_log":7,"minecraft:amethyst_cluster":46,"minecraft:mud":43,"minecraft:netherite_block":10,"minecraft:lever":1,"minecraft:yellow_dye":1,"minecraft:cornflower":2,"minecraft:red_sandstone":2,"minecraft:activator_rail":5,"minecraft:warped_trapdoor":1,"minecraft:command_block":11,"minecraft:lime_carpet":2,"minecraft:deepslate_iron_ore":7,"minecraft:barrier":531,"minecraft:cyan_carpet":175,"minecraft:stone_button":5,"minecraft:pig_spawn_egg":2,"minecraft:verdant_froglight":48,"minecraft:detector_rail":1,"minecraft:stone_slab":10,"minecraft:red_terracotta":343,"minecraft:deepslate":5109,"minecraft:iron_door":4,"minecraft:budding_amethyst":3,"minecraft:flowering_azalea_leaves":4,"minecraft:soul_lantern":79,"minecraft:jungle_sign":6,"minecraft:fire_charge":1,"minecraft:cobblestone":6,"minecraft:potion":19,"minecraft:cobbled_deepslate_slab":33,"minecraft:medium_amethyst_bud":21,"minecraft:red_concrete_powder":75,"minecraft:grindstone":5,"minecraft:bucket":10,"minecraft:dark_oak_fence":98,"minecraft:lapis_block":81,"minecraft:glass_pane":5,"minecraft:green_concrete_powder":6,"minecraft:chain_command_block":1,"minecraft:chain":200,"minecraft:smooth_stone_slab":25,"minecraft:repeating_command_block":1,"minecraft:waxed_cut_copper_stairs":2,"minecraft:white_concrete":68,"minecraft:sculk_vein":137,"minecraft:candle":183,"minecraft:bone_meal":54,"minecraft:gray_wool":295,"minecraft:smooth_stone":178,"minecraft:sculk_catalyst":4,"minecraft:jukebox":1},"minecraft:custom":{"minecraft:mob_kills":36,"minecraft:inspect_hopper":8,"minecraft:interact_with_crafting_table":3,"minecraft:leave_game":72,"minecraft:time_since_death":2372,"minecraft:climb_one_cm":113446,"minecraft:sprint_one_cm":3018675,"minecraft:walk_one_cm":1632590,"minecraft:drop":29,"minecraft:play_time":1853640,"minecraft:deaths":119,"minecraft:sneak_time":138142,"minecraft:walk_under_water_one_cm":668125,"minecraft:jump":22628,"minecraft:walk_on_water_one_cm":264484,"minecraft:total_world_time":2209149,"minecraft:play_record":1,"minecraft:interact_with_grindstone":1,"minecraft:time_since_rest":2372,"minecraft:damage_taken":39033,"minecraft:damage_dealt":22530,"minecraft:minecart_one_cm":230289,"minecraft:fly_one_cm":14198128,"minecraft:swim_one_cm":128735,"minecraft:open_chest":18,"minecraft:crouch_one_cm":235102,"minecraft:aviate_one_cm":614554,"minecraft:fall_one_cm":286813,"minecraft:inspect_dispenser":13},"minecraft:killed":{"minecraft:allay":5,"minecraft:horse":3,"minecraft:warden":3,"minecraft:cat":3,"minecraft:iron_golem":2,"minecraft:sheep":2,"minecraft:zombie":8,"minecraft:villager":10},"minecraft:picked_up":{"minecraft:light_gray_shulker_box":4,"minecraft:lead":1,"minecraft:purple_shulker_box":4,"minecraft:brewing_stand":4,"minecraft:pink_shulker_box":4,"minecraft:black_shulker_box":4,"minecraft:music_disc_otherside":1,"minecraft:minecart":55,"minecraft:blue_shulker_box":4,"minecraft:chest":3,"minecraft:furnace":4,"minecraft:lime_shulker_box":4,"minecraft:orange_shulker_box":4,"minecraft:stone_button":1,"minecraft:magenta_shulker_box":4,"minecraft:redstone":3,"minecraft:cyan_shulker_box":4,"minecraft:gray_shulker_box":4,"minecraft:red_shulker_box":4,"minecraft:brown_shulker_box":4,"minecraft:cracked_deepslate_bricks":1,"minecraft:white_shulker_box":4,"minecraft:yellow_shulker_box":4,"minecraft:smoker":3,"minecraft:potato":8,"minecraft:green_shulker_box":4,"minecraft:paper":9,"minecraft:apple":1,"minecraft:deepslate_brick_slab":1,"minecraft:dropper":4,"minecraft:light_blue_shulker_box":4,"minecraft:blast_furnace":3,"minecraft:grass_block":1,"minecraft:barrel":4,"minecraft:trapped_chest":4,"minecraft:red_terracotta":1,"minecraft:shulker_box":4,"minecraft:dispenser":3,"minecraft:soul_lantern":1,"minecraft:gray_wool":2,"minecraft:bread":13},"minecraft:killed_by":{"minecraft:warden":63}},"DataVersion":3578}