{"stats":{"minecraft:used":{"minecraft:dark_prismarine":307,"minecraft:water_bucket":56,"minecraft:sea_lantern":61,"minecraft:mangrove_wood":7,"minecraft:warped_trapdoor":11,"minecraft:prismarine_brick_slab":4,"minecraft:prismarine":82,"minecraft:lime_carpet":4,"minecraft:barrier":1,"minecraft:warped_fence":2,"minecraft:acacia_slab":2,"minecraft:slime_block":27,"minecraft:gray_carpet":13,"minecraft:string":5,"minecraft:mangrove_planks":28,"minecraft:ladder":6,"minecraft:verdant_froglight":3,"minecraft:quartz_block":15,"minecraft:wet_sponge":21,"minecraft:cyan_concrete":13,"minecraft:sandstone":12,"minecraft:structure_void":8,"minecraft:deepslate":2,"minecraft:sugar_cane":13,"minecraft:prismarine_wall":6,"minecraft:player_head":4,"minecraft:deepslate_bricks":3,"minecraft:bamboo":8,"minecraft:debug_stick":2,"minecraft:white_wool":7,"minecraft:soul_sand":2,"minecraft:sand":334,"minecraft:light_blue_concrete_powder":67,"minecraft:warped_stairs":3,"minecraft:yellow_terracotta":67,"minecraft:dark_prismarine_slab":25,"minecraft:blue_stained_glass":53,"minecraft:prismarine_bricks":161,"minecraft:mangrove_slab":7,"minecraft:sponge":16,"minecraft:glass_pane":11,"minecraft:gold_block":51,"minecraft:smooth_stone_slab":16,"minecraft:cyan_concrete_powder":155,"minecraft:orange_terracotta":120,"minecraft:warped_planks":2},"minecraft:killed_by":{"minecraft:warden":3},"minecraft:custom":{"minecraft:time_since_rest":6387,"minecraft:sprint_one_cm":244743,"minecraft:damage_taken":1300,"minecraft:walk_one_cm":81271,"minecraft:minecart_one_cm":8597,"minecraft:swim_one_cm":43531,"minecraft:fly_one_cm":1300587,"minecraft:crouch_one_cm":8591,"minecraft:play_time":132374,"minecraft:deaths":5,"minecraft:sneak_time":7319,"minecraft:walk_under_water_one_cm":38949,"minecraft:aviate_one_cm":35276,"minecraft:jump":1417,"minecraft:interact_with_blast_furnace":1,"minecraft:time_since_death":6387,"minecraft:leave_game":2,"minecraft:walk_on_water_one_cm":28946,"minecraft:total_world_time":132374,"minecraft:climb_one_cm":10368,"minecraft:fall_one_cm":22610}},"DataVersion":3105}