{"stats":{"minecraft:killed_by":{"minecraft:warden":52},"minecraft:custom":{"minecraft:jump":654,"minecraft:time_since_rest":9914,"minecraft:leave_game":1,"minecraft:minecart_one_cm":6819,"minecraft:walk_on_water_one_cm":7381,"minecraft:crouch_one_cm":29691,"minecraft:deaths":55,"minecraft:sprint_one_cm":243544,"minecraft:play_time":73998,"minecraft:damage_taken":24450,"minecraft:time_since_death":9894,"minecraft:walk_one_cm":141912,"minecraft:sneak_time":10550,"minecraft:climb_one_cm":14621,"minecraft:total_world_time":73998,"minecraft:walk_under_water_one_cm":4517,"minecraft:swim_one_cm":3722,"minecraft:fall_one_cm":37398,"minecraft:fly_one_cm":203934}},"DataVersion":3105}