{"stats":{"minecraft:used":{"minecraft:mangrove_planks":7,"minecraft:honey_block":11},"minecraft:custom":{"minecraft:jump":225,"minecraft:time_since_rest":62098,"minecraft:crouch_one_cm":1870,"minecraft:leave_game":1,"minecraft:sprint_one_cm":17927,"minecraft:play_time":62098,"minecraft:walk_on_water_one_cm":59,"minecraft:time_since_death":62098,"minecraft:walk_one_cm":6266,"minecraft:sneak_time":1943,"minecraft:total_world_time":62098,"minecraft:walk_under_water_one_cm":1125,"minecraft:fly_one_cm":215484}},"DataVersion":3105}