{"stats":{"minecraft:picked_up":{"minecraft:leather_boots":1,"minecraft:player_head":16},"minecraft:dropped":{"minecraft:player_head":16},"minecraft:used":{"minecraft:shroomlight":9,"minecraft:oak_fence":2,"minecraft:dark_oak_stairs":86,"minecraft:dark_prismarine":60,"minecraft:dark_oak_planks":7,"minecraft:water_bucket":5,"minecraft:black_concrete":94,"minecraft:elytra":1,"minecraft:cobblestone_stairs":5,"minecraft:coal_ore":4,"minecraft:dirt_path":13,"minecraft:daylight_detector":2,"minecraft:dark_oak_log":103,"minecraft:mangrove_stairs":17,"minecraft:dead_bush":6,"minecraft:barrier":1,"minecraft:jungle_log":4,"minecraft:lantern":1,"minecraft:grass_block":149,"minecraft:blue_orchid":2,"minecraft:rooted_dirt":14,"minecraft:dark_oak_sign":13,"minecraft:slime_block":10,"minecraft:ladder":2,"minecraft:poppy":2,"minecraft:stone_button":7,"minecraft:quartz_block":8,"minecraft:andesite_slab":8,"minecraft:stone_slab":9,"minecraft:dark_oak_slab":33,"minecraft:stone":116,"minecraft:mossy_cobblestone_slab":5,"minecraft:structure_void":6,"minecraft:grass":11,"minecraft:cobblestone_slab":16,"minecraft:leather_boots":1,"minecraft:player_head":7,"minecraft:stone_axe":16,"minecraft:stripped_mangrove_log":11,"minecraft:reinforced_deepslate":6,"minecraft:soul_sand":1,"minecraft:dark_oak_trapdoor":50,"minecraft:dirt":63,"minecraft:sand":8,"minecraft:cobblestone":4,"minecraft:stripped_dark_oak_log":1,"minecraft:dark_oak_fence":18,"minecraft:podzol":117,"minecraft:andesite":5,"minecraft:andesite_stairs":1,"minecraft:allium":1,"minecraft:stone_stairs":19,"minecraft:note_block":12,"minecraft:coarse_dirt":28,"minecraft:dandelion":1,"minecraft:warped_planks":11,"minecraft:spruce_log":37,"minecraft:brown_mushroom_block":5,"minecraft:fern":2},"minecraft:custom":{"minecraft:time_since_rest":194118,"minecraft:sprint_one_cm":253473,"minecraft:damage_taken":90,"minecraft:walk_one_cm":112383,"minecraft:minecart_one_cm":14754,"minecraft:drop":16,"minecraft:swim_one_cm":67214,"minecraft:fly_one_cm":1187364,"minecraft:crouch_one_cm":28550,"minecraft:play_time":194118,"minecraft:sneak_time":13937,"minecraft:walk_under_water_one_cm":65120,"minecraft:aviate_one_cm":36484,"minecraft:jump":2572,"minecraft:leave_game":5,"minecraft:time_since_death":194118,"minecraft:walk_on_water_one_cm":10250,"minecraft:total_world_time":194118,"minecraft:climb_one_cm":8343,"minecraft:fall_one_cm":4877,"minecraft:inspect_dispenser":1}},"DataVersion":3105}