{
    "parent": "main:firstsnake",
    "display": {
        "title": {text:"Lava champion",color:"yellow",bold:true},
        "description": {text:"Beat the rising lava level",color:"white",bold:false},
        "icon": {
            "id": "minecraft:lava_bucket"
        },
        "frame": "task",
        "show_toast": true,
        "announce_to_chat": false,
        "hidden":true
    },
    "criteria": {
        "0": {
            "trigger": "minecraft:impossible"
        }
    }
}