{
    "parent": "main:start",
    "display": {
        "title": {"text":"Greedy","color":"red","bold":true},
        "description": {"text":"Fall for the \"Free diamonds\" trap in level 22","color":"white","bold":false},
        "icon": {
            "id": "minecraft:skeleton_skull"
        },
        "frame": "task",
        "show_toast": true,
        "announce_to_chat": false,
        "hidden": true
    },
    "criteria": {
        "0": {
            "trigger": "minecraft:impossible"
        }
    }
}