{
    "parent": "main:50percent",
    "display": {
        "title": {text:"Underground City",color:"yellow",bold:true},
        "description": {text:"Visit the Underground City in level 62",color:"white",bold:false},
        "icon": {
            "id": "minecraft:acacia_door"
        },
        "frame": "task",
        "show_toast": true,
        "announce_to_chat": false,
        "hidden": true
    },
    "criteria": {
        "0": {
            "trigger": "minecraft:impossible"
        }
    }
}