{"stats":{"minecraft:custom":{"minecraft:interact_with_furnace":7,"minecraft:interact_with_crafting_table":2,"minecraft:open_barrel":4,"minecraft:play_one_minute":748384,"minecraft:leave_game":13,"minecraft:time_since_death":161537,"minecraft:climb_one_cm":60347,"minecraft:damage_resisted":12694,"minecraft:time_since_rest":161537,"minecraft:sprint_one_cm":717697,"minecraft:walk_one_cm":375286,"minecraft:drop":23,"minecraft:swim_one_cm":7507,"minecraft:fly_one_cm":2006554,"minecraft:open_chest":15,"minecraft:crouch_one_cm":15483,"minecraft:deaths":1,"minecraft:sneak_time":16914,"minecraft:walk_under_water_one_cm":6994,"minecraft:jump":4878,"minecraft:interact_with_blast_furnace":1,"minecraft:walk_on_water_one_cm":11184,"minecraft:inspect_dispenser":13,"minecraft:fall_one_cm":196608},"minecraft:used":{"minecraft:oak_fence":16,"minecraft:petrified_oak_slab":2,"minecraft:wheat_seeds":9,"minecraft:water_bucket":16,"minecraft:red_sand":5,"minecraft:white_tulip":1,"minecraft:oak_planks":8,"minecraft:redstone_ore":15,"minecraft:armor_stand":1,"minecraft:dispenser":3,"minecraft:dead_tube_coral_fan":4,"minecraft:redstone":8,"minecraft:poppy":1,"minecraft:jungle_fence":4,"minecraft:ladder":5,"minecraft:oak_sign":13,"minecraft:chest":23,"minecraft:spruce_planks":12,"minecraft:sandstone":6,"minecraft:stone":125,"minecraft:red_mushroom_block":23,"minecraft:redstone_block":112,"minecraft:grass":132,"minecraft:structure_block":25,"minecraft:player_head":9,"minecraft:farmland":3,"minecraft:debug_stick":19,"minecraft:spruce_leaves":8,"minecraft:dirt":181,"minecraft:vine":16,"minecraft:crafting_table":1,"minecraft:allium":3,"minecraft:carrot":7,"minecraft:stone_stairs":2,"minecraft:dead_tube_coral":2,"minecraft:painting":1,"minecraft:spruce_fence":6,"minecraft:end_stone":24,"minecraft:spruce_log":1,"minecraft:nether_brick_stairs":1,"minecraft:oak_fence_gate":2,"minecraft:mushroom_stem":5,"minecraft:obsidian":1,"minecraft:birch_fence":2,"minecraft:redstone_torch":2,"minecraft:sticky_piston":7,"minecraft:piston":8,"minecraft:oxeye_daisy":1,"minecraft:firework_rocket":53,"minecraft:lava_bucket":3,"minecraft:bricks":5,"minecraft:chiseled_sandstone":2,"minecraft:red_tulip":2,"minecraft:quartz_pillar":1,"minecraft:command_block":21,"minecraft:oak_stairs":2,"minecraft:grass_block":33,"minecraft:blue_orchid":2,"minecraft:slime_block":18,"minecraft:stone_button":1,"minecraft:quartz_block":29,"minecraft:stone_slab":295,"minecraft:gravel":18,"minecraft:barrel":3,"minecraft:polished_andesite_slab":7,"minecraft:bedrock":84,"minecraft:birch_button":2,"minecraft:repeater":22,"minecraft:bow":3,"minecraft:snow":19,"minecraft:gray_glazed_terracotta":24,"minecraft:furnace":7,"minecraft:andesite":1,"minecraft:chain_command_block":6,"minecraft:grass_path":5,"minecraft:gold_block":37,"minecraft:repeating_command_block":51,"minecraft:stone_pressure_plate":4,"minecraft:dead_brain_coral_fan":1,"minecraft:brown_mushroom_block":3,"minecraft:bone_meal":36,"minecraft:dead_bubble_coral_fan":1,"minecraft:stripped_spruce_wood":1},"minecraft:dropped":{"minecraft:orange_dye":126,"minecraft:lime_dye":126,"minecraft:purple_dye":63,"minecraft:firework_star":2,"minecraft:snow":1,"minecraft:grass":1,"minecraft:blue_dye":126,"minecraft:gunpowder":102,"minecraft:yellow_dye":252,"minecraft:red_dye":126,"minecraft:paper":116,"minecraft:redstone_block":1,"minecraft:firework_rocket":63},"minecraft:picked_up":{"minecraft:purple_dye":63,"minecraft:firework_star":1,"minecraft:redstone_block":1,"minecraft:yellow_dye":126,"minecraft:gunpowder":102,"minecraft:paper":58,"minecraft:snow":1,"minecraft:red_dye":63,"minecraft:orange_dye":63,"minecraft:firework_rocket":1551,"minecraft:lime_dye":63,"minecraft:blue_dye":63,"minecraft:grass":1},"minecraft:crafted":{"minecraft:firework_star":7,"minecraft:firework_rocket":18}},"DataVersion":2230}