{"stats":{"minecraft:used":{"minecraft:structure_block":3,"minecraft:bedrock":3,"minecraft:item_frame":11,"minecraft:oak_fence":16,"minecraft:debug_stick":42,"minecraft:green_carpet":5,"minecraft:jungle_wood":42,"minecraft:jungle_leaves":119,"minecraft:oxeye_daisy":1,"minecraft:dirt":1,"minecraft:sand":39,"minecraft:cocoa_beans":2,"minecraft:command_block":27,"minecraft:jungle_fence":1,"minecraft:grass_path":10,"minecraft:grass_block":59,"minecraft:jungle_planks":12,"minecraft:poppy":1,"minecraft:oak_button":2,"minecraft:cobblestone_wall":2,"minecraft:oak_sign":3,"minecraft:map":1,"minecraft:jungle_log":1,"minecraft:gold_block":3,"minecraft:ender_pearl":1,"minecraft:dandelion":2,"minecraft:bone_meal":4,"minecraft:grass":9,"minecraft:wooden_shovel":12,"minecraft:player_head":3},"minecraft:custom":{"minecraft:time_since_rest":112263,"minecraft:crouch_one_cm":884,"minecraft:play_one_minute":112263,"minecraft:sprint_one_cm":42948,"minecraft:walk_one_cm":48008,"minecraft:sneak_time":2566,"minecraft:walk_under_water_one_cm":582,"minecraft:jump":550,"minecraft:leave_game":9,"minecraft:walk_on_water_one_cm":9745,"minecraft:time_since_death":112263,"minecraft:damage_resisted":120,"minecraft:swim_one_cm":386,"minecraft:fall_one_cm":5609,"minecraft:fly_one_cm":819434}},"DataVersion":2584}