{"stat.walkOneCm":172781,"stat.useItem.minecraft.stone_slab":280,"stat.useItem.minecraft.torch":5,"achievement.openInventory":38,"stat.useItem.minecraft.stone":287,"stat.leaveGame":3,"stat.useItem.minecraft.log2":38,"stat.damageTaken":680,"stat.useItem.minecraft.dark_oak_fence":59,"stat.useItem.minecraft.stonebrick":245,"stat.useItem.minecraft.dye":19,"stat.pickup.minecraft.dye":2,"stat.useItem.minecraft.glowstone":4,"stat.drop.minecraft.stone_slab":1,"stat.flyOneCm":618497,"stat.deaths":1,"stat.useItem.minecraft.mossy_cobblestone":67,"stat.drop":5,"stat.jump":1273,"stat.swimOneCm":15262,"stat.useItem.minecraft.double_plant":11,"stat.playOneMinute":150745,"stat.fallOneCm":33569,"stat.climbOneCm":7069,"stat.drop.minecraft.dye":2,"stat.useItem.minecraft.sea_lantern":70,"stat.useItem.minecraft.ladder":1,"stat.sneakTime":6250,"stat.damageDealt":85,"stat.drop.minecraft.sea_lantern":2,"stat.crouchOneCm":15689,"stat.timeSinceDeath":146568,"stat.pickup.minecraft.stone_slab":1,"stat.useItem.minecraft.dirt":213,"stat.sprintOneCm":199497,"stat.useItem.minecraft.stained_glass":72,"stat.useItem.minecraft.tallgrass":49,"stat.useItem.minecraft.wooden_slab":18,"achievement.exploreAllBiomes":{"value":0,"progress":["Plains"]},"stat.useItem.minecraft.light_blue_glazed_terracotta":3,"stat.diveOneCm":20040}