{"stat.chestOpened":8,"stat.walkOneCm":42571,"stat.useItem.minecraft.torch":1,"stat.useItem.minecraft.stone":11,"stat.leaveGame":5,"stat.furnaceInteraction":7,"stat.jump":182,"stat.swimOneCm":354,"stat.fallOneCm":484,"stat.climbOneCm":457,"stat.crouchOneCm":1502,"stat.useItem.minecraft.dirt":9,"stat.useItem.minecraft.leaves":1,"stat.sprintOneCm":42180,"stat.useItem.minecraft.tallgrass":4,"stat.craftingTableInteraction":2,"stat.useItem.minecraft.bed":36,"stat.aviateOneCm":55408,"stat.flyOneCm":448227,"stat.playOneMinute":35725,"stat.useItem.minecraft.diamond_ore":2,"stat.sneakTime":967,"stat.useItem.minecraft.snow_layer":76,"stat.timeSinceDeath":35725,"stat.useItem.minecraft.sign":2,"stat.diveOneCm":2757}