{"stat.chestOpened":1,"stat.walkOneCm":187207,"stat.playerKills":1,"achievement.openInventory":6,"stat.leaveGame":1,"stat.damageTaken":11519,"stat.useItem.minecraft.diamond_axe":2,"stat.pickup.minecraft.stone_axe":2,"stat.aviateOneCm":341147,"stat.flyOneCm":419226,"stat.deaths":13,"stat.drop":3,"stat.jump":2215,"stat.swimOneCm":34361,"stat.playOneMinute":94483,"stat.climbOneCm":15472,"stat.fallOneCm":170381,"stat.sneakTime":19496,"stat.useItem.minecraft.stone_axe":16,"stat.damageDealt":741,"stat.drop.minecraft.stone_axe":3,"stat.crouchOneCm":74571,"stat.timeSinceDeath":3963,"stat.sprintOneCm":321399,"achievement.exploreAllBiomes":{"value":0,"progress":["Plains"]},"stat.diveOneCm":7794,"stat.useItem.minecraft.fireworks":26}