{"stat.walkOneCm":280421,"stat.useItem.minecraft.torch":6,"stat.useItem.minecraft.stone":187,"stat.leaveGame":1,"stat.useItem.minecraft.log":43,"stat.useItem.minecraft.oak_stairs":2,"stat.useItem.minecraft.cobblestone":33,"stat.drop.minecraft.ladder":1,"stat.useItem.minecraft.lava_bucket":4,"stat.useItem.minecraft.dark_oak_stairs":2,"stat.pickup.minecraft.wooden_button":1,"stat.minecartOneCm":4336,"stat.jump":1199,"stat.swimOneCm":4340,"stat.climbOneCm":6533,"stat.fallOneCm":29869,"stat.useItem.minecraft.planks":145,"stat.useItem.minecraft.sea_lantern":1,"stat.drop.minecraft.wooden_button":1,"stat.useItem.minecraft.spruce_stairs":17,"stat.crouchOneCm":38442,"stat.useItem.minecraft.spruce_fence":7,"stat.useItem.minecraft.dirt":109,"stat.useItem.minecraft.trapdoor":7,"stat.sprintOneCm":151817,"stat.useItem.minecraft.stained_glass":8,"stat.useItem.minecraft.tallgrass":4,"achievement.exploreAllBiomes":{"value":0,"progress":["Plains"]},"stat.useItem.minecraft.fence":1,"stat.useItem.minecraft.concrete":1,"stat.useItem.minecraft.stone_stairs":25,"stat.useItem.minecraft.glass_pane":3,"stat.useItem.minecraft.water_bucket":20,"stat.useItem.minecraft.prismarine":62,"stat.useItem.minecraft.red_flower":7,"stat.useItem.minecraft.stone_slab":34,"achievement.openInventory":78,"stat.damageTaken":988,"stat.useItem.minecraft.wooden_button":1,"stat.useItem.minecraft.dark_oak_fence":13,"stat.entityKilledBy.VindicationIllager":1,"stat.useItem.minecraft.wooden_pressure_plate":1,"stat.useItem.minecraft.stonebrick":202,"stat.useItem.minecraft.dye":10,"stat.useItem.minecraft.wooden_door":1,"stat.flyOneCm":570620,"stat.deaths":1,"stat.drop":2,"stat.playOneMinute":136286,"stat.useItem.minecraft.ladder":7,"stat.sneakTime":12921,"stat.damageDealt":20,"stat.useItem.minecraft.wool":140,"stat.useItem.minecraft.snow_layer":63,"stat.timeSinceDeath":2054,"stat.useItem.minecraft.wooden_slab":30,"stat.diveOneCm":5727}