{"stats":{"minecraft:used":{"minecraft:birch_fence":1,"minecraft:oak_fence":17,"minecraft:peony":1,"minecraft:wheat_seeds":12,"minecraft:sea_lantern":1,"minecraft:water_bucket":2,"minecraft:jungle_leaves":3,"minecraft:red_sandstone":2,"minecraft:red_sand":8,"minecraft:firework_rocket":2,"minecraft:daylight_detector":9,"minecraft:snow_block":2,"minecraft:command_block":1,"minecraft:redstone_ore":2,"minecraft:spruce_wood":2,"minecraft:grass_block":23,"minecraft:light_weighted_pressure_plate":1,"minecraft:dispenser":1,"minecraft:prismarine":37,"minecraft:slime_block":1,"minecraft:jungle_fence":1,"minecraft:ladder":2,"minecraft:oak_sign":1,"minecraft:light_blue_terracotta":1,"minecraft:wet_sponge":1,"minecraft:chest":12,"minecraft:red_terracotta":2,"minecraft:light_blue_bed":1,"minecraft:stone":7,"minecraft:grass":611,"minecraft:player_head":1,"minecraft:lilac":2,"minecraft:farmland":1,"minecraft:netherrack":3,"minecraft:debug_stick":66,"minecraft:orange_bed":1,"minecraft:torch":11,"minecraft:lime_terracotta":2,"minecraft:dirt":8,"minecraft:honeycomb_block":2,"minecraft:sand":12,"minecraft:terracotta":4,"minecraft:dark_oak_fence":3,"minecraft:red_bed":1,"minecraft:furnace":23,"minecraft:magenta_bed":2,"minecraft:nether_bricks":4,"minecraft:podzol":6,"minecraft:grass_path":2,"minecraft:acacia_fence":3,"minecraft:ice":3,"minecraft:repeating_command_block":2,"minecraft:yellow_bed":2,"minecraft:stone_pressure_plate":1,"minecraft:potato":10,"minecraft:white_concrete":4,"minecraft:spruce_fence":5,"minecraft:end_stone":4,"minecraft:azure_bluet":3,"minecraft:bone_meal":37,"minecraft:mushroom_stem":4},"minecraft:custom":{"minecraft:time_since_rest":3162,"minecraft:interact_with_furnace":19,"minecraft:sprint_one_cm":225142,"minecraft:damage_taken":3170,"minecraft:walk_one_cm":85721,"minecraft:swim_one_cm":6317,"minecraft:fly_one_cm":2119217,"minecraft:open_chest":20,"minecraft:play_one_minute":274672,"minecraft:crouch_one_cm":4086,"minecraft:deaths":9,"minecraft:sneak_time":5535,"minecraft:walk_under_water_one_cm":5061,"minecraft:aviate_one_cm":591711,"minecraft:jump":1482,"minecraft:leave_game":14,"minecraft:time_since_death":3162,"minecraft:walk_on_water_one_cm":6727,"minecraft:climb_one_cm":4785,"minecraft:fall_one_cm":26574,"minecraft:inspect_dispenser":15},"minecraft:mined":{"minecraft:red_bed":6,"minecraft:orange_bed":1}},"DataVersion":2230}